/* PE raw section from /tmp/oggre_partial.bin, VMA 0x1000 */
static const unsigned char kPeImageInit[91212] = {
  0x83,0xec,0x0c,0x8b,0x44,0x24,0x10,0x83,0xf8,0x01,0x74,0x47,0x83,0xf8,0x02,0x74,
  0x42,0x83,0xf8,0x03,0x75,0x09,0xb8,0xfa,0xff,0xff,0xff,0x83,0xc4,0x0c,0xc3,0x83,
  0xf8,0x04,0x74,0x09,0xb8,0xfe,0xff,0xff,0xff,0x83,0xc4,0x0c,0xc3,0x8b,0x54,0x24,
  0x18,0x8d,0x0c,0x24,0x8b,0x44,0x24,0x14,0x89,0x51,0x04,0x8b,0xd1,0x89,0x01,0xc7,
  0x41,0x08,0x00,0x00,0x00,0x00,0xe8,0x07,0x00,0x00,0x5c,0x8b,0x44,0x24,0x08,0x83,
  0xc4,0x0c,0xc3,0x33,0xc0,0x83,0xc4,0x0c,0xc3,0x0f,0x1f,0x80,0x00,0x00,0x00,0x00,
  0x55,0x8b,0xec,0x83,0xe4,0xf0,0x56,0x57,0x53,0x81,0xec,0xd4,0x01,0x00,0x00,0x8b,
  0xd9,0xf3,0x0f,0x6f,0x2d,0x00,0x02,0xd2,0x60,0xf3,0x0f,0x6f,0x05,0x00,0x02,0xd2,
  0x70,0x33,0xc0,0x89,0x94,0x24,0x8c,0x01,0x00,0x00,0x66,0x0f,0xfa,0xc5,0xf3,0x0f,
  0x6f,0x15,0x00,0x02,0xd2,0x30,0xf3,0x0f,0x6f,0x25,0x00,0x02,0xd2,0x40,0xf3,0x0f,
  0x6f,0x1d,0x00,0x02,0xd2,0x50,0x66,0x0f,0x6f,0xcc,0x66,0x0f,0x6f,0xf8,0x66,0x0f,
  0x72,0xf1,0x18,0x66,0x0f,0xfe,0xe2,0x66,0x0f,0x6f,0xf1,0x66,0x0f,0x72,0xf1,0x01,
  0x66,0x0f,0xfa,0xf5,0x66,0x0f,0x66,0xfe,0x66,0x0f,0x76,0xf6,0x66,0x0f,0xef,0xfe,
  0x66,0x0f,0x6f,0xf0,0x66,0x0f,0xdb,0xfb,0x66,0x0f,0xef,0xcf,0x66,0x0f,0x6f,0xf9,
  0x66,0x0f,0x72,0xf1,0x01,0x66,0x0f,0xfa,0xfd,0x66,0x0f,0x66,0xf7,0x66,0x0f,0x76,
  0xff,0x66,0x0f,0xef,0xf7,0x66,0x0f,0x6f,0xf8,0x66,0x0f,0xdb,0xf3,0x66,0x0f,0xef,
  0xce,0x66,0x0f,0x6f,0xf1,0x66,0x0f,0x72,0xf1,0x01,0x66,0x0f,0xfa,0xf5,0x66,0x0f,
  0x66,0xfe,0x66,0x0f,0x76,0xf6,0x66,0x0f,0xef,0xfe,0x66,0x0f,0x6f,0xf0,0x66,0x0f,
  0xdb,0xfb,0x66,0x0f,0xef,0xcf,0x66,0x0f,0x6f,0xf9,0x66,0x0f,0x72,0xf1,0x01,0x66,
  0x0f,0xfa,0xfd,0x66,0x0f,0x66,0xf7,0x66,0x0f,0x76,0xff,0x66,0x0f,0xef,0xf7,0x66,
  0x0f,0x6f,0xf8,0x66,0x0f,0xdb,0xf3,0x66,0x0f,0xef,0xce,0x66,0x0f,0x6f,0xf1,0x66,
  0x0f,0x72,0xf1,0x01,0x66,0x0f,0xfa,0xf5,0x66,0x0f,0x66,0xfe,0x66,0x0f,0x76,0xf6,
  0x66,0x0f,0xef,0xfe,0x66,0x0f,0x6f,0xf0,0x66,0x0f,0xdb,0xfb,0x66,0x0f,0xef,0xcf,
  0x66,0x0f,0x6f,0xf9,0x66,0x0f,0x72,0xf1,0x01,0x66,0x0f,0xfa,0xfd,0x66,0x0f,0x66,
  0xf7,0x66,0x0f,0x76,0xff,0x66,0x0f,0xef,0xf7,0x66,0x0f,0x6f,0xf8,0x66,0x0f,0xdb,
  0xf3,0x66,0x0f,0xef,0xce,0x66,0x0f,0x6f,0xf1,0x66,0x0f,0x72,0xf1,0x01,0x66,0x0f,
  0xfa,0xf5,0x66,0x0f,0x66,0xfe,0x66,0x0f,0x76,0xf6,0x66,0x0f,0xef,0xfe,0x66,0x0f,
  0x6f,0xf0,0x66,0x0f,0xdb,0xfb,0x66,0x0f,0xef,0xcf,0x66,0x0f,0x6f,0xf9,0x66,0x0f,
  0x72,0xf1,0x01,0x66,0x0f,0xfa,0xfd,0x66,0x0f,0x66,0xf7,0x66,0x0f,0x76,0xff,0x66,
  0x0f,0xef,0xf7,0x66,0x0f,0xdb,0xf3,0x66,0x0f,0xef,0xce,0xf3,0x0f,0x7f,0x0c,0x85,
  0x00,0x03,0x91,0xe0,0x83,0xc0,0x04,0x3d,0x00,0x01,0x00,0x00,0x0f,0x82,0xb4,0xfe,
  0xff,0xff,0x68,0x30,0x07,0x00,0x00,0xe8,0x07,0x02,0x43,0x0a,0x8b,0xf8,0x68,0x00,
  0xe0,0x06,0x00,0xe8,0x07,0x02,0x43,0x0a,0x89,0x84,0x24,0xa0,0x01,0x00,0x00,0x83,
  0xc4,0x08,0xba,0x37,0x00,0x00,0x00,0x8b,0xc8,0xe8,0x07,0x01,0xd5,0x9c,0x68,0x00,
  0x00,0x10,0x00,0xe8,0x07,0x02,0x43,0x0a,0x89,0x84,0x24,0x94,0x01,0x00,0x00,0x68,
  0x00,0x04,0x00,0x00,0xe8,0x07,0x02,0x43,0x0a,0x89,0x84,0x24,0x9c,0x01,0x00,0x00,
  0xf3,0x0f,0x6f,0x05,0x00,0x02,0xd2,0x80,0xb8,0x00,0x80,0x00,0x00,0x66,0x0f,0xef,
  0xc9,0xf3,0x0f,0x7f,0x84,0x24,0xe8,0x00,0x00,0x00,0xf3,0x0f,0x7f,0x84,0x24,0xf8,
  0x00,0x00,0x00,0xc7,0x84,0x24,0x90,0x01,0x00,0x00,0x00,0x00,0x00,0x00,0x66,0x89,
  0x84,0x24,0x08,0x01,0x00,0x00,0x66,0x89,0x84,0x24,0x0a,0x01,0x00,0x00,0x0f,0x11,
  0x8c,0x24,0x38,0x01,0x00,0x00,0x66,0x0f,0x7e,0x8c,0x24,0x48,0x01,0x00,0x00,0xc7,
  0x84,0x24,0x6c,0x01,0x00,0x00,0x0c,0x00,0x00,0x00,0x8d,0x84,0x24,0x88,0x01,0x00,
  0x00,0xc7,0x40,0xec,0x01,0x00,0x00,0x00,0xc7,0x40,0xe8,0x07,0x00,0x02,0xab,0x6a,
  0x06,0x50,0x68,0x00,0x10,0x00,0x00,0xff,0x73,0x04,0xff,0x13,0x83,0xc4,0x18,0x81,
  0xbc,0x24,0x80,0x01,0x00,0x00,0x4f,0x47,0x47,0x52,0x75,0x0d,0x0f,0xb7,0x84,0x24,
  0x84,0x01,0x00,0x00,0x83,0xf8,0x45,0x74,0x12,0xb8,0xff,0xff,0xff,0xff,0x81,0xc4,
  0xd4,0x01,0x00,0x00,0x5b,0x5f,0x5e,0x8b,0xe5,0x5d,0xc3,0x6a,0x01,0x8d,0x84,0x24,
  0x84,0x01,0x00,0x00,0x50,0x68,0x00,0x10,0x00,0x00,0xff,0x73,0x04,0xff,0x13,0x83,
  0xc4,0x10,0x0f,0xb6,0x84,0x24,0x80,0x01,0x00,0x00,0x8b,0xd0,0x83,0xe2,0x07,0x83,
  0xe0,0x08,0x89,0x94,0x24,0xc0,0x00,0x00,0x00,0x89,0x84,0x24,0xbc,0x00,0x00,0x00,
  0x83,0xfa,0x03,0x77,0xb4,0x8b,0xca,0xb8,0x01,0x00,0x00,0x00,0x83,0xc1,0x04,0x8d,
  0x94,0x24,0x30,0x01,0x00,0x00,0xd3,0xe0,0x89,0x4a,0x90,0x89,0x82,0x50,0xff,0xff,
  0xff,0x51,0x50,0x8d,0x8c,0x24,0x90,0x01,0x00,0x00,0xe8,0x07,0x01,0xd8,0x6c,0xba,
  0x00,0x00,0x04,0x00,0x8d,0x8c,0x24,0xc4,0x00,0x00,0x00,0xe8,0x07,0x01,0xd7,0xfc,
  0xba,0x00,0x01,0x00,0x00,0x8d,0x8c,0x24,0xc4,0x00,0x00,0x00,0xe8,0x07,0x01,0xd8,
  0x1c,0xba,0x00,0x00,0x02,0x00,0x8d,0x4c,0x24,0x4c,0xe8,0x07,0x01,0xd7,0xfc,0xba,
  0x00,0x01,0x00,0x00,0x8d,0x4c,0x24,0x4c,0xe8,0x07,0x01,0xd8,0x1c,0xb8,0x01,0x00,
  0x00,0x00,0x89,0x5c,0x24,0x44,0xc7,0x44,0x24,0x10,0x00,0x00,0x08,0x00,0xc7,0x44,
  0x24,0x18,0x00,0x00,0x00,0x00,0xc7,0x44,0x24,0x1c,0x03,0x00,0x00,0x00,0x88,0x44,
  0x24,0x20,0x88,0x44,0x24,0x21,0x88,0x44,0x24,0x22,0xc6,0x44,0x24,0x23,0x00,0x6a,
  0x04,0x68,0x00,0x30,0x00,0x00,0x68,0x00,0x00,0x20,0x00,0x6a,0x00,0xff,0x15,0x00,
  0x02,0xd0,0x18,0x8b,0xd0,0x89,0x54,0x24,0x14,0x8d,0xb2,0x00,0x00,0x08,0x00,0x89,
  0x54,0x24,0x24,0x8d,0x82,0x00,0x00,0x10,0x00,0x81,0xc2,0x00,0x00,0x18,0x00,0x89,
  0x54,0x24,0x30,0x33,0xd2,0x89,0x74,0x24,0x28,0x89,0x44,0x24,0x2c,0x33,0xc0,0x52,
  0x52,0x50,0x50,0xff,0x15,0x00,0x02,0xd0,0x14,0x89,0x44,0x24,0x34,0x33,0xc0,0x50,
  0x50,0x50,0x50,0xff,0x15,0x00,0x02,0xd0,0x14,0x89,0x44,0x24,0x38,0x8d,0x44,0x24,
  0x64,0xc6,0x40,0xd8,0x00,0x8d,0x54,0x24,0x10,0xc6,0x40,0xd9,0x00,0x8d,0x9c,0x24,
  0x64,0x01,0x00,0x00,0xc7,0x40,0xe4,0x00,0x00,0x00,0x00,0x50,0x6a,0x00,0x52,0x68,
  0x00,0x01,0x8f,0x50,0x6a,0x00,0x53,0xff,0x15,0x00,0x02,0xd0,0x10,0x89,0x44,0x24,
  0x6c,0x8b,0x5c,0x24,0x10,0x85,0xdb,0x7c,0x77,0x81,0xfb,0x00,0x00,0x08,0x00,0x0f,
  0x8c,0x87,0x00,0x00,0x00,0x89,0xbc,0x24,0xb8,0x00,0x00,0x00,0x8b,0x74,0x24,0x1c,
  0xc6,0x44,0x34,0x20,0x00,0x46,0x83,0xe6,0x03,0x89,0x74,0x24,0x1c,0x8b,0x44,0xb4,
  0x24,0x89,0x44,0x24,0x14,0x80,0x7c,0x34,0x20,0x02,0x73,0x13,0x6a,0xff,0xff,0x74,
  0x24,0x38,0xff,0x15,0x00,0x02,0xd0,0x0c,0x80,0x7c,0x34,0x20,0x02,0x72,0xed,0x46,
  0x83,0xe6,0x03,0x80,0x7c,0x34,0x20,0x00,0x75,0x0f,0xc6,0x44,0x34,0x20,0x01,0xff,
  0x74,0x24,0x38,0xff,0x15,0x00,0x02,0xd0,0x08,0x81,0xc3,0x00,0x00,0xf8,0xff,0x81,
  0xfb,0x00,0x00,0x08,0x00,0x7d,0xa5,0x8b,0xbc,0x24,0xb8,0x00,0x00,0x00,0xeb,0x1c,
  0x8b,0x44,0x24,0x1c,0x81,0xc3,0x00,0x00,0x08,0x00,0x83,0xc0,0x03,0x83,0xe0,0x03,
  0x89,0x44,0x24,0x1c,0x8b,0x54,0x84,0x24,0x89,0x54,0x24,0x14,0x89,0x5c,0x24,0x10,
  0x8d,0x4c,0x24,0x10,0x8d,0x54,0x24,0x68,0xe8,0x07,0x01,0x8a,0xac,0x89,0x44,0x24,
  0x70,0xff,0x74,0x24,0x68,0x8b,0xd0,0x8d,0x8c,0x24,0x08,0x01,0x00,0x00,0xe8,0x07,
  0x01,0xd5,0x3c,0x8b,0xcf,0x8d,0x84,0x24,0xc4,0x00,0x00,0x00,0x8d,0x94,0x24,0xe0,
  0x00,0x00,0x00,0x50,0x8d,0x5c,0x24,0x50,0x53,0x8d,0xb4,0x24,0x38,0x01,0x00,0x00,
  0x56,0xff,0xb4,0x24,0x94,0x01,0x00,0x00,0xff,0xb4,0x24,0xa4,0x01,0x00,0x00,0xff,
  0xb4,0x24,0xa4,0x01,0x00,0x00,0xff,0xb4,0x24,0xb0,0x01,0x00,0x00,0x8d,0x44,0x24,
  0x2c,0x50,0x52,0x8d,0x94,0x24,0x28,0x01,0x00,0x00,0xe8,0x07,0x01,0xd9,0xdc,0x33,
  0xf6,0x8d,0x47,0x44,0x89,0x84,0x24,0xac,0x00,0x00,0x00,0x89,0xb4,0x24,0x9c,0x00,
  0x00,0x00,0x8d,0x57,0x24,0x89,0x94,0x24,0x98,0x00,0x00,0x00,0x8d,0x47,0x6c,0x89,
  0x84,0x24,0x94,0x00,0x00,0x00,0x89,0xb4,0x24,0x7c,0x01,0x00,0x00,0x89,0xbc,0x24,
  0xb8,0x00,0x00,0x00,0x8b,0xb4,0x24,0x98,0x01,0x00,0x00,0x8b,0x84,0x24,0x7c,0x01,
  0x00,0x00,0x8d,0x8c,0x24,0x04,0x01,0x00,0x00,0x8d,0x94,0x44,0xe0,0x00,0x00,0x00,
  0xe8,0x07,0x00,0x28,0xbc,0x89,0x84,0x24,0x7c,0x01,0x00,0x00,0x83,0xbc,0x24,0x7c,
  0x01,0x00,0x00,0x00,0x0f,0x84,0xe5,0x0c,0x00,0x00,0x8d,0x8c,0x24,0x04,0x01,0x00,
  0x00,0x8d,0x94,0x24,0xe4,0x00,0x00,0x00,0xe8,0x07,0x00,0x28,0xbc,0x85,0xc0,0x0f,
  0x84,0xd4,0x05,0x00,0x00,0x0f,0xb6,0x9e,0x08,0x80,0x06,0x00,0x8d,0x8c,0x24,0x04,
  0x01,0x00,0x00,0x8d,0x94,0x5e,0x0c,0x80,0x06,0x00,0xe8,0x07,0x00,0x28,0xbc,0x8b,
  0xd0,0x8d,0x04,0x5a,0x83,0xe0,0x03,0x88,0x86,0x08,0x80,0x06,0x00,0x85,0xd2,0x0f,
  0x84,0xf9,0x00,0x00,0x00,0x0f,0xb6,0x9e,0x0a,0x80,0x06,0x00,0x8d,0x8c,0x24,0x04,
  0x01,0x00,0x00,0xc1,0xe3,0x06,0x8d,0x9c,0x33,0x34,0x80,0x06,0x00,0x8d,0x53,0x02,
  0xe8,0x07,0x00,0x28,0xbc,0x8d,0x44,0x00,0x04,0x89,0x84,0x24,0x54,0x01,0x00,0x00,
  0x8d,0x14,0x03,0x8d,0x8c,0x24,0x04,0x01,0x00,0x00,0xe8,0x07,0x00,0x28,0xbc,0x8b,
  0xf8,0x03,0xbc,0x24,0x54,0x01,0x00,0x00,0x8d,0x8c,0x24,0x04,0x01,0x00,0x00,0x8d,
  0x14,0x7b,0xe8,0x07,0x00,0x28,0xbc,0x8d,0x3c,0x78,0x8d,0x14,0x7b,0x8d,0x8c,0x24,
  0x04,0x01,0x00,0x00,0xe8,0x07,0x00,0x28,0xbc,0x8d,0x3c,0x78,0x8d,0x14,0x7b,0x8d,
  0x8c,0x24,0x04,0x01,0x00,0x00,0xe8,0x07,0x00,0x28,0xbc,0xbb,0x01,0x00,0x00,0x00,
  0x8d,0x0c,0x78,0x83,0xe1,0x1f,0x8d,0x41,0x01,0x7e,0x77,0xc7,0x84,0x24,0x2c,0x01,
  0x00,0x00,0x00,0x00,0x00,0x00,0x8b,0xfb,0x89,0x84,0x24,0x44,0x01,0x00,0x00,0x8d,
  0x94,0xce,0x0c,0x80,0x06,0x00,0x89,0x94,0x24,0xa4,0x01,0x00,0x00,0x89,0x8c,0x24,
  0x9c,0x01,0x00,0x00,0x8b,0xb4,0x24,0x2c,0x01,0x00,0x00,0x8b,0x84,0x24,0xa4,0x01,
  0x00,0x00,0x8d,0x8c,0x24,0x04,0x01,0x00,0x00,0x8d,0x94,0x78,0x28,0x08,0x00,0x00,
  0xe8,0x07,0x00,0x28,0xbc,0x46,0x8d,0x1c,0x58,0x8d,0x04,0x78,0x83,0xe0,0x03,0x83,
  0xff,0x02,0x0f,0x42,0xf8,0x3b,0xb4,0x24,0x9c,0x01,0x00,0x00,0x72,0xcd,0x8b,0x84,
  0x24,0x44,0x01,0x00,0x00,0x8b,0xb4,0x24,0x98,0x01,0x00,0x00,0xeb,0x04,0x33,0xc0,
  0x33,0xdb,0x88,0x86,0x0a,0x80,0x06,0x00,0x8d,0x8c,0x24,0x04,0x01,0x00,0x00,0x8b,
  0x41,0xd0,0x2b,0xc3,0x0f,0xb6,0x9e,0x08,0x60,0x00,0x00,0xc1,0xe0,0x04,0x89,0x41,
  0x6c,0x8d,0x94,0x5e,0x0c,0x60,0x00,0x00,0xe8,0x07,0x00,0x28,0xbc,0x8b,0xd0,0x8d,
  0x04,0x5a,0x83,0xe0,0x03,0x88,0x86,0x08,0x60,0x00,0x00,0x85,0xd2,0x0f,0x84,0x71,
  0x01,0x00,0x00,0x0f,0xb6,0x86,0x09,0x60,0x00,0x00,0x8d,0x8c,0x24,0x04,0x01,0x00,
  0x00,0x89,0x41,0x58,0x8d,0x94,0x46,0x14,0x60,0x00,0x00,0xe8,0x07,0x00,0x28,0xbc,
  0x8b,0xd8,0x8b,0xbc,0x24,0x5c,0x01,0x00,0x00,0x8d,0x8c,0x24,0x04,0x01,0x00,0x00,
  0x0f,0xb6,0x96,0x0a,0x60,0x00,0x00,0xc1,0xe2,0x06,0x8d,0x04,0x7b,0x83,0xe0,0x03,
  0x88,0x86,0x09,0x60,0x00,0x00,0x8d,0x84,0x32,0x34,0x60,0x00,0x00,0x89,0x41,0x5c,
  0x8d,0x50,0x02,0xe8,0x07,0x00,0x28,0xbc,0x8d,0x7c,0x00,0x04,0x8b,0x84,0x24,0x60,
  0x01,0x00,0x00,0x89,0xbc,0x24,0x4c,0x01,0x00,0x00,0x8d,0x8c,0x24,0x04,0x01,0x00,
  0x00,0x8d,0x14,0x38,0xe8,0x07,0x00,0x28,0xbc,0x8b,0xf8,0x8d,0x8c,0x24,0x04,0x01,
  0x00,0x00,0x03,0x79,0x48,0x8b,0x41,0x5c,0x8d,0x14,0x78,0xe8,0x07,0x00,0x28,0xbc,
  0x8b,0xd0,0x8b,0xc7,0x8d,0x8c,0x24,0x04,0x01,0x00,0x00,0x8b,0x79,0x5c,0x8d,0x04,
  0x42,0x89,0x41,0x4c,0x8d,0x14,0x47,0xe8,0x07,0x00,0x28,0xbc,0x8b,0xd0,0x8b,0x84,
  0x24,0x50,0x01,0x00,0x00,0x8d,0x8c,0x24,0x04,0x01,0x00,0x00,0x8d,0x04,0x42,0x89,
  0x41,0x54,0x8d,0x14,0x47,0xe8,0x07,0x00,0x28,0xbc,0x8b,0xd0,0x8b,0x84,0x24,0x58,
  0x01,0x00,0x00,0x8d,0x0c,0x42,0xba,0x01,0x00,0x00,0x00,0x83,0xe1,0x1f,0x8b,0xfa,
  0x8d,0x41,0x01,0x0f,0x8e,0x81,0x00,0x00,0x00,0xc7,0x84,0x24,0x28,0x01,0x00,0x00,
  0x01,0x00,0x00,0x00,0xc7,0x84,0x24,0x24,0x01,0x00,0x00,0x00,0x00,0x00,0x00,0x89,
  0x9c,0x24,0xb4,0x01,0x00,0x00,0x89,0x84,0x24,0x48,0x01,0x00,0x00,0x89,0x8c,0x24,
  0xa0,0x01,0x00,0x00,0x8b,0x9c,0x24,0x24,0x01,0x00,0x00,0x8b,0xb4,0x24,0x28,0x01,
  0x00,0x00,0x8b,0x84,0x24,0x98,0x01,0x00,0x00,0x8d,0x8c,0x24,0x04,0x01,0x00,0x00,
  0x8d,0x94,0x70,0x34,0x68,0x00,0x00,0xe8,0x07,0x00,0x28,0xbc,0x43,0x8d,0x3c,0x78,
  0x8d,0x04,0x70,0x83,0xe0,0x0f,0x83,0xfe,0x08,0x0f,0x42,0xf0,0x3b,0x9c,0x24,0xa0,
  0x01,0x00,0x00,0x72,0xcd,0x8b,0x9c,0x24,0xb4,0x01,0x00,0x00,0x8b,0x84,0x24,0x48,
  0x01,0x00,0x00,0x8b,0xb4,0x24,0x98,0x01,0x00,0x00,0x8b,0xd3,0xf7,0xda,0x33,0xfa,
  0x03,0xdf,0xeb,0x04,0x33,0xc0,0x33,0xdb,0x03,0x9e,0x00,0x60,0x00,0x00,0x88,0x86,
  0x0a,0x60,0x00,0x00,0x89,0x9e,0x00,0x60,0x00,0x00,0x8b,0x94,0x24,0x70,0x01,0x00,
  0x00,0x83,0xc2,0xf0,0x8b,0xbc,0x24,0xd0,0x00,0x00,0x00,0x8b,0x84,0x24,0xc4,0x00,
  0x00,0x00,0x89,0x94,0x24,0x70,0x01,0x00,0x00,0x03,0x04,0x3a,0x8b,0x54,0x3a,0x04,
  0x89,0x94,0x24,0xb0,0x01,0x00,0x00,0x8b,0x15,0x00,0x03,0x93,0x1c,0x89,0xbc,0x24,
  0x78,0x01,0x00,0x00,0x8b,0xfa,0xc1,0xea,0x18,0x83,0xf2,0x67,0xc1,0xe7,0x08,0x89,
  0x84,0x24,0x74,0x01,0x00,0x00,0x89,0x9c,0x24,0xb4,0x01,0x00,0x00,0x33,0x3c,0x95,
  0x00,0x03,0x91,0xe0,0x8b,0xd7,0xc1,0xef,0x18,0x83,0xf7,0x67,0xc1,0xe2,0x08,0x33,
  0x14,0xbd,0x00,0x03,0x91,0xe0,0x8b,0xfa,0xc1,0xea,0x18,0x83,0xf2,0x53,0xc1,0xe7,
  0x08,0x33,0x3c,0x95,0x00,0x03,0x91,0xe0,0x8b,0xd7,0xc1,0xef,0x18,0xc1,0xe2,0x08,
  0x33,0x14,0xbd,0x00,0x03,0x91,0xe0,0x8b,0xfa,0xc1,0xe7,0x08,0xc1,0xea,0x18,0x89,
  0x94,0x24,0xb8,0x01,0x00,0x00,0x89,0xbc,0x24,0xbc,0x01,0x00,0x00,0x0f,0xb6,0x48,
  0x05,0x33,0x8c,0x24,0xb8,0x01,0x00,0x00,0x8b,0x94,0x24,0xb4,0x01,0x00,0x00,0x89,
  0x50,0x0e,0x8b,0x14,0x8d,0x00,0x03,0x91,0xe0,0x33,0xc9,0xc7,0x40,0x16,0x00,0x00,
  0x00,0x00,0x33,0x94,0x24,0xbc,0x01,0x00,0x00,0x8b,0xf2,0xc1,0xea,0x18,0x0f,0xb6,
  0x5c,0x48,0x06,0x33,0xda,0xc1,0xe6,0x08,0x0f,0xb6,0x7c,0x48,0x07,0x41,0x33,0x34,
  0x9d,0x00,0x03,0x91,0xe0,0x8b,0xd6,0xc1,0xee,0x18,0x33,0xfe,0xc1,0xe2,0x08,0x33,
  0x14,0xbd,0x00,0x03,0x91,0xe0,0x83,0xf9,0x0a,0x72,0xce,0x8b,0xda,0xc1,0xea,0x18,
  0x0f,0xb6,0x70,0x1a,0x33,0xd6,0xc1,0xe3,0x08,0x33,0x1c,0x95,0x00,0x03,0x91,0xe0,
  0x85,0xf6,0x0f,0x86,0x5e,0x01,0x00,0x00,0x8b,0xce,0x8d,0x54,0x06,0x1c,0xd1,0xe9,
  0x89,0x8c,0x24,0xc8,0x01,0x00,0x00,0x89,0x94,0x24,0xac,0x01,0x00,0x00,0x33,0xd2,
  0x85,0xc9,0xb9,0x00,0x00,0x00,0x00,0x0f,0x86,0x78,0x00,0x00,0x00,0x89,0xb4,0x24,
  0xa8,0x01,0x00,0x00,0x33,0xff,0x89,0x84,0x24,0xc0,0x01,0x00,0x00,0x0f,0x1f,0x00,
  0x8b,0x84,0x24,0xc0,0x01,0x00,0x00,0x0f,0xb6,0x74,0x50,0x1b,0x03,0xce,0x89,0x8c,
  0x24,0xc4,0x01,0x00,0x00,0x8b,0xcb,0xc1,0xeb,0x18,0x33,0xf3,0xc1,0xe1,0x08,0x0f,
  0xb6,0x44,0x50,0x1c,0x03,0xf8,0x42,0x33,0x0c,0xb5,0x00,0x03,0x91,0xe0,0x8b,0xd9,
  0xc1,0xe9,0x18,0x33,0xc1,0xc1,0xe3,0x08,0x8b,0x8c,0x24,0xc4,0x01,0x00,0x00,0x33,
  0x1c,0x85,0x00,0x03,0x91,0xe0,0x3b,0x94,0x24,0xc8,0x01,0x00,0x00,0x72,0xb1,0x03,
  0xd2,0x03,0xcf,0x8b,0xb4,0x24,0xa8,0x01,0x00,0x00,0x8b,0x84,0x24,0xc0,0x01,0x00,
  0x00,0x3b,0xd6,0x73,0x1a,0x0f,0xb6,0x7c,0x10,0x1b,0x8b,0xd3,0xc1,0xeb,0x18,0x03,
  0xcf,0x33,0xfb,0xc1,0xe2,0x08,0x8b,0xda,0x33,0x1c,0xbd,0x00,0x03,0x91,0xe0,0x8d,
  0x74,0x0e,0x1b,0x85,0xc9,0x0f,0x8e,0x9e,0x00,0x00,0x00,0x8b,0xd1,0xd1,0xea,0x85,
  0xd2,0x0f,0x86,0xe8,0x00,0x00,0x00,0x89,0x84,0x24,0xc0,0x01,0x00,0x00,0x33,0xff,
  0x89,0xb4,0x24,0xa8,0x01,0x00,0x00,0x89,0x8c,0x24,0xc4,0x01,0x00,0x00,0x8b,0x84,
  0x24,0xac,0x01,0x00,0x00,0x8b,0xcb,0xc1,0xeb,0x18,0x0f,0xb6,0x74,0x78,0xff,0x33,
  0xf3,0xc1,0xe1,0x08,0x33,0x0c,0xb5,0x00,0x03,0x91,0xe0,0x8b,0xd9,0xc1,0xe9,0x18,
  0x0f,0xb6,0x34,0x78,0x47,0x33,0xf1,0xc1,0xe3,0x08,0x33,0x1c,0xb5,0x00,0x03,0x91,
  0xe0,0x3b,0xfa,0x72,0xd0,0x8b,0xb4,0x24,0xa8,0x01,0x00,0x00,0x8d,0x54,0x3f,0x01,
  0x8b,0x8c,0x24,0xc4,0x01,0x00,0x00,0x8b,0x84,0x24,0xc0,0x01,0x00,0x00,0x8d,0x7a,
  0xff,0x3b,0xf9,0x73,0x24,0x8b,0x8c,0x24,0xac,0x01,0x00,0x00,0x0f,0xb6,0x7c,0x11,
  0xfe,0x8b,0xd3,0xc1,0xeb,0x18,0x33,0xfb,0xc1,0xe2,0x08,0x8b,0xda,0x33,0x1c,0xbd,
  0x00,0x03,0x91,0xe0,0xeb,0x03,0x83,0xc6,0x1b,0x8b,0x94,0x24,0xb0,0x01,0x00,0x00,
  0x2b,0xd6,0x89,0x58,0x16,0x03,0xc6,0x89,0x94,0x24,0xb0,0x01,0x00,0x00,0x85,0xd2,
  0x0f,0x8f,0x07,0xfe,0xff,0xff,0x8b,0x94,0x24,0x78,0x01,0x00,0x00,0x8b,0x84,0x24,
  0x70,0x01,0x00,0x00,0x8b,0xb4,0x24,0x98,0x01,0x00,0x00,0xff,0x74,0x10,0x04,0xff,
  0xb4,0x24,0x78,0x01,0x00,0x00,0x68,0x00,0x18,0x00,0x00,0x8b,0x9c,0x24,0x98,0x01,
  0x00,0x00,0xff,0x73,0x04,0xff,0x13,0x83,0xc4,0x10,0xe9,0xec,0xf9,0xff,0xff,0xba,
  0x01,0x00,0x00,0x00,0xe9,0x75,0xff,0xff,0xff,0x8d,0x8c,0x24,0x04,0x01,0x00,0x00,
  0x8d,0x94,0x24,0xec,0x00,0x00,0x00,0xe8,0x07,0x00,0x28,0xbc,0x8b,0xd0,0x8b,0x84,
  0x24,0xb8,0x00,0x00,0x00,0x8d,0x4c,0x24,0x10,0x8b,0x99,0xb8,0x00,0x00,0x00,0x2b,
  0x99,0xb4,0x00,0x00,0x00,0x88,0x90,0xa2,0x03,0x00,0x00,0x8d,0x94,0x24,0x8c,0x00,
  0x00,0x00,0x89,0x5a,0x14,0xe8,0x07,0x01,0x8a,0xac,0xff,0xb4,0x24,0x8c,0x00,0x00,
  0x00,0x8b,0xd0,0x8b,0x8c,0x24,0xb0,0x00,0x00,0x00,0xe8,0x07,0x01,0xd5,0x3c,0x8d,
  0x4c,0x24,0x10,0x8d,0x94,0x24,0x90,0x00,0x00,0x00,0xe8,0x07,0x01,0x8a,0xac,0xff,
  0xb4,0x24,0x90,0x00,0x00,0x00,0x8b,0xd0,0x8b,0x8c,0x24,0x9c,0x00,0x00,0x00,0xe8,
  0x07,0x01,0xd5,0x3c,0x8d,0x4c,0x24,0x10,0xe8,0x07,0x01,0x8d,0x0c,0x89,0x84,0x24,
  0xb0,0x00,0x00,0x00,0x8b,0x84,0x24,0xb8,0x00,0x00,0x00,0x66,0x0f,0xef,0xc0,0x0f,
  0x11,0x40,0x04,0x0f,0x11,0x40,0x14,0x68,0x00,0x00,0x01,0x00,0xe8,0x07,0x02,0x43,
  0x0a,0x8b,0xf8,0x83,0xc4,0x04,0x8b,0x84,0x24,0xb8,0x00,0x00,0x00,0x8d,0x54,0x24,
  0x10,0x8b,0x9a,0xa0,0x00,0x00,0x00,0x81,0xfb,0x00,0x00,0x01,0x00,0x89,0xba,0x94,
  0x00,0x00,0x00,0x89,0x50,0x1c,0xba,0x00,0x00,0x01,0x00,0x0f,0x46,0xd3,0x89,0x94,
  0x24,0xa8,0x00,0x00,0x00,0x89,0x78,0x10,0x89,0x58,0x20,0x8b,0xdf,0x80,0x7c,0x24,
  0x3d,0x00,0x8d,0x14,0x17,0x89,0x50,0x14,0x0f,0x84,0xb2,0x03,0x00,0x00,0x33,0xd2,
  0x33,0xdb,0x89,0xbc,0x24,0xb4,0x00,0x00,0x00,0x33,0xc0,0x8b,0x8c,0x24,0xa4,0x00,
  0x00,0x00,0x8b,0xb4,0x24,0xb0,0x00,0x00,0x00,0x85,0xf6,0x74,0x2e,0x4e,0x8d,0x48,
  0x18,0x89,0xb4,0x24,0xb0,0x00,0x00,0x00,0x83,0xc0,0xf8,0x8b,0xb4,0x24,0xb4,0x00,
  0x00,0x00,0x0f,0xb6,0x3c,0x33,0xd3,0xe7,0x8d,0x4c,0x33,0x01,0x43,0x03,0xd7,0x8b,
  0xb4,0x24,0xb0,0x00,0x00,0x00,0x83,0xfb,0x04,0x72,0xce,0x89,0x8c,0x24,0xa4,0x00,
  0x00,0x00,0x8b,0xb4,0x24,0x98,0x01,0x00,0x00,0x8b,0x9c,0x24,0xb8,0x00,0x00,0x00,
  0x8b,0xc1,0x8b,0x8c,0x24,0x94,0x00,0x00,0x00,0x89,0x53,0x04,0x8b,0x94,0x24,0x8c,
  0x01,0x00,0x00,0x89,0x43,0x0c,0xc7,0x43,0x08,0xff,0xff,0xff,0xff,0xe8,0x07,0x01,
  0xd9,0x8c,0x8b,0xd3,0x8b,0x84,0x24,0x9c,0x00,0x00,0x00,0x83,0xbc,0x24,0xbc,0x00,
  0x00,0x00,0x00,0x89,0x82,0x80,0x00,0x00,0x00,0x74,0x10,0x8b,0xce,0xba,0x00,0x03,
  0x80,0x06,0x6a,0x28,0xe8,0x07,0x01,0xd6,0xbc,0xeb,0x2d,0x8b,0xce,0xba,0x34,0x00,
  0x00,0x00,0xe8,0x07,0x01,0xd5,0x9c,0xff,0xb4,0x24,0xc0,0x00,0x00,0x00,0xff,0xb4,
  0x24,0x84,0x00,0x00,0x00,0x8d,0x8c,0x24,0x90,0x01,0x00,0x00,0x8d,0x94,0x24,0x38,
  0x01,0x00,0x00,0xe8,0x07,0x01,0xd8,0x6c,0x68,0x00,0x00,0x10,0x00,0x6a,0x00,0xff,
  0xb4,0x24,0x98,0x01,0x00,0x00,0xe8,0x07,0x01,0xfc,0xac,0x83,0xc4,0x0c,0xb8,0x00,
  0x04,0x00,0x00,0x8b,0x94,0x24,0x94,0x01,0x00,0x00,0x66,0x0f,0xef,0xc0,0x0f,0x11,
  0x44,0x02,0xf0,0x0f,0x11,0x44,0x02,0xe0,0x0f,0x11,0x44,0x02,0xd0,0x0f,0x11,0x44,
  0x02,0xc0,0x83,0xe8,0x40,0x75,0xe7,0x8b,0x84,0x24,0xb8,0x00,0x00,0x00,0x8b,0xb8,
  0xf4,0x06,0x00,0x00,0xc6,0x40,0x69,0x00,0x83,0x7f,0x04,0x00,0x76,0x37,0x33,0xdb,
  0x43,0x8b,0x7f,0x0c,0x8d,0x14,0x1b,0xc6,0x44,0x17,0xfe,0x00,0x8d,0x7c,0x1b,0xff,
  0x8b,0x88,0xf4,0x06,0x00,0x00,0x3b,0x79,0x04,0x73,0x13,0x8b,0x79,0x0c,0xc6,0x44,
  0x17,0xff,0x00,0x8b,0xb8,0xf4,0x06,0x00,0x00,0x3b,0x57,0x04,0x72,0xd2,0x89,0x84,
  0x24,0xb8,0x00,0x00,0x00,0x8b,0xc8,0xe8,0x07,0x00,0x36,0xcc,0x85,0xc0,0x0f,0x84,
  0x2b,0x02,0x00,0x00,0x8b,0x9c,0x24,0xb8,0x00,0x00,0x00,0x8b,0xcb,0x8d,0x94,0x24,
  0xdc,0x00,0x00,0x00,0xe8,0x07,0x01,0xd0,0x1c,0x85,0xc0,0x74,0x1c,0x8b,0x84,0x24,
  0xdc,0x00,0x00,0x00,0x8b,0xcb,0x8d,0x3c,0x40,0x8d,0x94,0x7b,0xd2,0x01,0x00,0x00,
  0xe8,0x07,0x00,0x14,0x2c,0x85,0xc0,0x75,0xd2,0x8b,0x84,0x24,0xb8,0x00,0x00,0x00,
  0x8b,0xb8,0xf4,0x06,0x00,0x00,0x8b,0x5f,0x04,0x85,0xdb,0x0f,0x86,0x97,0x00,0x00,
  0x00,0x33,0xd2,0x42,0x8b,0x4f,0x0c,0x8d,0x04,0x12,0x80,0x7c,0x01,0xfe,0x00,0x75,
  0x33,0x8b,0xf2,0xc1,0xe6,0x06,0x8b,0x4f,0x10,0x89,0x8c,0x24,0x84,0x00,0x00,0x00,
  0x8b,0x4c,0x31,0xc0,0x85,0xc9,0x74,0x1c,0x8b,0x9c,0x24,0x84,0x00,0x00,0x00,0x49,
  0x89,0x4c,0x33,0xc0,0x8b,0x8c,0x24,0xb8,0x00,0x00,0x00,0x8b,0xb9,0xf4,0x06,0x00,
  0x00,0x8b,0x5f,0x04,0x8d,0x4c,0x12,0xff,0x3b,0xcb,0x73,0x45,0x8b,0x4f,0x0c,0x80,
  0x7c,0x01,0xff,0x00,0x75,0x33,0x8b,0xf2,0xc1,0xe6,0x06,0x8b,0x4f,0x10,0x89,0x8c,
  0x24,0x88,0x00,0x00,0x00,0x8b,0x4c,0x31,0xe0,0x85,0xc9,0x74,0x1c,0x8b,0x9c,0x24,
  0x88,0x00,0x00,0x00,0x49,0x89,0x4c,0x33,0xe0,0x8b,0x8c,0x24,0xb8,0x00,0x00,0x00,
  0x8b,0xb9,0xf4,0x06,0x00,0x00,0x8b,0x5f,0x04,0x3b,0xc3,0x0f,0x82,0x72,0xff,0xff,
  0xff,0x8b,0xb4,0x24,0x98,0x01,0x00,0x00,0x8b,0x8c,0x24,0xb8,0x00,0x00,0x00,0xe8,
  0x07,0x00,0x34,0x6c,0x8b,0x84,0x24,0xb8,0x00,0x00,0x00,0xff,0x70,0x50,0xe8,0x07,
  0x02,0x43,0x15,0x8b,0x84,0x24,0xbc,0x00,0x00,0x00,0xff,0x70,0x30,0xe8,0x07,0x02,
  0x43,0x15,0x8b,0x84,0x24,0xc0,0x00,0x00,0x00,0xff,0x70,0x10,0xe8,0x07,0x02,0x43,
  0x15,0x83,0xc4,0x0c,0x8b,0x84,0x24,0xb8,0x00,0x00,0x00,0x80,0xb8,0xa2,0x03,0x00,
  0x00,0x00,0x0f,0x84,0x9c,0x00,0x00,0x00,0x8b,0x94,0x24,0xd4,0x00,0x00,0x00,0x8b,
  0x84,0x24,0xc4,0x00,0x00,0x00,0x8b,0x9c,0x24,0xc8,0x00,0x00,0x00,0x89,0x44,0x24,
  0x74,0x89,0x54,0x24,0x78,0x3b,0x94,0x24,0xd8,0x00,0x00,0x00,0x73,0x09,0x8b,0x84,
  0x24,0xd0,0x00,0x00,0x00,0xeb,0x48,0x83,0x7c,0x24,0x78,0x00,0x75,0x04,0x33,0xc9,
  0xeb,0x06,0x0f,0xbd,0x4c,0x24,0x78,0x41,0x83,0xc1,0x1e,0xb8,0x01,0x00,0x00,0x00,
  0xd3,0xe0,0x03,0x44,0x24,0x78,0x89,0x44,0x24,0x04,0xc1,0xe0,0x04,0x50,0xff,0xb4,
  0x24,0xd4,0x00,0x00,0x00,0xe8,0x07,0x02,0x43,0x32,0x83,0xc4,0x08,0x8b,0x54,0x24,
  0x04,0x89,0x94,0x24,0xd8,0x00,0x00,0x00,0x89,0x84,0x24,0xd0,0x00,0x00,0x00,0x8b,
  0x54,0x24,0x78,0x8b,0xca,0xc1,0xe1,0x04,0x42,0x8b,0xbc,0x24,0xa0,0x00,0x00,0x00,
  0x2b,0xdf,0x2b,0x5c,0x24,0x74,0x89,0x94,0x24,0xd4,0x00,0x00,0x00,0x89,0x3c,0x08,
  0x89,0x5c,0x08,0x04,0x8d,0x84,0x24,0xc4,0x00,0x00,0x00,0x50,0x8d,0x5c,0x24,0x50,
  0x53,0x8d,0xbc,0x24,0x38,0x01,0x00,0x00,0x57,0xff,0xb4,0x24,0x94,0x01,0x00,0x00,
  0xff,0xb4,0x24,0xa4,0x01,0x00,0x00,0xff,0xb4,0x24,0xa4,0x01,0x00,0x00,0x56,0x8d,
  0x44,0x24,0x2c,0x50,0x8d,0x94,0x24,0x00,0x01,0x00,0x00,0x52,0x8b,0x88,0xa8,0x00,
  0x00,0x00,0x8d,0x94,0x24,0x28,0x01,0x00,0x00,0x8b,0x99,0x80,0x00,0x00,0x00,0x89,
  0x98,0x8c,0x00,0x00,0x00,0xe8,0x07,0x01,0xd9,0xdc,0xe9,0x4c,0xf5,0xff,0xff,0x8b,
  0x8c,0x24,0xb8,0x00,0x00,0x00,0xe8,0x07,0x01,0xcd,0xbc,0xe9,0xe4,0xfe,0xff,0xff,
  0x8b,0x44,0x24,0x10,0x89,0x44,0x24,0x08,0x85,0xc0,0x0f,0x8c,0xc8,0x00,0x00,0x00,
  0x81,0x7c,0x24,0x08,0x00,0x00,0x08,0x00,0x7d,0x09,0x8b,0x44,0x24,0x14,0xe9,0xd3,
  0x00,0x00,0x00,0x99,0x8b,0xca,0x8b,0xd0,0x85,0xc9,0x7d,0x09,0x81,0xc2,0xff,0xff,
  0x07,0x00,0x83,0xd1,0x00,0x0f,0xac,0xca,0x13,0x33,0xc0,0x8b,0xf2,0x89,0xbc,0x24,
  0xb4,0x00,0x00,0x00,0x89,0x1c,0x24,0x8b,0xd8,0x8b,0x7c,0x24,0x08,0x8b,0x44,0x24,
  0x1c,0xc6,0x44,0x04,0x20,0x00,0x40,0x83,0xe0,0x03,0x89,0x44,0x24,0x1c,0x8b,0x4c,
  0x84,0x24,0x89,0x4c,0x24,0x14,0x80,0x7c,0x04,0x20,0x02,0x73,0x2b,0x89,0x74,0x24,
  0x0c,0x8b,0xf3,0x89,0x7c,0x24,0x08,0x8b,0xd8,0x6a,0xff,0xff,0x74,0x24,0x38,0xff,
  0x15,0x00,0x02,0xd0,0x0c,0x80,0x7c,0x1c,0x20,0x02,0x72,0xed,0x8b,0x7c,0x24,0x08,
  0x8b,0xc3,0x8b,0xde,0x8b,0x74,0x24,0x0c,0x40,0x83,0xe0,0x03,0x80,0x7c,0x04,0x20,
  0x00,0x75,0x0f,0xc6,0x44,0x04,0x20,0x01,0xff,0x74,0x24,0x38,0xff,0x15,0x00,0x02,
  0xd0,0x08,0x43,0x81,0xc7,0x00,0x00,0xf8,0xff,0x3b,0xde,0x72,0x90,0x89,0x7c,0x24,
  0x08,0x8b,0x1c,0x24,0x8b,0xbc,0x24,0xb4,0x00,0x00,0x00,0x8b,0xb4,0x24,0x98,0x01,
  0x00,0x00,0x8b,0x44,0x24,0x14,0xeb,0x1e,0x8b,0x44,0x24,0x1c,0x83,0xc0,0x03,0x83,
  0xe0,0x03,0x89,0x44,0x24,0x1c,0x81,0x44,0x24,0x08,0x00,0x00,0x08,0x00,0x8b,0x44,
  0x84,0x24,0x89,0x44,0x24,0x14,0x89,0xbc,0x24,0xb4,0x00,0x00,0x00,0x8b,0x4c,0x24,
  0x08,0x8b,0xbc,0x24,0xa8,0x00,0x00,0x00,0x80,0x7c,0x24,0x3c,0x00,0x74,0x0f,0x8b,
  0x54,0x24,0x1c,0x80,0x7c,0x14,0x20,0x03,0x0f,0x84,0xaf,0x00,0x00,0x00,0x8b,0xf1,
  0xf7,0xde,0x8d,0x96,0x00,0x00,0x08,0x00,0x3b,0xfa,0x0f,0x8e,0xd7,0x00,0x00,0x00,
  0x85,0xd2,0x7e,0x33,0x52,0x03,0xc8,0x51,0x53,0x89,0x94,0x24,0x88,0x00,0x00,0x00,
  0xe8,0x07,0x01,0xfc,0xfc,0x8b,0x94,0x24,0x88,0x00,0x00,0x00,0x83,0xc4,0x0c,0x8b,
  0x44,0x24,0x18,0x2b,0xfa,0x8d,0x9c,0x33,0x00,0x00,0x08,0x00,0x8d,0x94,0x30,0x00,
  0x00,0x08,0x00,0x89,0x54,0x24,0x18,0x8b,0x74,0x24,0x1c,0xc6,0x44,0x34,0x20,0x00,
  0x46,0x83,0xe6,0x03,0x89,0x74,0x24,0x1c,0x8b,0x44,0xb4,0x24,0x89,0x44,0x24,0x14,
  0x80,0x7c,0x34,0x20,0x02,0x73,0x21,0x89,0xbc,0x24,0xa8,0x00,0x00,0x00,0x6a,0xff,
  0xff,0x74,0x24,0x38,0xff,0x15,0x00,0x02,0xd0,0x0c,0x80,0x7c,0x34,0x20,0x02,0x72,
  0xed,0x8b,0xbc,0x24,0xa8,0x00,0x00,0x00,0x46,0x83,0xe6,0x03,0x80,0x7c,0x34,0x20,
  0x00,0x75,0x0f,0xc6,0x44,0x34,0x20,0x01,0xff,0x74,0x24,0x38,0xff,0x15,0x00,0x02,
  0xd0,0x08,0x8b,0x44,0x24,0x14,0x33,0xc9,0xe9,0x3b,0xff,0xff,0xff,0x8b,0x54,0x24,
  0x40,0x8d,0x34,0x39,0x3b,0xf2,0x0f,0x8e,0x42,0xff,0xff,0xff,0x89,0x4c,0x24,0x08,
  0x2b,0xd1,0x8b,0xbc,0x24,0xb4,0x00,0x00,0x00,0x03,0xc8,0x8b,0xb4,0x24,0x98,0x01,
  0x00,0x00,0x52,0x51,0x53,0xe8,0x07,0x01,0xfc,0xfc,0x83,0xc4,0x0c,0xc6,0x44,0x24,
  0x3d,0x01,0xe9,0x47,0xfa,0xff,0xff,0x89,0x4c,0x24,0x08,0x89,0xbc,0x24,0xa8,0x00,
  0x00,0x00,0x8b,0xbc,0x24,0xb4,0x00,0x00,0x00,0x8b,0xb4,0x24,0x98,0x01,0x00,0x00,
  0xff,0xb4,0x24,0xa8,0x00,0x00,0x00,0x03,0x44,0x24,0x0c,0x50,0x53,0xe8,0x07,0x01,
  0xfc,0xfc,0x83,0xc4,0x0c,0x8b,0x94,0x24,0xa8,0x00,0x00,0x00,0x8b,0x44,0x24,0x08,
  0x03,0xc2,0x01,0x54,0x24,0x18,0x89,0x44,0x24,0x10,0xe9,0xff,0xf9,0xff,0xff,0x8d,
  0x4c,0x24,0x10,0xe8,0x07,0x01,0x8d,0x0c,0x8b,0xd8,0x85,0xdb,0x74,0x3f,0x53,0x8b,
  0x8c,0x24,0xbc,0x00,0x00,0x00,0x8d,0x54,0x24,0x14,0xe8,0x07,0x00,0x71,0xac,0x53,
  0x8b,0x84,0x24,0xbc,0x00,0x00,0x00,0xff,0xb0,0xc4,0x06,0x00,0x00,0x68,0x00,0x18,
  0x00,0x00,0x8b,0x94,0x24,0x98,0x01,0x00,0x00,0xff,0x72,0x04,0xff,0x12,0x83,0xc4,
  0x10,0x01,0x9c,0x24,0x9c,0x00,0x00,0x00,0xe9,0x9e,0xf2,0xff,0xff,0x8b,0xbc,0x24,
  0xb8,0x00,0x00,0x00,0x8d,0x8c,0x24,0xc4,0x00,0x00,0x00,0xe8,0x07,0x01,0xd8,0x4c,
  0x8d,0x8c,0x24,0xc4,0x00,0x00,0x00,0xe8,0x07,0x01,0xd8,0x3c,0x8d,0x4c,0x24,0x4c,
  0xe8,0x07,0x01,0xd8,0x4c,0x8d,0x4c,0x24,0x4c,0xe8,0x07,0x01,0xd8,0x3c,0x8b,0x84,
  0x24,0x30,0x01,0x00,0x00,0x8b,0x9c,0x24,0x40,0x01,0x00,0x00,0x85,0xc0,0x76,0x2d,
  0x89,0xbc,0x24,0xb8,0x00,0x00,0x00,0x33,0xf6,0x8b,0xf8,0x8b,0xd6,0xc1,0xe2,0x05,
  0x8b,0x54,0x13,0x14,0x85,0xd2,0x74,0x09,0x52,0xe8,0x07,0x02,0x43,0x15,0x83,0xc4,
  0x04,0x46,0x3b,0xf7,0x72,0xe5,0x8b,0xbc,0x24,0xb8,0x00,0x00,0x00,0x53,0xe8,0x07,
  0x02,0x43,0x15,0xff,0xb4,0x24,0x40,0x01,0x00,0x00,0xe8,0x07,0x02,0x43,0x15,0xff,
  0x74,0x24,0x78,0xe8,0x07,0x02,0x43,0x15,0x83,0xc4,0x0c,0x8b,0x87,0xc4,0x06,0x00,
  0x00,0x85,0xc0,0x74,0x09,0x50,0xe8,0x07,0x02,0x43,0x15,0x83,0xc4,0x04,0xff,0xb4,
  0x24,0x88,0x01,0x00,0x00,0xe8,0x07,0x02,0x43,0x15,0xff,0xb4,0x24,0x94,0x01,0x00,
  0x00,0xe8,0x07,0x02,0x43,0x15,0xff,0xb4,0x24,0xa0,0x01,0x00,0x00,0xe8,0x07,0x02,
  0x43,0x15,0x83,0xc4,0x0c,0xc7,0x44,0x24,0x48,0x01,0x00,0x00,0x00,0x80,0x7c,0x24,
  0x3c,0x00,0x75,0x16,0xff,0x74,0x24,0x38,0xff,0x15,0x00,0x02,0xd0,0x08,0x6a,0xff,
  0xff,0x74,0x24,0x38,0xff,0x15,0x00,0x02,0xd0,0x0c,0x68,0x00,0x80,0x00,0x00,0x6a,
  0x00,0xff,0x74,0x24,0x2c,0xff,0x15,0x00,0x02,0xd0,0x04,0xff,0x74,0x24,0x34,0xff,
  0x15,0x00,0x02,0xd0,0x00,0xff,0x74,0x24,0x38,0xff,0x15,0x00,0x02,0xd0,0x00,0xff,
  0x74,0x24,0x6c,0xff,0x15,0x00,0x02,0xd0,0x00,0x57,0xe8,0x07,0x02,0x43,0x15,0x33,
  0xc0,0x81,0xc4,0xd8,0x01,0x00,0x00,0x5b,0x5f,0x5e,0x8b,0xe5,0x5d,0xc3,0x66,0x90,
  0x56,0x57,0x53,0x55,0x83,0xec,0x70,0x8b,0xd9,0x89,0x54,0x24,0x10,0x8b,0xb3,0x98,
  0x00,0x00,0x00,0x8d,0x6b,0x44,0x8b,0xcd,0x0f,0xb6,0xbe,0x08,0xe0,0x00,0x00,0x8d,
  0x94,0x7e,0x0c,0xe0,0x00,0x00,0xe8,0x07,0x00,0x28,0xbc,0x8b,0xd0,0x8d,0x04,0x7a,
  0x83,0xe0,0x03,0x88,0x86,0x08,0xe0,0x00,0x00,0x85,0xd2,0x0f,0x84,0x93,0x01,0x00,
  0x00,0x0f,0xb6,0x86,0x0a,0xe0,0x00,0x00,0x8b,0xcd,0xc1,0xe0,0x04,0x8d,0xbc,0x30,
  0x34,0xe0,0x00,0x00,0x89,0x7c,0x24,0x04,0x8d,0x57,0x02,0xe8,0x07,0x00,0x28,0xbc,
  0x8b,0xcd,0x8d,0x7c,0x00,0x04,0x8b,0x44,0x24,0x04,0x89,0x3c,0x24,0x8d,0x14,0x38,
  0xe8,0x07,0x00,0x28,0xbc,0x8b,0xf8,0x03,0x3c,0x24,0x8b,0xcd,0x8b,0x44,0x24,0x04,
  0x8d,0x14,0x78,0xe8,0x07,0x00,0x28,0xbc,0x8d,0x14,0x78,0xbf,0x01,0x00,0x00,0x00,
  0x83,0xe2,0x07,0x89,0x54,0x24,0x04,0x4a,0x7c,0x30,0x8b,0x44,0x24,0x04,0x89,0x34,
  0x24,0x89,0x5c,0x24,0x20,0x8b,0xda,0x8d,0x84,0x86,0x36,0xe8,0x00,0x00,0x8b,0xf5,
  0x8b,0xe8,0x8b,0xce,0x8b,0xd5,0xe8,0x07,0x00,0x28,0xbc,0x4b,0x8d,0x3c,0x78,0x79,
  0xf1,0x8b,0x5c,0x24,0x20,0x8b,0xee,0x8b,0x34,0x24,0x8b,0x44,0x24,0x04,0x40,0x88,
  0x86,0x0a,0xe0,0x00,0x00,0x89,0xbb,0xac,0x03,0x00,0x00,0x85,0xff,0x0f,0x84,0xff,
  0x00,0x00,0x00,0x8b,0xb3,0x98,0x00,0x00,0x00,0x8b,0xcd,0x0f,0xb6,0xbe,0x08,0x00,
  0x01,0x00,0x8d,0x94,0x7e,0x0c,0x00,0x01,0x00,0xe8,0x07,0x00,0x28,0xbc,0x8b,0xd0,
  0x8d,0x04,0x7a,0x83,0xe0,0x03,0x88,0x86,0x08,0x00,0x01,0x00,0x85,0xd2,0x0f,0x84,
  0xae,0x00,0x00,0x00,0x0f,0xb6,0x86,0x0a,0x00,0x01,0x00,0x8b,0xcd,0xc1,0xe0,0x04,
  0x8d,0xbc,0x30,0x34,0x00,0x01,0x00,0x89,0x7c,0x24,0x04,0x8d,0x57,0x02,0xe8,0x07,
  0x00,0x28,0xbc,0x8b,0xcd,0x8d,0x7c,0x00,0x04,0x8b,0x44,0x24,0x04,0x89,0x3c,0x24,
  0x8d,0x14,0x38,0xe8,0x07,0x00,0x28,0xbc,0x8b,0xf8,0x03,0x3c,0x24,0x8b,0xcd,0x8b,
  0x44,0x24,0x04,0x8d,0x14,0x78,0xe8,0x07,0x00,0x28,0xbc,0x8d,0x14,0x78,0xbf,0x01,
  0x00,0x00,0x00,0x83,0xe2,0x07,0x8d,0x42,0x01,0x8d,0x8c,0xd6,0x34,0x08,0x01,0x00,
  0x4a,0x7c,0x53,0xc7,0x04,0x24,0x01,0x00,0x00,0x00,0x89,0x5c,0x24,0x20,0x89,0x44,
  0x24,0x08,0x89,0x74,0x24,0x04,0x8b,0xf2,0x89,0x6c,0x24,0x0c,0x8b,0xe9,0x8b,0x1c,
  0x24,0x8b,0x4c,0x24,0x0c,0x8d,0x54,0x5d,0x00,0xe8,0x07,0x00,0x28,0xbc,0x8d,0x3c,
  0x78,0x8d,0x04,0x58,0x83,0xe0,0x03,0x83,0xfb,0x02,0x0f,0x42,0xd8,0x4e,0x79,0xe1,
  0x8b,0x44,0x24,0x08,0x8b,0x74,0x24,0x04,0x8b,0x6c,0x24,0x0c,0x8b,0x5c,0x24,0x20,
  0xeb,0x04,0x33,0xc0,0x33,0xff,0x88,0x86,0x0a,0x00,0x01,0x00,0x89,0xbb,0xe0,0x06,
  0x00,0x00,0xeb,0x0e,0x33,0xc0,0x88,0x86,0x0a,0xe0,0x00,0x00,0x89,0x83,0xac,0x03,
  0x00,0x00,0x80,0xbb,0x9d,0x03,0x00,0x00,0x00,0x75,0x32,0x8a,0x83,0x9e,0x03,0x00,
  0x00,0x3a,0x83,0x9f,0x03,0x00,0x00,0x72,0x24,0x8b,0x93,0x88,0x00,0x00,0x00,0x8b,
  0xcd,0x81,0xc2,0x18,0x04,0x00,0x00,0xe8,0x07,0x00,0x28,0xbc,0x88,0x83,0xa0,0x03,
  0x00,0x00,0x84,0xc0,0x74,0x07,0xc6,0x83,0x9c,0x03,0x00,0x00,0x01,0x8b,0x44,0x24,
  0x10,0x8b,0xcb,0x8b,0xbb,0xcc,0x01,0x00,0x00,0x0f,0xb6,0x70,0x01,0x0f,0xb6,0x28,
  0x8d,0x04,0xb6,0x8b,0xac,0xab,0x9c,0x00,0x00,0x00,0x8d,0x34,0xc7,0x8b,0xd6,0x8d,
  0x7c,0x24,0x40,0x57,0xd1,0xfd,0xe8,0x07,0x00,0x17,0x8c,0x85,0xc0,0x0f,0x84,0xf4,
  0x00,0x00,0x00,0x0f,0xbe,0x43,0x68,0x8d,0x14,0x24,0xc1,0xe0,0x02,0x50,0x57,0x52,
  0xe8,0x07,0x01,0xfc,0xfc,0x83,0xc4,0x0c,0x0f,0xb7,0x3e,0x85,0xff,0x7e,0x3e,0x33,
  0xc9,0x8b,0x56,0x04,0x33,0xc0,0x89,0x74,0x24,0x68,0x89,0x5c,0x24,0x20,0x8d,0x34,
  0x49,0x0f,0xb6,0x1c,0x32,0x0f,0xb6,0x74,0x16,0x01,0x83,0x7c,0x9c,0x40,0x00,0x74,
  0x07,0x83,0x7c,0xb4,0x40,0x00,0x75,0x08,0x89,0x44,0xb4,0x40,0x89,0x44,0x9c,0x40,
  0x41,0x3b,0xcf,0x7c,0xd9,0x8b,0x74,0x24,0x68,0x8b,0x5c,0x24,0x20,0x80,0x7e,0x08,
  0x00,0x76,0x7c,0x89,0x6c,0x24,0x6c,0x33,0xff,0x0f,0xbe,0x6b,0x68,0x33,0xc9,0x85,
  0xed,0x7e,0x45,0x8b,0x56,0x04,0x33,0xc0,0x89,0x74,0x24,0x68,0x8d,0x34,0x40,0x0f,
  0xb6,0x74,0x32,0x02,0x3b,0xf7,0x75,0x27,0x83,0x7c,0x84,0x40,0x00,0x74,0x0f,0xc6,
  0x44,0x0c,0x60,0x01,0xc7,0x44,0x8c,0x20,0x00,0x00,0x00,0x00,0xeb,0x10,0x8b,0xb4,
  0x83,0x54,0x03,0x00,0x00,0xc6,0x44,0x0c,0x60,0x00,0x89,0x74,0x8c,0x20,0x41,0x40,
  0x3b,0xc5,0x7c,0xc8,0x8b,0x74,0x24,0x68,0x8b,0xd6,0x8d,0x44,0x24,0x60,0x50,0x0f,
  0xb6,0x6c,0x37,0x18,0x55,0xff,0x74,0x24,0x74,0x51,0x8b,0xcb,0x8d,0x44,0x24,0x30,
  0x50,0xe8,0x07,0x01,0x8f,0xec,0x47,0x0f,0xb6,0x46,0x08,0x3b,0xf8,0x72,0x8a,0x8b,
  0xcb,0x0f,0xbe,0x53,0x69,0xe8,0x07,0x00,0x2b,0x4c,0xb8,0x01,0x00,0x00,0x00,0x83,
  0xc4,0x70,0x5d,0x5b,0x5f,0x5e,0xc3,0x33,0xc0,0x83,0xc4,0x70,0x5d,0x5b,0x5f,0x5e,
  0xc3,0x0f,0x1f,0x84,0x00,0x00,0x00,0x00,0x00,0x0f,0x1f,0x80,0x00,0x00,0x00,0x00,
  0x55,0x8b,0xec,0x83,0xe4,0xf0,0x53,0x81,0xec,0x1c,0x01,0x00,0x00,0x80,0x79,0x68,
  0x00,0x0f,0x8e,0x2b,0x0c,0x00,0x00,0x89,0x54,0x24,0x54,0x8d,0x41,0x04,0x89,0x84,
  0x24,0xe0,0x00,0x00,0x00,0x33,0xdb,0x89,0x74,0x24,0x10,0x8b,0xf1,0x89,0x7c,0x24,
  0x14,0x8b,0x44,0x24,0x54,0x43,0x8b,0x50,0x04,0x8d,0x3c,0x5b,0x0f,0xb6,0x7c,0x3a,
  0xff,0x8b,0x55,0x08,0xc7,0x44,0x9a,0xfc,0x00,0x00,0x00,0x00,0x0f,0xb6,0x44,0x07,
  0x09,0x89,0x84,0x24,0xb4,0x00,0x00,0x00,0x0f,0xb7,0x84,0x46,0xb8,0x00,0x00,0x00,
  0x85,0xc0,0x0f,0x84,0x67,0x0e,0x00,0x00,0x69,0x84,0x24,0xb4,0x00,0x00,0x00,0x3c,
  0x06,0x00,0x00,0x03,0x86,0x38,0x01,0x00,0x00,0x89,0x84,0x24,0xa4,0x00,0x00,0x00,
  0x0f,0xb6,0x86,0xfb,0x06,0x00,0x00,0x8b,0xbe,0x88,0x00,0x00,0x00,0x8b,0x8c,0x24,
  0xe0,0x00,0x00,0x00,0x8d,0x94,0x47,0xaa,0x44,0x00,0x00,0xe8,0x07,0x00,0x28,0xbc,
  0x8b,0xd0,0x8b,0x4e,0x6c,0x8b,0x7e,0x74,0x89,0x54,0x24,0x40,0x83,0xe2,0x01,0x89,
  0x54,0x24,0x38,0x8d,0x41,0x01,0xd3,0xe2,0x08,0x17,0x89,0x4c,0x24,0x3c,0x8b,0x54,
  0x24,0x40,0x83,0xf8,0x08,0x0f,0x8e,0xff,0x00,0x00,0x00,0x8b,0x7e,0x74,0x47,0x89,
  0x7e,0x74,0x3b,0x7e,0x78,0x72,0x2a,0x80,0xbe,0xb5,0x06,0x00,0x00,0x00,0x0f,0x85,
  0xe9,0x00,0x00,0x00,0x8b,0xce,0x89,0x54,0x24,0x40,0xe8,0x07,0x00,0x26,0x8c,0x8b,
  0x54,0x24,0x40,0x85,0xc0,0x0f,0x84,0xd2,0x00,0x00,0x00,0x01,0x46,0x78,0x8b,0x7e,
  0x74,0x8b,0x4e,0x6c,0xf7,0xd9,0x83,0xc1,0x08,0x8b,0x44,0x24,0x38,0xff,0x8e,0xb8,
  0x06,0x00,0x00,0xff,0x8e,0xdc,0x06,0x00,0x00,0xd3,0xe8,0x88,0x07,0x8b,0x7c,0x24,
  0x3c,0x89,0x44,0x24,0x38,0x8d,0x47,0xf9,0x89,0x44,0x24,0x0c,0x83,0xf8,0x08,0x0f,
  0x8e,0x95,0x00,0x00,0x00,0x8b,0xc7,0x33,0xc9,0x89,0x54,0x24,0x40,0x89,0x5c,0x24,
  0x18,0x8b,0xd9,0x8d,0x78,0xf8,0xc1,0xff,0x02,0xc1,0xef,0x1d,0x8d,0x7c,0x07,0xf8,
  0x33,0xc0,0xc1,0xff,0x03,0x8b,0xce,0x8b,0xf0,0x8b,0x51,0x74,0x42,0x89,0x51,0x74,
  0x3b,0x51,0x78,0x72,0x32,0x80,0xb9,0xb5,0x06,0x00,0x00,0x00,0x74,0x0c,0x8b,0x54,
  0x24,0x40,0x8b,0xf1,0x8b,0x5c,0x24,0x18,0xeb,0x53,0x89,0x8c,0x24,0xf4,0x00,0x00,
  0x00,0xe8,0x07,0x00,0x26,0x8c,0x8b,0x8c,0x24,0xf4,0x00,0x00,0x00,0x85,0xc0,0x74,
  0xdd,0x01,0x41,0x78,0x8b,0x51,0x74,0x8b,0x44,0x24,0x38,0x43,0xff,0x89,0xb8,0x06,
  0x00,0x00,0xff,0x89,0xdc,0x06,0x00,0x00,0xc1,0xe8,0x08,0x88,0x02,0x8b,0x54,0x24,
  0x0c,0x89,0x44,0x24,0x38,0x8d,0x44,0x16,0xf8,0x83,0xc6,0xf8,0x3b,0xdf,0x72,0x99,
  0x8b,0x54,0x24,0x40,0x8b,0xf1,0x8b,0x5c,0x24,0x18,0x89,0x46,0x6c,0x0f,0xb6,0xbe,
  0xfb,0x06,0x00,0x00,0x8d,0x04,0x7a,0x83,0xe0,0x03,0x88,0x86,0xfb,0x06,0x00,0x00,
  0x85,0xd2,0x0f,0x84,0x3b,0x0a,0x00,0x00,0x8b,0x84,0x24,0xa4,0x00,0x00,0x00,0x8b,
  0x94,0x9e,0x70,0x03,0x00,0x00,0x89,0x94,0x24,0x94,0x00,0x00,0x00,0x8b,0xbe,0x88,
  0x00,0x00,0x00,0x83,0xb8,0x38,0x06,0x00,0x00,0x00,0x0f,0x8e,0x19,0x02,0x00,0x00,
  0x8b,0x94,0x24,0xb4,0x00,0x00,0x00,0x8b,0xca,0xc1,0xe1,0x08,0x33,0xc0,0x89,0x4c,
  0x24,0x6c,0x8b,0xca,0xc1,0xe2,0x06,0x89,0x44,0x24,0x4c,0x03,0xd7,0xc1,0xe1,0x04,
  0x89,0xbc,0x24,0xa0,0x00,0x00,0x00,0x89,0x4c,0x24,0x68,0x89,0x54,0x24,0x48,0x89,
  0x84,0x24,0xac,0x00,0x00,0x00,0x89,0x5c,0x24,0x18,0x89,0xb4,0x24,0xf4,0x00,0x00,
  0x00,0x8b,0x7c,0x24,0x4c,0x47,0x8b,0x84,0x24,0xa4,0x00,0x00,0x00,0x8b,0x9c,0x24,
  0xac,0x00,0x00,0x00,0xc1,0xe3,0x07,0x03,0x9c,0x24,0xb4,0x00,0x00,0x00,0x0f,0xb6,
  0xb4,0x07,0x45,0x03,0x00,0x00,0x8b,0x8c,0x24,0xa0,0x00,0x00,0x00,0x89,0xb4,0x24,
  0xb0,0x00,0x00,0x00,0x8d,0x04,0xb3,0x8d,0x94,0x41,0xb8,0x44,0x00,0x00,0x8b,0x8c,
  0x24,0xe0,0x00,0x00,0x00,0xe8,0x07,0x00,0x28,0xbc,0x8b,0xc8,0x8b,0x84,0x24,0xac,
  0x00,0x00,0x00,0x8d,0x14,0x41,0x83,0xe2,0x03,0x89,0x94,0x24,0xac,0x00,0x00,0x00,
  0x85,0xc9,0x0f,0x84,0x24,0x01,0x00,0x00,0x8b,0x9c,0x24,0xf4,0x00,0x00,0x00,0x8b,
  0x44,0x24,0x6c,0x8b,0x8b,0x00,0x07,0x00,0x00,0x8b,0x5c,0x24,0x68,0x03,0xc6,0xc1,
  0xe6,0x05,0x0f,0xb6,0x14,0x01,0xc1,0xe2,0x0a,0x8b,0x8c,0x24,0xa0,0x00,0x00,0x00,
  0x03,0xf2,0x89,0x84,0x24,0xa8,0x00,0x00,0x00,0x8d,0x84,0x0b,0xb8,0x44,0x02,0x00,
  0x8b,0x8c,0x24,0xe0,0x00,0x00,0x00,0x8d,0x34,0x70,0x8d,0x56,0x02,0xe8,0x07,0x00,
  0x28,0xbc,0x8b,0x8c,0x24,0xe0,0x00,0x00,0x00,0x8d,0x44,0x00,0x04,0x89,0x44,0x24,
  0x64,0x8d,0x14,0x06,0xe8,0x07,0x00,0x28,0xbc,0x8b,0xd8,0x03,0x5c,0x24,0x64,0x8b,
  0x8c,0x24,0xe0,0x00,0x00,0x00,0x8d,0x14,0x5e,0xe8,0x07,0x00,0x28,0xbc,0xba,0x01,
  0x00,0x00,0x00,0x8d,0x04,0x58,0x89,0x94,0x24,0xe4,0x00,0x00,0x00,0x83,0xe0,0x07,
  0x7e,0x7f,0x8b,0xf0,0x33,0xd2,0xc1,0xe6,0x08,0x33,0xdb,0x8b,0x8c,0x24,0xb0,0x00,
  0x00,0x00,0xc1,0xe1,0x0e,0x03,0x4c,0x24,0x48,0x89,0x84,0x24,0xe8,0x00,0x00,0x00,
  0x8d,0x74,0xc6,0xf8,0x03,0xce,0x33,0xf6,0x89,0x8c,0x24,0xec,0x00,0x00,0x00,0x89,
  0x7c,0x24,0x4c,0x8b,0xfa,0x8b,0x84,0x24,0xec,0x00,0x00,0x00,0x8d,0x0c,0xb7,0x8d,
  0x94,0x48,0xb8,0x44,0x04,0x00,0x8b,0x8c,0x24,0xe0,0x00,0x00,0x00,0xe8,0x07,0x00,
  0x28,0xbc,0x8b,0xd0,0x8b,0x84,0x24,0xe4,0x00,0x00,0x00,0x8d,0x3c,0x7a,0x43,0x83,
  0xe7,0x03,0x4e,0x8d,0x0c,0x42,0x89,0x8c,0x24,0xe4,0x00,0x00,0x00,0x3b,0x9c,0x24,
  0xe8,0x00,0x00,0x00,0x72,0xbf,0x8b,0x84,0x24,0xe8,0x00,0x00,0x00,0x8b,0x7c,0x24,
  0x4c,0x8b,0x8c,0x24,0x94,0x00,0x00,0x00,0x8b,0x9c,0x24,0xb0,0x00,0x00,0x00,0x8b,
  0x94,0x24,0xe4,0x00,0x00,0x00,0x66,0x89,0x14,0x59,0xeb,0x1d,0x8b,0xde,0x33,0xc0,
  0x8b,0x4c,0x24,0x6c,0x8b,0x94,0x24,0x94,0x00,0x00,0x00,0x8d,0x34,0x19,0x89,0xb4,
  0x24,0xa8,0x00,0x00,0x00,0x66,0x89,0x04,0x5a,0x8b,0x94,0x24,0xf4,0x00,0x00,0x00,
  0x8b,0x9c,0x24,0xa8,0x00,0x00,0x00,0x8b,0x8a,0x00,0x07,0x00,0x00,0x88,0x04,0x19,
  0x8b,0x84,0x24,0xa4,0x00,0x00,0x00,0x3b,0xb8,0x38,0x06,0x00,0x00,0x0f,0x8c,0x32,
  0xfe,0xff,0xff,0x8b,0x5c,0x24,0x18,0x8b,0xf2,0x0f,0xb6,0x90,0x34,0x06,0x00,0x00,
  0x8b,0x14,0x95,0x00,0x03,0x80,0x2c,0x81,0xfa,0x00,0x40,0x00,0x00,0x7d,0x38,0x83,
  0xfa,0x10,0x7c,0x2a,0x81,0xfa,0x00,0x02,0x00,0x00,0x7d,0x11,0x8b,0xc2,0xc1,0xf8,
  0x05,0x0f,0xbe,0x80,0x00,0x02,0xd2,0xec,0x83,0xc0,0x05,0xeb,0x67,0x8b,0xc2,0xc1,
  0xf8,0x0a,0x0f,0xbe,0x80,0x00,0x02,0xd2,0xec,0x83,0xc0,0x0a,0xeb,0x56,0x0f,0xbe,
  0x82,0x00,0x02,0xd2,0xec,0xeb,0x4d,0x81,0xfa,0x00,0x00,0x00,0x01,0x7d,0x2a,0x81,
  0xfa,0x00,0x00,0x08,0x00,0x7d,0x11,0x8b,0xc2,0xc1,0xf8,0x0f,0x0f,0xbe,0x80,0x00,
  0x02,0xd2,0xec,0x83,0xc0,0x0f,0xeb,0x2c,0x8b,0xc2,0xc1,0xf8,0x14,0x0f,0xbe,0x80,
  0x00,0x02,0xd2,0xec,0x83,0xc0,0x14,0xeb,0x1b,0x81,0xfa,0x00,0x00,0x00,0x20,0x7c,
  0x04,0x33,0xc0,0xeb,0x0f,0x8b,0xc2,0xc1,0xf8,0x19,0x0f,0xbe,0x80,0x00,0x02,0xd2,
  0xec,0x83,0xc0,0x19,0x8b,0xbc,0x24,0x94,0x00,0x00,0x00,0x89,0x54,0x24,0x30,0x8b,
  0x4e,0x6c,0x0f,0xbf,0x17,0x23,0x14,0x85,0x00,0x02,0xd1,0x9c,0x89,0x54,0x24,0x20,
  0x8d,0x7c,0x08,0xff,0x8b,0x56,0x74,0x8b,0x44,0x24,0x20,0xd3,0xe0,0x08,0x02,0x89,
  0x7c,0x24,0x2c,0x8b,0x54,0x24,0x30,0x83,0xff,0x08,0x0f,0x8e,0x42,0x01,0x00,0x00,
  0x8b,0x46,0x74,0x40,0x89,0x44,0x24,0x28,0x89,0x46,0x74,0x3b,0x46,0x78,0x72,0x3b,
  0x80,0xbe,0xb5,0x06,0x00,0x00,0x00,0x75,0x26,0x8b,0xce,0x89,0x54,0x24,0x30,0xe8,
  0x07,0x00,0x26,0x8c,0x8b,0x54,0x24,0x30,0x85,0xc0,0x74,0x0c,0x01,0x46,0x78,0x8b,
  0x46,0x74,0x89,0x44,0x24,0x28,0xeb,0x13,0x8b,0x46,0x74,0x89,0x44,0x24,0x28,0x8b,
  0x46,0x6c,0x89,0x44,0x24,0x2c,0xe9,0x05,0x01,0x00,0x00,0x8b,0x4e,0x6c,0xf7,0xd9,
  0x83,0xc1,0x08,0x8b,0x44,0x24,0x20,0xd3,0xe8,0x8b,0x4c,0x24,0x28,0x83,0xc7,0xf8,
  0xff,0x8e,0xb8,0x06,0x00,0x00,0xff,0x8e,0xdc,0x06,0x00,0x00,0x89,0x7c,0x24,0x2c,
  0x89,0x44,0x24,0x20,0x88,0x01,0x89,0x7c,0x24,0x04,0x83,0xff,0x08,0x0f,0x8e,0xbf,
  0x00,0x00,0x00,0x8b,0x44,0x24,0x2c,0x33,0xc9,0x89,0x54,0x24,0x30,0x89,0x5c,0x24,
  0x18,0x8b,0xd9,0x8d,0x78,0xff,0xc1,0xff,0x02,0xc1,0xef,0x1d,0x8d,0x7c,0x07,0xff,
  0x33,0xc0,0xc1,0xff,0x03,0x8b,0xce,0x8b,0xf0,0x8b,0x51,0x74,0x42,0x89,0x51,0x74,
  0x3b,0x51,0x78,0x72,0x52,0x80,0xb9,0xb5,0x06,0x00,0x00,0x00,0x74,0x10,0x89,0x54,
  0x24,0x28,0x8b,0xf1,0x8b,0x54,0x24,0x30,0x8b,0x5c,0x24,0x18,0xeb,0x30,0x89,0x8c,
  0x24,0xf4,0x00,0x00,0x00,0xe8,0x07,0x00,0x26,0x8c,0x8b,0x8c,0x24,0xf4,0x00,0x00,
  0x00,0x85,0xc0,0x74,0x08,0x01,0x41,0x78,0x8b,0x51,0x74,0xeb,0x1a,0x8b,0xf1,0x8b,
  0x46,0x74,0x8b,0x54,0x24,0x30,0x8b,0x5c,0x24,0x18,0x89,0x44,0x24,0x28,0x8b,0x46,
  0x6c,0x89,0x44,0x24,0x2c,0xeb,0x49,0x8b,0x44,0x24,0x20,0x43,0xff,0x89,0xb8,0x06,
  0x00,0x00,0xff,0x89,0xdc,0x06,0x00,0x00,0xc1,0xe8,0x08,0x88,0x02,0x8b,0x54,0x24,
  0x04,0x89,0x44,0x24,0x20,0x8d,0x54,0x16,0xf8,0x83,0xc6,0xf8,0x3b,0xdf,0x0f,0x82,
  0x75,0xff,0xff,0xff,0x89,0x54,0x24,0x2c,0x8b,0xf1,0x8b,0x54,0x24,0x30,0x8b,0x5c,
  0x24,0x18,0x8b,0x44,0x24,0x2c,0x8b,0x7e,0x74,0x89,0x46,0x6c,0x89,0x7c,0x24,0x28,
  0x81,0xfa,0x00,0x40,0x00,0x00,0x7d,0x34,0x83,0xfa,0x10,0x7c,0x26,0x81,0xfa,0x00,
  0x02,0x00,0x00,0x7d,0x0f,0xc1,0xfa,0x05,0x0f,0xbe,0x82,0x00,0x02,0xd2,0xec,0x83,
  0xc0,0x05,0xeb,0x5f,0xc1,0xfa,0x0a,0x0f,0xbe,0x82,0x00,0x02,0xd2,0xec,0x83,0xc0,
  0x0a,0xeb,0x50,0x0f,0xbe,0x82,0x00,0x02,0xd2,0xec,0xeb,0x47,0x81,0xfa,0x00,0x00,
  0x00,0x01,0x7d,0x26,0x81,0xfa,0x00,0x00,0x08,0x00,0x7d,0x0f,0xc1,0xfa,0x0f,0x0f,
  0xbe,0x82,0x00,0x02,0xd2,0xec,0x83,0xc0,0x0f,0xeb,0x28,0xc1,0xfa,0x14,0x0f,0xbe,
  0x82,0x00,0x02,0xd2,0xec,0x83,0xc0,0x14,0xeb,0x19,0x81,0xfa,0x00,0x00,0x00,0x20,
  0x7c,0x04,0x33,0xc0,0xeb,0x0d,0xc1,0xfa,0x19,0x0f,0xbe,0x82,0x00,0x02,0xd2,0xec,
  0x83,0xc0,0x19,0x8b,0x94,0x24,0x94,0x00,0x00,0x00,0x8b,0x4c,0x24,0x2c,0x8b,0x7c,
  0x24,0x28,0x0f,0xbf,0x52,0x02,0x23,0x14,0x85,0x00,0x02,0xd1,0x9c,0x89,0x54,0x24,
  0x24,0x8d,0x54,0x01,0xff,0x8b,0x44,0x24,0x24,0xd3,0xe0,0x08,0x07,0x83,0xfa,0x08,
  0x0f,0x8e,0xeb,0x00,0x00,0x00,0x8b,0x7e,0x74,0x47,0x89,0x7e,0x74,0x3b,0x7e,0x78,
  0x72,0x28,0x80,0xbe,0xb5,0x06,0x00,0x00,0x00,0x0f,0x85,0xd5,0x00,0x00,0x00,0x8b,
  0xce,0x89,0x14,0x24,0xe8,0x07,0x00,0x26,0x8c,0x8b,0x14,0x24,0x85,0xc0,0x0f,0x84,
  0xc0,0x00,0x00,0x00,0x01,0x46,0x78,0x8b,0x7e,0x74,0x8b,0x4e,0x6c,0x83,0xc2,0xf8,
  0xf7,0xd9,0x83,0xc1,0x08,0x8b,0x44,0x24,0x24,0xff,0x8e,0xb8,0x06,0x00,0x00,0xff,
  0x8e,0xdc,0x06,0x00,0x00,0xd3,0xe8,0x89,0x44,0x24,0x24,0x88,0x07,0x89,0x54,0x24,
  0x08,0x83,0xfa,0x08,0x0f,0x8e,0x87,0x00,0x00,0x00,0x89,0x5c,0x24,0x18,0x8d,0x42,
  0xff,0xc1,0xf8,0x02,0x8b,0xce,0xc1,0xe8,0x1d,0x8d,0x54,0x10,0xff,0x33,0xc0,0xc1,
  0xfa,0x03,0x33,0xff,0x8b,0xf0,0x8b,0xda,0x8b,0x51,0x74,0x42,0x89,0x51,0x74,0x3b,
  0x51,0x78,0x72,0x2e,0x80,0xb9,0xb5,0x06,0x00,0x00,0x00,0x74,0x08,0x8b,0x5c,0x24,
  0x18,0x8b,0xf1,0xeb,0x4f,0x89,0x8c,0x24,0xf4,0x00,0x00,0x00,0xe8,0x07,0x00,0x26,
  0x8c,0x8b,0x8c,0x24,0xf4,0x00,0x00,0x00,0x85,0xc0,0x74,0xe1,0x01,0x41,0x78,0x8b,
  0x51,0x74,0x8b,0x44,0x24,0x24,0x46,0xff,0x89,0xb8,0x06,0x00,0x00,0xff,0x89,0xdc,
  0x06,0x00,0x00,0xc1,0xe8,0x08,0x88,0x02,0x8b,0x54,0x24,0x08,0x89,0x44,0x24,0x24,
  0x8d,0x54,0x17,0xf8,0x83,0xc7,0xf8,0x3b,0xf3,0x72,0x9d,0x8b,0x5c,0x24,0x18,0x8b,
  0xf1,0x89,0x56,0x6c,0x8b,0x84,0x24,0xa4,0x00,0x00,0x00,0x80,0x38,0x00,0x0f,0x86,
  0x2a,0x04,0x00,0x00,0xb8,0x02,0x00,0x00,0x00,0x33,0xff,0x89,0x84,0x24,0x9c,0x00,
  0x00,0x00,0x66,0x0f,0xef,0xc0,0x89,0x5c,0x24,0x18,0x89,0xb4,0x24,0xf4,0x00,0x00,
  0x00,0x0f,0x11,0x44,0x24,0x70,0x47,0x0f,0x11,0x84,0x24,0x80,0x00,0x00,0x00,0x8b,
  0x94,0x24,0xa4,0x00,0x00,0x00,0x0f,0xb6,0x1c,0x17,0x0f,0xb6,0x44,0x13,0x21,0x0f,
  0xb6,0x4c,0x13,0x31,0x89,0x84,0x24,0x14,0x01,0x00,0x00,0x85,0xc9,0x0f,0x85,0x2b,
  0x02,0x00,0x00,0x83,0xbc,0x24,0x14,0x01,0x00,0x00,0x00,0x0f,0x8e,0xe6,0x01,0x00,
  0x00,0x8b,0x84,0x24,0x94,0x00,0x00,0x00,0x33,0xf6,0x8b,0x94,0x24,0x9c,0x00,0x00,
  0x00,0xc1,0xe3,0x04,0x03,0x9c,0x24,0xa4,0x00,0x00,0x00,0x89,0x9c,0x24,0x10,0x01,
  0x00,0x00,0x8d,0x04,0x50,0x89,0x84,0x24,0xf8,0x00,0x00,0x00,0x89,0xbc,0x24,0x98,
  0x00,0x00,0x00,0x8b,0x54,0xb4,0x70,0x8b,0x84,0x24,0x10,0x01,0x00,0x00,0x0f,0xbf,
  0x44,0x50,0x52,0x85,0xc0,0x0f,0x8c,0x83,0x01,0x00,0x00,0x8b,0xbc,0x24,0xf4,0x00,
  0x00,0x00,0x69,0xc8,0x3c,0x08,0x00,0x00,0x8b,0x9c,0x24,0xf8,0x00,0x00,0x00,0x8b,
  0x97,0xb0,0x00,0x00,0x00,0x0f,0xbf,0x04,0x73,0x8b,0x5c,0x0a,0x2c,0x8b,0x4c,0x0a,
  0x08,0x8b,0x1c,0x83,0x0f,0xb6,0x04,0x08,0x8b,0x4f,0x6c,0x8b,0x7f,0x74,0x23,0x1c,
  0x85,0x00,0x02,0xd1,0xa0,0x8b,0xd3,0xd3,0xe2,0x89,0x84,0x24,0xfc,0x00,0x00,0x00,
  0x03,0xc1,0x08,0x17,0x89,0x8c,0x24,0x00,0x01,0x00,0x00,0x83,0xf8,0x08,0x0f,0x8e,
  0x20,0x01,0x00,0x00,0x8b,0x84,0x24,0xf4,0x00,0x00,0x00,0x8b,0x50,0x74,0x42,0x89,
  0x50,0x74,0x3b,0x50,0x78,0x72,0x2b,0x80,0xb8,0xb5,0x06,0x00,0x00,0x00,0x0f,0x85,
  0x0a,0x01,0x00,0x00,0x8b,0xc8,0xe8,0x07,0x00,0x26,0x8c,0x8b,0xd0,0x85,0xd2,0x0f,
  0x84,0xf9,0x00,0x00,0x00,0x8b,0x84,0x24,0xf4,0x00,0x00,0x00,0x01,0x50,0x78,0x8b,
  0x50,0x74,0x8b,0xc8,0x8b,0x84,0x24,0xfc,0x00,0x00,0x00,0x8b,0xbc,0x24,0x00,0x01,
  0x00,0x00,0xff,0x89,0xb8,0x06,0x00,0x00,0xff,0x89,0xdc,0x06,0x00,0x00,0x8b,0x49,
  0x6c,0x8d,0x44,0x38,0xf8,0xf7,0xd9,0x83,0xc1,0x08,0xd3,0xeb,0x88,0x1a,0x89,0x84,
  0x24,0xb8,0x00,0x00,0x00,0x83,0xf8,0x08,0x0f,0x8e,0xa6,0x00,0x00,0x00,0x89,0xb4,
  0x24,0xdc,0x00,0x00,0x00,0x8d,0x50,0xff,0xc1,0xfa,0x02,0xc1,0xea,0x1d,0x8b,0x8c,
  0x24,0xf4,0x00,0x00,0x00,0x8d,0x44,0x02,0xff,0x33,0xd2,0xc1,0xf8,0x03,0x33,0xff,
  0x8b,0xf0,0x8b,0x41,0x74,0x40,0x89,0x41,0x74,0x3b,0x41,0x78,0x72,0x44,0x80,0xb9,
  0xb5,0x06,0x00,0x00,0x00,0x74,0x10,0x89,0x8c,0x24,0xf4,0x00,0x00,0x00,0x8b,0xb4,
  0x24,0xdc,0x00,0x00,0x00,0xeb,0x67,0x89,0x94,0x24,0x90,0x00,0x00,0x00,0x89,0x8c,
  0x24,0xf4,0x00,0x00,0x00,0xe8,0x07,0x00,0x26,0x8c,0x8b,0x8c,0x24,0xf4,0x00,0x00,
  0x00,0x8b,0x94,0x24,0x90,0x00,0x00,0x00,0x85,0xc0,0x74,0xcb,0x01,0x41,0x78,0x8b,
  0x41,0x74,0xff,0x89,0xb8,0x06,0x00,0x00,0x42,0xff,0x89,0xdc,0x06,0x00,0x00,0xc1,
  0xeb,0x08,0x88,0x18,0x8b,0x84,0x24,0xb8,0x00,0x00,0x00,0x8d,0x44,0x07,0xf8,0x83,
  0xc7,0xf8,0x3b,0xd6,0x72,0x8c,0x89,0x8c,0x24,0xf4,0x00,0x00,0x00,0x8b,0xb4,0x24,
  0xdc,0x00,0x00,0x00,0x8b,0x94,0x24,0xf4,0x00,0x00,0x00,0x89,0x42,0x6c,0x46,0x3b,
  0xb4,0x24,0x14,0x01,0x00,0x00,0x0f,0x82,0x57,0xfe,0xff,0xff,0x8b,0xbc,0x24,0x98,
  0x00,0x00,0x00,0x66,0x0f,0xef,0xc0,0x8b,0x94,0x24,0xa4,0x00,0x00,0x00,0x8b,0x84,
  0x24,0x9c,0x00,0x00,0x00,0x03,0x84,0x24,0x14,0x01,0x00,0x00,0x0f,0xb6,0x0a,0x89,
  0x84,0x24,0x9c,0x00,0x00,0x00,0x3b,0xf9,0x0f,0x8c,0xb3,0xfd,0xff,0xff,0x8b,0x5c,
  0x24,0x18,0x8b,0xb4,0x24,0xf4,0x00,0x00,0x00,0xe9,0xb0,0x01,0x00,0x00,0x8b,0x84,
  0x24,0xf4,0x00,0x00,0x00,0xbe,0x01,0x00,0x00,0x00,0xd3,0xe6,0x89,0xb4,0x24,0x04,
  0x01,0x00,0x00,0x8b,0x90,0xb0,0x00,0x00,0x00,0x89,0x54,0x24,0x50,0x85,0xf6,0x0f,
  0x8e,0xca,0x03,0x00,0x00,0x8b,0xd6,0xd1,0xea,0x85,0xd2,0x0f,0x86,0xb4,0x03,0x00,
  0x00,0x8b,0xf3,0x33,0xc0,0xc1,0xe6,0x04,0x03,0xb4,0x24,0xa4,0x00,0x00,0x00,0x89,
  0x8c,0x24,0x0c,0x01,0x00,0x00,0x89,0xbc,0x24,0x98,0x00,0x00,0x00,0x8b,0x4c,0x24,
  0x50,0x0f,0xbf,0x7c,0x86,0x52,0x85,0xff,0x0f,0x8c,0x77,0x03,0x00,0x00,0x69,0xff,
  0x3c,0x08,0x00,0x00,0x8b,0x7c,0x0f,0x04,0x89,0xbc,0xc4,0xbc,0x00,0x00,0x00,0x0f,
  0xbf,0x7c,0x86,0x54,0x85,0xff,0x0f,0x8c,0x49,0x03,0x00,0x00,0x69,0xff,0x3c,0x08,
  0x00,0x00,0x8b,0x7c,0x0f,0x04,0x89,0xbc,0xc4,0xc0,0x00,0x00,0x00,0x40,0x3b,0xc2,
  0x72,0xbf,0x8b,0x8c,0x24,0x0c,0x01,0x00,0x00,0x8d,0x44,0x00,0x01,0x8b,0xbc,0x24,
  0x98,0x00,0x00,0x00,0x8d,0x50,0xff,0x3b,0x94,0x24,0x04,0x01,0x00,0x00,0x73,0x2e,
  0x8b,0xd3,0xc1,0xe2,0x04,0x03,0x94,0x24,0xa4,0x00,0x00,0x00,0x0f,0xbf,0x54,0x42,
  0x50,0x85,0xd2,0x0f,0x8c,0xec,0x02,0x00,0x00,0x69,0xd2,0x3c,0x08,0x00,0x00,0x8b,
  0x74,0x24,0x50,0x8b,0x54,0x32,0x04,0x89,0x94,0x84,0xb8,0x00,0x00,0x00,0x83,0xbc,
  0x24,0x14,0x01,0x00,0x00,0x00,0x0f,0x8e,0xc2,0x02,0x00,0x00,0x8b,0x94,0x24,0x94,
  0x00,0x00,0x00,0x33,0xc0,0x8b,0xb4,0x24,0x9c,0x00,0x00,0x00,0x89,0x44,0x24,0x44,
  0x89,0x84,0x24,0x08,0x01,0x00,0x00,0x89,0x9c,0x24,0x10,0x01,0x00,0x00,0x8d,0x14,
  0x72,0x89,0x94,0x24,0xf0,0x00,0x00,0x00,0x89,0x8c,0x24,0x0c,0x01,0x00,0x00,0x89,
  0xbc,0x24,0x98,0x00,0x00,0x00,0x33,0xff,0x8b,0x54,0x24,0x44,0x8b,0xb4,0x24,0xf0,
  0x00,0x00,0x00,0x0f,0xbf,0x0c,0x56,0x8b,0xdf,0x8b,0xbc,0x24,0x04,0x01,0x00,0x00,
  0x3b,0x8c,0x9c,0xbc,0x00,0x00,0x00,0x0f,0x8c,0x56,0x02,0x00,0x00,0x43,0x3b,0xdf,
  0x72,0xee,0x8b,0x5c,0x94,0x70,0x33,0xff,0x8b,0x8c,0x24,0x08,0x01,0x00,0x00,0x8b,
  0xb4,0x24,0x04,0x01,0x00,0x00,0x8b,0xbc,0x24,0x14,0x01,0x00,0x00,0xd3,0xe3,0x42,
  0x03,0x8c,0x24,0x0c,0x01,0x00,0x00,0x0b,0xc3,0x3b,0xd7,0x73,0x57,0x85,0xf6,0x7e,
  0x12,0x89,0x8c,0x24,0x08,0x01,0x00,0x00,0x33,0xff,0x8b,0xb4,0x24,0xf0,0x00,0x00,
  0x00,0xeb,0xa0,0x0f,0x1f,0x00,0x0f,0x1f,0x80,0x00,0x00,0x00,0x00,0x8b,0x5c,0x94,
  0x70,0xeb,0xca,0x8b,0x45,0x08,0xc7,0x44,0x98,0xfc,0x01,0x00,0x00,0x00,0x0f,0xbe,
  0x46,0x68,0x3b,0xd8,0x0f,0x8c,0xf7,0xf3,0xff,0xff,0x8b,0x74,0x24,0x10,0x8b,0x7c,
  0x24,0x14,0xb8,0x01,0x00,0x00,0x00,0x81,0xc4,0x1c,0x01,0x00,0x00,0x5b,0x8b,0xe5,
  0x5d,0xc2,0x04,0x00,0x8b,0x9c,0x24,0x10,0x01,0x00,0x00,0x8b,0xbc,0x24,0x98,0x00,
  0x00,0x00,0x8b,0x94,0x24,0xa4,0x00,0x00,0x00,0x8b,0x74,0x24,0x50,0x89,0x9c,0x24,
  0x10,0x01,0x00,0x00,0x0f,0xb6,0x54,0x13,0x41,0x69,0xca,0x3c,0x08,0x00,0x00,0x8b,
  0x5c,0x0e,0x2c,0x8b,0x54,0x0e,0x08,0x8b,0xb4,0x24,0xf4,0x00,0x00,0x00,0x8b,0x1c,
  0x83,0x0f,0xb6,0x04,0x02,0x8b,0x4e,0x6c,0x8b,0x76,0x74,0x23,0x1c,0x85,0x00,0x02,
  0xd1,0xa0,0x89,0x5c,0x24,0x60,0x8d,0x14,0x08,0xd3,0xe3,0x08,0x1e,0x89,0x44,0x24,
  0x5c,0x89,0x4c,0x24,0x58,0x8b,0x9c,0x24,0x10,0x01,0x00,0x00,0x83,0xfa,0x08,0x0f,
  0x8e,0x4f,0x01,0x00,0x00,0x8b,0x94,0x24,0xf4,0x00,0x00,0x00,0x8b,0x42,0x74,0x40,
  0x89,0x44,0x24,0x34,0x89,0x42,0x74,0x3b,0x42,0x78,0x72,0x35,0x8b,0xc2,0x80,0xb8,
  0xb5,0x06,0x00,0x00,0x00,0x0f,0x85,0x68,0xfb,0xff,0xff,0x8b,0xc8,0xe8,0x07,0x00,
  0x26,0x8c,0x8b,0xd0,0x66,0x0f,0xef,0xc0,0x85,0xd2,0x0f,0x84,0x53,0xfb,0xff,0xff,
  0x8b,0x84,0x24,0xf4,0x00,0x00,0x00,0x01,0x50,0x78,0x8b,0x50,0x74,0x89,0x54,0x24,
  0x34,0x8b,0x74,0x24,0x58,0x8b,0x54,0x24,0x5c,0x8b,0x84,0x24,0xf4,0x00,0x00,0x00,
  0x8d,0x54,0x32,0xf8,0x8b,0x74,0x24,0x34,0x8b,0x48,0x6c,0xf7,0xd9,0x83,0xc1,0x08,
  0xff,0x88,0xb8,0x06,0x00,0x00,0xff,0x88,0xdc,0x06,0x00,0x00,0x8b,0x44,0x24,0x60,
  0xd3,0xe8,0x89,0x44,0x24,0x60,0x88,0x06,0x89,0x54,0x24,0x1c,0x83,0xfa,0x08,0x0f,
  0x8e,0xbf,0x00,0x00,0x00,0x89,0x9c,0x24,0x10,0x01,0x00,0x00,0x8d,0x42,0xff,0xc1,
  0xf8,0x02,0xc1,0xe8,0x1d,0x89,0xbc,0x24,0x98,0x00,0x00,0x00,0x8b,0x8c,0x24,0xf4,
  0x00,0x00,0x00,0x8d,0x54,0x10,0xff,0x33,0xc0,0xc1,0xfa,0x03,0x33,0xf6,0x8b,0xd8,
  0x8b,0xfa,0x8b,0x51,0x74,0x42,0x89,0x51,0x74,0x3b,0x51,0x78,0x72,0x44,0x80,0xb9,
  0xb5,0x06,0x00,0x00,0x00,0x74,0x1e,0x89,0x8c,0x24,0xf4,0x00,0x00,0x00,0x8b,0x9c,
  0x24,0x10,0x01,0x00,0x00,0x66,0x0f,0xef,0xc0,0x8b,0xbc,0x24,0x98,0x00,0x00,0x00,
  0xe9,0x9e,0xfa,0xff,0xff,0x89,0x8c,0x24,0xf4,0x00,0x00,0x00,0xe8,0x07,0x00,0x26,
  0x8c,0x8b,0x8c,0x24,0xf4,0x00,0x00,0x00,0x85,0xc0,0x74,0xcb,0x01,0x41,0x78,0x8b,
  0x51,0x74,0x8b,0x44,0x24,0x60,0x43,0xff,0x89,0xb8,0x06,0x00,0x00,0xff,0x89,0xdc,
  0x06,0x00,0x00,0xc1,0xe8,0x08,0x88,0x02,0x8b,0x54,0x24,0x1c,0x89,0x44,0x24,0x60,
  0x8d,0x54,0x16,0xf8,0x83,0xc6,0xf8,0x3b,0xdf,0x72,0x87,0x89,0x8c,0x24,0xf4,0x00,
  0x00,0x00,0x8b,0x9c,0x24,0x10,0x01,0x00,0x00,0x66,0x0f,0xef,0xc0,0x8b,0xbc,0x24,
  0x98,0x00,0x00,0x00,0x8b,0x84,0x24,0xf4,0x00,0x00,0x00,0x89,0x50,0x6c,0xe9,0x30,
  0xfa,0xff,0xff,0x89,0x5c,0x94,0x70,0x33,0xff,0xe9,0xaa,0xfd,0xff,0xff,0x33,0xc0,
  0xe9,0x2d,0xfe,0xff,0xff,0xc7,0x84,0x84,0xb8,0x00,0x00,0x00,0x01,0x00,0x00,0x00,
  0xe9,0x19,0xfd,0xff,0xff,0xc7,0x84,0xc4,0xc0,0x00,0x00,0x00,0x01,0x00,0x00,0x00,
  0xe9,0xb8,0xfc,0xff,0xff,0xc7,0x84,0xc4,0xbc,0x00,0x00,0x00,0x01,0x00,0x00,0x00,
  0xe9,0x8a,0xfc,0xff,0xff,0xb8,0x01,0x00,0x00,0x00,0xe9,0xb5,0xfc,0xff,0xff,0x83,
  0xbc,0x24,0x14,0x01,0x00,0x00,0x00,0x7e,0xb5,0x8b,0x94,0x24,0x94,0x00,0x00,0x00,
  0x33,0xc0,0x8b,0xb4,0x24,0x9c,0x00,0x00,0x00,0x89,0x84,0x24,0x08,0x01,0x00,0x00,
  0x89,0x44,0x24,0x44,0x89,0x8c,0x24,0x0c,0x01,0x00,0x00,0x8d,0x14,0x72,0x89,0x94,
  0x24,0xf0,0x00,0x00,0x00,0x89,0xbc,0x24,0x98,0x00,0x00,0x00,0x89,0x9c,0x24,0x10,
  0x01,0x00,0x00,0x8b,0x8c,0x24,0x08,0x01,0x00,0x00,0x8b,0xd0,0x8b,0xb4,0x24,0x04,
  0x01,0x00,0x00,0x8b,0xbc,0x24,0x14,0x01,0x00,0x00,0xe9,0x44,0xfd,0xff,0xff,0x8b,
  0xce,0x8b,0x74,0x24,0x10,0x8b,0x7c,0x24,0x14,0x83,0xb9,0x90,0x00,0x00,0x00,0x00,
  0xc7,0x81,0x94,0x00,0x00,0x00,0x15,0x00,0x00,0x00,0x33,0xc0,0x81,0xc4,0x1c,0x01,
  0x00,0x00,0x5b,0x8b,0xe5,0x5d,0xc2,0x04,0x00,0x0f,0x1f,0x80,0x00,0x00,0x00,0x00,
  0x57,0x8b,0xf9,0x80,0xbf,0xb5,0x06,0x00,0x00,0x00,0x0f,0x85,0x31,0x01,0x00,0x00,
  0x8b,0x97,0xbc,0x06,0x00,0x00,0x83,0xfa,0xff,0x74,0x39,0x0f,0xb6,0x84,0x17,0xb4,
  0x03,0x00,0x00,0x42,0x3d,0xff,0x00,0x00,0x00,0x7d,0x07,0xc6,0x87,0xb5,0x06,0x00,
  0x00,0x01,0x3b,0x97,0xb0,0x03,0x00,0x00,0x7c,0x0c,0xc7,0x87,0xbc,0x06,0x00,0x00,
  0xff,0xff,0xff,0xff,0xeb,0x06,0x89,0x97,0xbc,0x06,0x00,0x00,0x89,0x87,0xb8,0x06,
  0x00,0x00,0x5f,0xc3,0x80,0x7f,0x69,0x02,0x0f,0x8d,0x9f,0x00,0x00,0x00,0x8b,0xcf,
  0xe8,0x07,0x01,0x85,0xfc,0x80,0x7f,0x69,0x00,0x0f,0x85,0x8e,0x00,0x00,0x00,0x8b,
  0x47,0x74,0xc7,0x00,0x4f,0x67,0x67,0x53,0x83,0x47,0x74,0x04,0x8b,0xcf,0xba,0x01,
  0x00,0x00,0x00,0x0f,0xbe,0x47,0x69,0x50,0xe8,0x07,0x01,0x57,0xbc,0x85,0xc0,0x0f,
  0x84,0x95,0x00,0x00,0x00,0xf6,0x87,0xb4,0x06,0x00,0x00,0x01,0x0f,0x84,0x93,0x00,
  0x00,0x00,0x80,0x7f,0x69,0x00,0x74,0x12,0xc6,0x87,0xa0,0x03,0x00,0x00,0x01,0x8b,
  0x97,0xbc,0x06,0x00,0x00,0xe9,0x61,0xff,0xff,0xff,0x0f,0xb6,0x97,0x9e,0x03,0x00,
  0x00,0x0f,0xb7,0x84,0x57,0xb4,0x04,0x00,0x00,0x42,0x88,0x97,0x9e,0x03,0x00,0x00,
  0x89,0x87,0xdc,0x06,0x00,0x00,0x3a,0x97,0x9f,0x03,0x00,0x00,0x72,0x09,0x0f,0xb6,
  0x87,0x9d,0x03,0x00,0x00,0xeb,0x05,0xb8,0x01,0x00,0x00,0x00,0x88,0x87,0x9c,0x03,
  0x00,0x00,0x8b,0x97,0xbc,0x06,0x00,0x00,0xe9,0x1e,0xff,0xff,0xff,0x8b,0x87,0xc0,
  0x06,0x00,0x00,0x3b,0x87,0xc8,0x06,0x00,0x00,0x0f,0x83,0xf3,0x00,0x00,0x00,0x0f,
  0xb6,0x10,0x40,0x89,0x87,0xc0,0x06,0x00,0x00,0x83,0xfa,0x4f,0x74,0x27,0x8b,0xcf,
  0xba,0x1e,0x00,0x00,0x00,0xe8,0x07,0x01,0xcd,0x9c,0xc6,0x87,0xb5,0x06,0x00,0x00,
  0x01,0x33,0xc0,0x5f,0xc3,0x8b,0xcf,0xba,0x20,0x00,0x00,0x00,0xe8,0x07,0x01,0xcd,
  0xac,0x33,0xc0,0x5f,0xc3,0x3b,0x87,0xc8,0x06,0x00,0x00,0x0f,0x83,0x8f,0x00,0x00,
  0x00,0x0f,0xb6,0x10,0x40,0x89,0x87,0xc0,0x06,0x00,0x00,0x83,0xfa,0x67,0x75,0xbe,
  0x3b,0x87,0xc8,0x06,0x00,0x00,0x73,0x59,0x0f,0xb6,0x10,0x40,0x89,0x87,0xc0,0x06,
  0x00,0x00,0x83,0xfa,0x67,0x75,0xa7,0x3b,0x87,0xc8,0x06,0x00,0x00,0x73,0x14,0x0f,
  0xb6,0x10,0x40,0x89,0x87,0xc0,0x06,0x00,0x00,0x83,0xfa,0x53,0x75,0x90,0xe9,0xe9,
  0xfe,0xff,0xff,0x33,0xd2,0x8b,0x0f,0xe8,0x07,0x00,0x73,0xbc,0x85,0xc0,0x7f,0x0f,
  0xc7,0x87,0x90,0x00,0x00,0x00,0x01,0x00,0x00,0x00,0xe9,0x6f,0xff,0xff,0xff,0x8b,
  0xcf,0x50,0x8b,0x17,0xe8,0x07,0x00,0x71,0xac,0x8b,0x87,0xc0,0x06,0x00,0x00,0xeb,
  0xbe,0x33,0xd2,0x8b,0x0f,0xe8,0x07,0x00,0x73,0xbc,0x85,0xc0,0x7e,0xd2,0x8b,0xcf,
  0x50,0x8b,0x17,0xe8,0x07,0x00,0x71,0xac,0x8b,0x87,0xc0,0x06,0x00,0x00,0xeb,0x88,
  0x33,0xd2,0x8b,0x0f,0xe8,0x07,0x00,0x73,0xbc,0x85,0xc0,0x7e,0xb3,0x8b,0xcf,0x50,
  0x8b,0x17,0xe8,0x07,0x00,0x71,0xac,0x8b,0x87,0xc0,0x06,0x00,0x00,0xe9,0x4f,0xff,
  0xff,0xff,0x33,0xd2,0x8b,0x0f,0xe8,0x07,0x00,0x73,0xbc,0x85,0xc0,0x7e,0x91,0x8b,
  0xcf,0x50,0x8b,0x17,0xe8,0x07,0x00,0x71,0xac,0x8b,0x87,0xc0,0x06,0x00,0x00,0xe9,
  0xeb,0xfe,0xff,0xff,0x0f,0x1f,0x44,0x00,0x00,0x0f,0x1f,0x80,0x00,0x00,0x00,0x00,
  0x57,0x53,0x55,0x83,0xec,0x1c,0x8b,0xe9,0x8b,0xfa,0x8b,0x5d,0x04,0x8b,0x55,0x00,
  0x81,0xfb,0x00,0x00,0x00,0x01,0x73,0x62,0x8b,0x45,0x08,0x89,0x7c,0x24,0x14,0x89,
  0x74,0x24,0x18,0xc1,0xe2,0x08,0x0f,0xb6,0x08,0x0b,0xd1,0xc1,0xe3,0x08,0x8d,0x48,
  0x01,0x89,0x55,0x00,0x3b,0x4d,0x10,0x72,0x2c,0x8b,0xf8,0x8b,0x4d,0x0c,0x2b,0xf9,
  0x47,0x8b,0x75,0x1c,0x2b,0xf7,0x85,0xf6,0x7f,0x04,0x8b,0xc8,0xeb,0x17,0x3b,0xf7,
  0x89,0x75,0x1c,0x0f,0x42,0xfe,0x8b,0x75,0x18,0x8d,0x04,0x39,0x89,0x45,0x10,0x80,
  0x7e,0x2d,0x00,0x74,0x5d,0x89,0x4d,0x08,0x8b,0xc1,0x81,0xfb,0x00,0x00,0x00,0x01,
  0x72,0xb1,0x8b,0x7c,0x24,0x14,0x8b,0x74,0x24,0x18,0x8b,0xcb,0xc1,0xe9,0x10,0x0f,
  0xb7,0x07,0x0f,0xaf,0xc8,0x3b,0xd1,0x72,0x1b,0x2b,0xd1,0x2b,0xd9,0x89,0x55,0x00,
  0x8b,0xd0,0xc1,0xea,0x06,0x89,0x5d,0x04,0x2b,0xc2,0x66,0x89,0x07,0xb8,0x01,0x00,
  0x00,0x00,0xeb,0x17,0x8b,0xd0,0xf7,0xda,0x81,0xc2,0xff,0xff,0x00,0x00,0xc1,0xea,
  0x06,0x89,0x4d,0x04,0x03,0xc2,0x66,0x89,0x07,0x33,0xc0,0x83,0xc4,0x1c,0x5d,0x5b,
  0x5f,0xc3,0x8b,0x06,0x85,0xc0,0x0f,0x8c,0x88,0x00,0x00,0x00,0x3d,0x00,0x00,0x08,
  0x00,0x7d,0x08,0x8b,0x56,0x04,0xe9,0x91,0x00,0x00,0x00,0x89,0x3c,0x24,0x89,0x5c,
  0x24,0x08,0x8b,0xd8,0x89,0x6c,0x24,0x0c,0x8b,0xe9,0x8b,0x7e,0x0c,0xc6,0x44,0x37,
  0x10,0x00,0x47,0x83,0xe7,0x03,0x89,0x7e,0x0c,0x8b,0x54,0xbe,0x14,0x89,0x56,0x04,
  0x80,0x7c,0x37,0x10,0x02,0x73,0x12,0x6a,0xff,0xff,0x76,0x24,0xff,0x15,0x00,0x02,
  0xd0,0x0c,0x80,0x7c,0x37,0x10,0x02,0x72,0xee,0x47,0x83,0xe7,0x03,0x80,0x7c,0x37,
  0x10,0x00,0x75,0x0e,0xc6,0x44,0x37,0x10,0x01,0xff,0x76,0x28,0xff,0x15,0x00,0x02,
  0xd0,0x08,0x81,0xc3,0x00,0x00,0xf8,0xff,0x81,0xfb,0x00,0x00,0x08,0x00,0x7d,0xaa,
  0x8b,0x3c,0x24,0x8b,0xc3,0x8b,0x5c,0x24,0x08,0x8b,0xcd,0x8b,0x6c,0x24,0x0c,0x8b,
  0x56,0x04,0xeb,0x18,0x8b,0x56,0x0c,0x05,0x00,0x00,0x08,0x00,0x83,0xc2,0x03,0x83,
  0xe2,0x03,0x89,0x56,0x0c,0x8b,0x54,0x96,0x14,0x89,0x56,0x04,0x89,0x5c,0x24,0x08,
  0x89,0x6c,0x24,0x0c,0x8b,0xe9,0x80,0x7e,0x2c,0x00,0x74,0x0e,0x8b,0x4e,0x0c,0x80,
  0x7c,0x31,0x10,0x03,0x0f,0x84,0x93,0x00,0x00,0x00,0x8b,0xd8,0xf7,0xdb,0x8d,0x8b,
  0x00,0x00,0x08,0x00,0x3b,0xf9,0x0f,0x8e,0xb9,0x00,0x00,0x00,0x85,0xc9,0x7e,0x2b,
  0x51,0x03,0xc2,0x50,0x55,0x89,0x4c,0x24,0x1c,0xe8,0x07,0x01,0xfc,0xfc,0x8b,0x4c,
  0x24,0x1c,0x83,0xc4,0x0c,0x8b,0x46,0x08,0x2b,0xf9,0x8d,0xac,0x1d,0x00,0x00,0x08,
  0x00,0x8d,0x94,0x18,0x00,0x00,0x08,0x00,0x89,0x56,0x08,0x8b,0x5e,0x0c,0xc6,0x44,
  0x33,0x10,0x00,0x43,0x83,0xe3,0x03,0x89,0x5e,0x0c,0x8b,0x44,0x9e,0x14,0x89,0x46,
  0x04,0x80,0x7c,0x33,0x10,0x02,0x73,0x12,0x6a,0xff,0xff,0x76,0x24,0xff,0x15,0x00,
  0x02,0xd0,0x0c,0x80,0x7c,0x33,0x10,0x02,0x72,0xee,0x43,0x83,0xe3,0x03,0x80,0x7c,
  0x33,0x10,0x00,0x75,0x0e,0xc6,0x44,0x33,0x10,0x01,0xff,0x76,0x28,0xff,0x15,0x00,
  0x02,0xd0,0x08,0x8b,0x56,0x04,0x33,0xc0,0xe9,0x59,0xff,0xff,0xff,0x8b,0x4e,0x30,
  0x8d,0x1c,0x38,0x3b,0xcb,0x0f,0x8d,0x5f,0xff,0xff,0xff,0x8b,0xf9,0x8b,0xcd,0x2b,
  0xf8,0x03,0xc2,0x8b,0x5c,0x24,0x08,0x8b,0x6c,0x24,0x0c,0x57,0x50,0x51,0xe8,0x07,
  0x01,0xfc,0xfc,0x83,0xc4,0x0c,0xc6,0x46,0x2d,0x01,0x8b,0x55,0x00,0x8b,0x4d,0x0c,
  0xe9,0x10,0xfe,0xff,0xff,0x8b,0x5c,0x24,0x08,0x8b,0xcd,0x8b,0x6c,0x24,0x0c,0x03,
  0xd0,0x57,0x52,0x51,0x89,0x44,0x24,0x10,0xe8,0x07,0x01,0xfc,0xfc,0x8b,0x44,0x24,
  0x10,0x83,0xc4,0x0c,0x03,0xc7,0x89,0x06,0x01,0x7e,0x08,0x8b,0x55,0x00,0x8b,0x4d,
  0x0c,0xe9,0xdf,0xfd,0xff,0xff,0x0f,0x1f,0x00,0x0f,0x1f,0x80,0x00,0x00,0x00,0x00,
  0x57,0x53,0x55,0x83,0xec,0x24,0x8b,0xfa,0x8b,0xd9,0x85,0xff,0x0f,0x84,0xff,0x01,
  0x00,0x00,0x8b,0x93,0xd4,0x06,0x00,0x00,0x83,0xbb,0xb8,0x06,0x00,0x00,0x00,0x75,
  0x12,0x80,0xbb,0xb5,0x06,0x00,0x00,0x00,0x74,0x09,0x83,0xfa,0x08,0x0f,0x8c,0x69,
  0x03,0x00,0x00,0x8b,0xca,0x83,0xe1,0x07,0x01,0x0d,0x00,0x03,0x95,0xfc,0x85,0xc9,
  0x74,0x22,0x85,0xd2,0x7c,0x26,0x3b,0xd1,0x0f,0x8c,0x55,0x03,0x00,0x00,0x8b,0x83,
  0xd0,0x06,0x00,0x00,0xd3,0xe8,0x2b,0xd1,0x89,0x83,0xd0,0x06,0x00,0x00,0x89,0x93,
  0xd4,0x06,0x00,0x00,0x85,0xd2,0x0f,0x84,0xad,0x08,0x00,0x00,0x33,0xed,0x85,0xd2,
  0x0f,0x8c,0x9c,0x08,0x00,0x00,0x83,0xfa,0x08,0x0f,0x8d,0x96,0x00,0x00,0x00,0x0f,
  0x8d,0x90,0x00,0x00,0x00,0x89,0x74,0x24,0x18,0xeb,0x0c,0x89,0x8b,0xd4,0x06,0x00,
  0x00,0x89,0x83,0xd0,0x06,0x00,0x00,0x8b,0x83,0xb8,0x06,0x00,0x00,0x85,0xc0,0x75,
  0x2c,0x80,0xbb,0xb5,0x06,0x00,0x00,0x00,0x75,0x0b,0x8b,0xcb,0xe8,0x07,0x00,0x26,
  0x8c,0x85,0xc0,0x75,0x12,0x8b,0x74,0x24,0x18,0xc7,0x83,0xd4,0x06,0x00,0x00,0xff,
  0xff,0xff,0xff,0x33,0xc0,0xeb,0x68,0x8b,0x83,0xb8,0x06,0x00,0x00,0x8b,0x93,0xc0,
  0x06,0x00,0x00,0x48,0xff,0x83,0xdc,0x06,0x00,0x00,0x89,0x83,0xb8,0x06,0x00,0x00,
  0x3b,0x93,0xc8,0x06,0x00,0x00,0x0f,0x83,0xa2,0x03,0x00,0x00,0x0f,0xb6,0x02,0x42,
  0x89,0x93,0xc0,0x06,0x00,0x00,0x8b,0x8b,0xd4,0x06,0x00,0x00,0xd3,0xe0,0x83,0xc1,
  0x08,0x03,0x83,0xd0,0x06,0x00,0x00,0x83,0xf9,0x08,0x0f,0x8c,0x7b,0xff,0xff,0xff,
  0xe9,0x6e,0x03,0x00,0x00,0x8b,0x83,0xd0,0x06,0x00,0x00,0x83,0xc2,0xf8,0x89,0x93,
  0xd4,0x06,0x00,0x00,0x8b,0xd0,0xc1,0xea,0x08,0x89,0x93,0xd0,0x06,0x00,0x00,0x8b,
  0x93,0xf0,0x06,0x00,0x00,0x88,0x04,0x2a,0x45,0x8b,0x93,0xd4,0x06,0x00,0x00,0x85,
  0xd2,0x0f,0x85,0x27,0xff,0xff,0xff,0x8b,0x83,0xb8,0x06,0x00,0x00,0x85,0xc0,0x75,
  0x21,0x80,0xbb,0xb5,0x06,0x00,0x00,0x00,0x74,0x07,0xb8,0xff,0xff,0xff,0xff,0xeb,
  0x3a,0x8b,0xcb,0xe8,0x07,0x00,0x26,0x8c,0x85,0xc0,0x74,0xee,0x8b,0x83,0xb8,0x06,
  0x00,0x00,0x8b,0x93,0xc0,0x06,0x00,0x00,0x48,0xff,0x83,0xdc,0x06,0x00,0x00,0x89,
  0x83,0xb8,0x06,0x00,0x00,0x3b,0x93,0xc8,0x06,0x00,0x00,0x0f,0x83,0x4e,0x07,0x00,
  0x00,0x0f,0xb6,0x02,0x42,0x89,0x93,0xc0,0x06,0x00,0x00,0x83,0xf8,0xff,0x74,0x63,
  0x8b,0x93,0xf0,0x06,0x00,0x00,0x88,0x04,0x2a,0x45,0x8b,0x83,0xb8,0x06,0x00,0x00,
  0x85,0xc0,0x75,0x21,0x80,0xbb,0xb5,0x06,0x00,0x00,0x00,0x74,0x07,0xb8,0xff,0xff,
  0xff,0xff,0xeb,0x3a,0x8b,0xcb,0xe8,0x07,0x00,0x26,0x8c,0x85,0xc0,0x74,0xee,0x8b,
  0x83,0xb8,0x06,0x00,0x00,0x8b,0x93,0xc0,0x06,0x00,0x00,0x48,0xff,0x83,0xdc,0x06,
  0x00,0x00,0x89,0x83,0xb8,0x06,0x00,0x00,0x3b,0x93,0xc8,0x06,0x00,0x00,0x0f,0x83,
  0xb8,0x06,0x00,0x00,0x0f,0xb6,0x02,0x42,0x89,0x93,0xc0,0x06,0x00,0x00,0x83,0xf8,
  0xff,0x75,0x9d,0x83,0xff,0x02,0x0f,0x84,0xbb,0x02,0x00,0x00,0xe9,0x8b,0x01,0x00,
  0x00,0x83,0x7b,0x6c,0x00,0x75,0x08,0x8b,0x43,0x74,0x8b,0x53,0x78,0xeb,0x3b,0x8b,
  0x43,0x74,0x40,0x8b,0x53,0x78,0x89,0x43,0x74,0x3b,0xc2,0x72,0x21,0x80,0xbb,0xb5,
  0x06,0x00,0x00,0x00,0x75,0x24,0x8b,0xcb,0xe8,0x07,0x00,0x26,0x8c,0x8b,0xd0,0x85,
  0xd2,0x74,0xd4,0x8b,0x43,0x78,0x03,0xd0,0x8b,0x43,0x74,0x89,0x53,0x78,0xff,0x8b,
  0xb8,0x06,0x00,0x00,0xff,0x8b,0xdc,0x06,0x00,0x00,0xc7,0x43,0x6c,0x00,0x00,0x00,
  0x00,0x3b,0xc2,0x72,0x0d,0x80,0xbb,0xb5,0x06,0x00,0x00,0x00,0x0f,0x85,0x2a,0x01,
  0x00,0x00,0x8b,0x93,0x88,0x00,0x00,0x00,0x8d,0x7b,0x04,0x81,0xc2,0x28,0x04,0x00,
  0x00,0x8b,0xcf,0xe8,0x07,0x00,0x28,0xbc,0x85,0xc0,0x0f,0x85,0xd2,0x00,0x00,0x00,
  0x89,0x74,0x24,0x18,0x33,0xed,0x83,0xe5,0xf0,0x8b,0xcf,0xc1,0xe5,0x05,0x8b,0x83,
  0x88,0x00,0x00,0x00,0x8d,0xac,0x05,0x30,0x04,0x00,0x00,0x8d,0x55,0x02,0xe8,0x07,
  0x00,0x28,0xbc,0x8b,0xcf,0x8d,0x44,0x00,0x04,0x89,0x04,0x24,0x8d,0x54,0x05,0x00,
  0xe8,0x07,0x00,0x28,0xbc,0x8b,0xf0,0x03,0x34,0x24,0x8b,0xcf,0x8d,0x54,0x75,0x00,
  0xe8,0x07,0x00,0x28,0xbc,0x8b,0xcf,0x8d,0x34,0x70,0x8d,0x54,0x75,0x00,0xe8,0x07,
  0x00,0x28,0xbc,0x8b,0xcf,0x8d,0x34,0x70,0x8d,0x54,0x75,0x00,0xe8,0x07,0x00,0x28,
  0xbc,0x8b,0xcf,0x8d,0x34,0x70,0x8d,0x54,0x75,0x00,0xe8,0x07,0x00,0x28,0xbc,0x8b,
  0xcf,0x8d,0x34,0x70,0x8d,0x54,0x75,0x00,0xe8,0x07,0x00,0x28,0xbc,0x8b,0xcf,0x8d,
  0x34,0x70,0x8d,0x54,0x75,0x00,0xe8,0x07,0x00,0x28,0xbc,0x8d,0x04,0x70,0x8b,0x73,
  0x74,0x0f,0xb6,0xe8,0x88,0x06,0x8b,0x53,0x74,0x42,0x89,0x53,0x74,0x3b,0x53,0x78,
  0x72,0x1f,0x80,0xbb,0xb5,0x06,0x00,0x00,0x00,0x0f,0x85,0x6f,0x04,0x00,0x00,0x8b,
  0xcb,0xe8,0x07,0x00,0x26,0x8c,0x85,0xc0,0x0f,0x84,0x60,0x04,0x00,0x00,0x01,0x43,
  0x78,0xff,0x8b,0xb8,0x06,0x00,0x00,0xff,0x8b,0xdc,0x06,0x00,0x00,0xe9,0x34,0xff,
  0xff,0xff,0x8b,0x43,0x74,0xc6,0x00,0x00,0x8b,0x43,0x74,0x40,0x89,0x43,0x74,0x3b,
  0x43,0x78,0x72,0x1a,0x80,0xbb,0xb5,0x06,0x00,0x00,0x00,0x75,0x1f,0x8b,0xcb,0xe8,
  0x07,0x00,0x26,0x8c,0x85,0xc0,0x74,0x14,0x01,0x43,0x78,0x8b,0x43,0x74,0xff,0x8b,
  0xb8,0x06,0x00,0x00,0xff,0x8b,0xdc,0x06,0x00,0x00,0xeb,0xc9,0x83,0xc4,0x24,0x5d,
  0x5b,0x5f,0xc3,0x85,0xd2,0x75,0x0a,0xc7,0x83,0xd0,0x06,0x00,0x00,0x00,0x00,0x00,
  0x00,0x8b,0xe9,0xeb,0x0c,0x89,0x8b,0xd4,0x06,0x00,0x00,0x89,0x83,0xd0,0x06,0x00,
  0x00,0x8b,0x83,0xb8,0x06,0x00,0x00,0x85,0xc0,0x75,0x2e,0x80,0xbb,0xb5,0x06,0x00,
  0x00,0x00,0x75,0x0b,0x8b,0xcb,0xe8,0x07,0x00,0x26,0x8c,0x85,0xc0,0x75,0x14,0xc7,
  0x83,0xd4,0x06,0x00,0x00,0xff,0xff,0xff,0xff,0xba,0xff,0xff,0xff,0xff,0xe9,0x79,
  0xfc,0xff,0xff,0x8b,0x83,0xb8,0x06,0x00,0x00,0x8b,0x93,0xc0,0x06,0x00,0x00,0x48,
  0xff,0x83,0xdc,0x06,0x00,0x00,0x89,0x83,0xb8,0x06,0x00,0x00,0x3b,0x93,0xc8,0x06,
  0x00,0x00,0x73,0x3c,0x0f,0xb6,0x02,0x42,0x89,0x93,0xc0,0x06,0x00,0x00,0x8b,0x8b,
  0xd4,0x06,0x00,0x00,0xd3,0xe0,0x83,0xc1,0x08,0x03,0x83,0xd0,0x06,0x00,0x00,0x3b,
  0xcd,0x7c,0x82,0x8b,0xd1,0x8b,0xcd,0x85,0xd2,0x0f,0x89,0x15,0xfc,0xff,0xff,0x89,
  0x83,0xd0,0x06,0x00,0x00,0x89,0x93,0xd4,0x06,0x00,0x00,0xe9,0x1c,0xfc,0xff,0xff,
  0x33,0xd2,0x8b,0x0b,0xe8,0x07,0x00,0x73,0xbc,0x85,0xc0,0x7f,0x14,0xc7,0x83,0x90,
  0x00,0x00,0x00,0x01,0x00,0x00,0x00,0x33,0xc0,0x8b,0x8b,0xd4,0x06,0x00,0x00,0xeb,
  0xb3,0x8b,0xcb,0x50,0x8b,0x13,0xe8,0x07,0x00,0x71,0xac,0x8b,0x93,0xc0,0x06,0x00,
  0x00,0xeb,0x91,0x8b,0x74,0x24,0x18,0x8b,0xd1,0xe9,0x8d,0xfc,0xff,0xff,0x33,0xd2,
  0x8b,0x0b,0xe8,0x07,0x00,0x73,0xbc,0x85,0xc0,0x7f,0x17,0xc7,0x83,0x90,0x00,0x00,
  0x00,0x01,0x00,0x00,0x00,0x33,0xc0,0x8b,0x8b,0xd4,0x06,0x00,0x00,0xe9,0x4a,0xfc,
  0xff,0xff,0x8b,0xcb,0x50,0x8b,0x13,0xe8,0x07,0x00,0x71,0xac,0x8b,0x93,0xc0,0x06,
  0x00,0x00,0xe9,0x25,0xfc,0xff,0xff,0x85,0xed,0x0f,0x84,0xcd,0xfe,0xff,0xff,0xba,
  0x00,0x00,0x00,0x00,0x0f,0x86,0xc5,0x03,0x00,0x00,0x8b,0x83,0xf0,0x06,0x00,0x00,
  0x80,0x38,0x00,0x0f,0x85,0xb6,0x03,0x00,0x00,0x42,0x3b,0xd5,0x0f,0x83,0xc5,0x02,
  0x00,0x00,0x80,0x3c,0x02,0x00,0x74,0xf1,0x8b,0x8b,0x88,0x00,0x00,0x00,0x0f,0xb7,
  0x53,0x0a,0x0f,0xb7,0xb9,0x28,0x04,0x00,0x00,0x8b,0xc7,0x0f,0xaf,0xd7,0xf7,0xd8,
  0x05,0xff,0xff,0x00,0x00,0xc1,0xe8,0x06,0x03,0xf8,0x66,0x89,0xb9,0x28,0x04,0x00,
  0x00,0x89,0x53,0x08,0x81,0xfa,0x00,0x00,0x00,0x01,0x73,0x65,0x8b,0x7b,0x0c,0x8b,
  0x43,0x18,0x89,0x74,0x24,0x18,0xc1,0xe8,0x18,0x88,0x07,0x47,0x3b,0x7b,0x14,0x72,
  0x2f,0x8b,0x43,0x10,0x2b,0xf8,0x75,0x04,0x33,0xc9,0xeb,0x04,0x0f,0xbd,0xcf,0x41,
  0x83,0xc1,0x1e,0xbe,0x01,0x00,0x00,0x00,0xd3,0xe6,0x03,0xf7,0x56,0x50,0xe8,0x07,
  0x02,0x43,0x32,0x83,0xc4,0x08,0x03,0xf0,0x03,0xf8,0x89,0x43,0x10,0x89,0x73,0x14,
  0x8b,0x53,0x08,0xc1,0xe2,0x08,0x8b,0x43,0x18,0xc1,0xe0,0x08,0x89,0x43,0x18,0x89,
  0x53,0x08,0x81,0xfa,0x00,0x00,0x00,0x01,0x72,0xac,0x8b,0x74,0x24,0x18,0x89,0x7b,
  0x0c,0x85,0xed,0x0f,0x86,0x03,0xfe,0xff,0xff,0x33,0xc0,0x89,0x54,0x24,0x0c,0x33,
  0xff,0x89,0x74,0x24,0x18,0x83,0xe0,0xf0,0xba,0x01,0x00,0x00,0x00,0xc1,0xe0,0x05,
  0x33,0xf6,0x8b,0xc8,0x8b,0x83,0xf0,0x06,0x00,0x00,0x03,0x8b,0x88,0x00,0x00,0x00,
  0x89,0x7c,0x24,0x04,0x0f,0xb6,0x04,0x38,0x89,0x4c,0x24,0x1c,0x89,0x44,0x24,0x20,
  0x89,0x6c,0x24,0x08,0x8b,0x7c,0x24,0x0c,0x8b,0xce,0x8b,0x44,0x24,0x1c,0xf7,0xd9,
  0x83,0xc1,0x07,0x8b,0x6c,0x24,0x20,0xc1,0xef,0x10,0xd3,0xed,0x0f,0xb7,0x84,0x50,
  0x30,0x04,0x00,0x00,0x0f,0xaf,0xf8,0x83,0xe5,0x01,0x0f,0x85,0x92,0x00,0x00,0x00,
  0x8b,0xc8,0xf7,0xd9,0x81,0xc1,0xff,0xff,0x00,0x00,0xc1,0xe9,0x06,0x03,0xc1,0x8b,
  0x4c,0x24,0x1c,0x66,0x89,0x84,0x51,0x30,0x04,0x00,0x00,0x89,0x7b,0x08,0x81,0xff,
  0x00,0x00,0x00,0x01,0x0f,0x83,0x5d,0x01,0x00,0x00,0x8b,0x43,0x18,0x8b,0x4b,0x0c,
  0x8b,0xf9,0x89,0x34,0x24,0x89,0x54,0x24,0x10,0xc1,0xe8,0x18,0x88,0x07,0x47,0x3b,
  0x7b,0x14,0x72,0x2f,0x8b,0x43,0x10,0x2b,0xf8,0x75,0x04,0x33,0xc9,0xeb,0x04,0x0f,
  0xbd,0xcf,0x41,0x83,0xc1,0x1e,0xbe,0x01,0x00,0x00,0x00,0xd3,0xe6,0x03,0xf7,0x56,
  0x50,0xe8,0x07,0x02,0x43,0x32,0x83,0xc4,0x08,0x03,0xf0,0x03,0xf8,0x89,0x43,0x10,
  0x89,0x73,0x14,0x8b,0x53,0x08,0xc1,0xe2,0x08,0x8b,0x43,0x18,0xc1,0xe0,0x08,0x89,
  0x43,0x18,0x89,0x53,0x08,0x81,0xfa,0x00,0x00,0x00,0x01,0x72,0xac,0xe9,0xe7,0x00,
  0x00,0x00,0x8b,0xc8,0xc1,0xe9,0x06,0x2b,0xc1,0x8b,0x4c,0x24,0x1c,0x66,0x89,0x84,
  0x51,0x30,0x04,0x00,0x00,0x8b,0x43,0x18,0x8d,0x0c,0x07,0xf7,0xdf,0x03,0x7b,0x08,
  0x89,0x4b,0x18,0x89,0x7b,0x08,0x3b,0xc1,0x76,0x54,0x8b,0x7b,0x0c,0x4f,0x8b,0xcf,
  0x0f,0xb6,0x07,0x3d,0xff,0x00,0x00,0x00,0x75,0x3e,0x89,0x54,0x24,0x10,0x33,0xff,
  0x89,0x5c,0x24,0x14,0x47,0x8d,0x1c,0x3f,0xf7,0xdb,0x03,0xd9,0x0f,0xb6,0x43,0x01,
  0x8d,0x53,0x01,0xc6,0x43,0x02,0x00,0x3d,0xff,0x00,0x00,0x00,0x75,0x10,0x0f,0xb6,
  0x03,0x8b,0xd3,0xc6,0x43,0x01,0x00,0x3d,0xff,0x00,0x00,0x00,0x74,0xd6,0x8b,0xfa,
  0x8b,0x54,0x24,0x10,0x8b,0x5c,0x24,0x14,0x40,0x88,0x07,0x8b,0x7b,0x08,0x81,0xff,
  0x00,0x00,0x00,0x01,0x73,0x71,0x8b,0x43,0x18,0x8b,0x4b,0x0c,0x8b,0xf9,0x89,0x34,
  0x24,0x89,0x54,0x24,0x10,0xc1,0xe8,0x18,0x88,0x07,0x47,0x3b,0x7b,0x14,0x72,0x2f,
  0x8b,0x43,0x10,0x2b,0xf8,0x75,0x04,0x33,0xc9,0xeb,0x04,0x0f,0xbd,0xcf,0x41,0x83,
  0xc1,0x1e,0xbe,0x01,0x00,0x00,0x00,0xd3,0xe6,0x03,0xf7,0x56,0x50,0xe8,0x07,0x02,
  0x43,0x32,0x83,0xc4,0x08,0x03,0xf0,0x03,0xf8,0x89,0x43,0x10,0x89,0x73,0x14,0x8b,
  0x53,0x08,0xc1,0xe2,0x08,0x8b,0x43,0x18,0xc1,0xe0,0x08,0x89,0x43,0x18,0x89,0x53,
  0x08,0x81,0xfa,0x00,0x00,0x00,0x01,0x72,0xac,0x8b,0xcf,0x8b,0xfa,0x8b,0x34,0x24,
  0x8b,0x54,0x24,0x10,0x89,0x4b,0x0c,0x03,0xd2,0x46,0x0b,0xd5,0x83,0xfe,0x08,0x0f,
  0x82,0x43,0xfe,0xff,0xff,0x89,0x7c,0x24,0x0c,0x8b,0x7c,0x24,0x04,0x47,0x8b,0x6c,
  0x24,0x08,0x8b,0x44,0x24,0x20,0x3b,0xfd,0x0f,0x82,0xf7,0xfd,0xff,0xff,0x8b,0x74,
  0x24,0x18,0xe9,0xe5,0xfb,0xff,0xff,0x8b,0xbb,0x88,0x00,0x00,0x00,0x0f,0xb7,0x43,
  0x0a,0x0f,0xb7,0xaf,0x28,0x04,0x00,0x00,0x8b,0xd5,0xc1,0xea,0x06,0x0f,0xaf,0xc5,
  0x2b,0xea,0x66,0x89,0xaf,0x28,0x04,0x00,0x00,0x8b,0x53,0x18,0x8b,0x7b,0x08,0x2b,
  0xf8,0x89,0x7b,0x08,0x8d,0x2c,0x02,0x89,0x6b,0x18,0x3b,0xd5,0x76,0x43,0x8b,0x53,
  0x0c,0x4a,0x8b,0xfa,0x0f,0xb6,0x02,0x3d,0xff,0x00,0x00,0x00,0x75,0x2d,0x33,0xed,
  0x45,0x8d,0x4c,0x2d,0x00,0xf7,0xd9,0x03,0xcf,0x0f,0xb6,0x41,0x01,0x8d,0x51,0x01,
  0xc6,0x41,0x02,0x00,0x3d,0xff,0x00,0x00,0x00,0x75,0x10,0x0f,0xb6,0x01,0x8b,0xd1,
  0xc6,0x41,0x01,0x00,0x3d,0xff,0x00,0x00,0x00,0x74,0xd5,0x40,0x88,0x02,0x8b,0x7b,
  0x08,0x81,0xff,0x00,0x00,0x00,0x01,0x0f,0x83,0x5f,0xfb,0xff,0xff,0x8b,0x7b,0x0c,
  0x8b,0x43,0x18,0xc1,0xe8,0x18,0x88,0x07,0x47,0x3b,0x7b,0x14,0x72,0x2f,0x8b,0x43,
  0x10,0x2b,0xf8,0x75,0x04,0x33,0xc9,0xeb,0x04,0x0f,0xbd,0xcf,0x41,0x83,0xc1,0x1e,
  0xbd,0x01,0x00,0x00,0x00,0xd3,0xe5,0x03,0xef,0x55,0x50,0xe8,0x07,0x02,0x43,0x32,
  0x83,0xc4,0x08,0x03,0xe8,0x03,0xf8,0x89,0x43,0x10,0x89,0x6b,0x14,0x8b,0x53,0x08,
  0xc1,0xe2,0x08,0x8b,0x43,0x18,0xc1,0xe0,0x08,0x89,0x43,0x18,0x89,0x53,0x08,0x81,
  0xfa,0x00,0x00,0x00,0x01,0x72,0xac,0x89,0x7b,0x0c,0xe9,0xfd,0xfa,0xff,0xff,0x85,
  0xed,0x0f,0x87,0x51,0xfc,0xff,0xff,0xe9,0x0b,0xff,0xff,0xff,0x33,0xd2,0x8b,0x0b,
  0xe8,0x07,0x00,0x73,0xbc,0x85,0xc0,0x7f,0x11,0xc7,0x83,0x90,0x00,0x00,0x00,0x01,
  0x00,0x00,0x00,0x33,0xc0,0xe9,0x34,0xf9,0xff,0xff,0x8b,0xcb,0x50,0x8b,0x13,0xe8,
  0x07,0x00,0x71,0xac,0x8b,0x93,0xc0,0x06,0x00,0x00,0xe9,0x15,0xf9,0xff,0xff,0x33,
  0xd2,0x8b,0x0b,0xe8,0x07,0x00,0x73,0xbc,0x85,0xc0,0x7f,0x11,0xc7,0x83,0x90,0x00,
  0x00,0x00,0x01,0x00,0x00,0x00,0x33,0xc0,0xe9,0x9e,0xf8,0xff,0xff,0x8b,0xcb,0x50,
  0x8b,0x13,0xe8,0x07,0x00,0x71,0xac,0x8b,0x93,0xc0,0x06,0x00,0x00,0xe9,0x7f,0xf8,
  0xff,0xff,0x33,0xc0,0xe9,0x16,0xf8,0xff,0xff,0x33,0xed,0xe9,0x27,0xf8,0xff,0xff,
  0x56,0x57,0x53,0x55,0x83,0xec,0x14,0x8b,0xd9,0x85,0xdb,0x0f,0x84,0x47,0x02,0x00,
  0x00,0x8b,0x93,0x40,0x01,0x00,0x00,0x8b,0xab,0xb0,0x00,0x00,0x00,0x8b,0xbb,0xc4,
  0x01,0x00,0x00,0x85,0xd2,0x0f,0x8e,0x88,0x00,0x00,0x00,0x33,0xc0,0x89,0x54,0x24,
  0x10,0x8b,0xf0,0x89,0x1c,0x24,0x8d,0x1c,0x76,0x8b,0x44,0xdf,0x10,0x85,0xc0,0x74,
  0x57,0x0f,0xb6,0x54,0xdf,0x0d,0x69,0xca,0x3c,0x08,0x00,0x00,0x8b,0x4c,0x29,0x04,
  0x85,0xc9,0x7e,0x3b,0x33,0xd2,0x89,0x74,0x24,0x0c,0x8b,0xf3,0x89,0x7c,0x24,0x08,
  0x8b,0xf8,0x89,0x6c,0x24,0x04,0x8b,0xda,0x8b,0xe9,0x8b,0x04,0x9f,0x85,0xc0,0x74,
  0x09,0x50,0xe8,0x07,0x02,0x43,0x15,0x83,0xc4,0x04,0x43,0x3b,0xdd,0x7c,0xeb,0x8b,
  0x6c,0x24,0x04,0x8b,0xde,0x8b,0x74,0x24,0x0c,0x8b,0xc7,0x8b,0x7c,0x24,0x08,0x50,
  0xe8,0x07,0x02,0x43,0x15,0x83,0xc4,0x04,0x8b,0x54,0xdf,0x14,0x85,0xd2,0x74,0x09,
  0x52,0xe8,0x07,0x02,0x43,0x15,0x83,0xc4,0x04,0x46,0x3b,0x74,0x24,0x10,0x7c,0x86,
  0x8b,0x1c,0x24,0x85,0xed,0x0f,0x84,0x98,0x00,0x00,0x00,0x8b,0x8b,0xac,0x00,0x00,
  0x00,0x85,0xc9,0x0f,0x8e,0x81,0x00,0x00,0x00,0x33,0xd2,0x89,0x7c,0x24,0x08,0x8b,
  0xf2,0x89,0x1c,0x24,0x8b,0xda,0x8b,0xf9,0x8b,0x44,0x2e,0x08,0x85,0xc0,0x74,0x09,
  0x50,0xe8,0x07,0x02,0x43,0x15,0x83,0xc4,0x04,0x8b,0x44,0x2e,0x28,0x85,0xc0,0x74,
  0x09,0x50,0xe8,0x07,0x02,0x43,0x15,0x83,0xc4,0x04,0x8b,0x44,0x2e,0x2c,0x85,0xc0,
  0x74,0x09,0x50,0xe8,0x07,0x02,0x43,0x15,0x83,0xc4,0x04,0x8b,0x84,0x2e,0x30,0x08,
  0x00,0x00,0x85,0xc0,0x74,0x09,0x50,0xe8,0x07,0x02,0x43,0x15,0x83,0xc4,0x04,0x8b,
  0x84,0x2e,0x34,0x08,0x00,0x00,0x85,0xc0,0x74,0x0e,0x83,0xc0,0xfc,0x74,0x09,0x50,
  0xe8,0x07,0x02,0x43,0x15,0x83,0xc4,0x04,0x43,0x81,0xc6,0x3c,0x08,0x00,0x00,0x3b,
  0xdf,0x7c,0x95,0x8b,0x7c,0x24,0x08,0x8b,0x1c,0x24,0x55,0xe8,0x07,0x02,0x43,0x15,
  0x83,0xc4,0x04,0x8b,0x83,0x38,0x01,0x00,0x00,0x85,0xc0,0x74,0x09,0x50,0xe8,0x07,
  0x02,0x43,0x15,0x83,0xc4,0x04,0x85,0xff,0x74,0x09,0x57,0xe8,0x07,0x02,0x43,0x15,
  0x83,0xc4,0x04,0x8b,0x83,0x3c,0x01,0x00,0x00,0x85,0xc0,0x74,0x09,0x50,0xe8,0x07,
  0x02,0x43,0x15,0x83,0xc4,0x04,0x8b,0x83,0xc8,0x01,0x00,0x00,0x8b,0xab,0xcc,0x01,
  0x00,0x00,0x85,0xc0,0x7e,0x1d,0x33,0xff,0x8b,0xf0,0x8d,0x14,0xbf,0x8b,0x54,0xd5,
  0x04,0x85,0xd2,0x74,0x09,0x52,0xe8,0x07,0x02,0x43,0x15,0x83,0xc4,0x04,0x47,0x3b,
  0xfe,0x7c,0xe7,0x85,0xed,0x74,0x09,0x55,0xe8,0x07,0x02,0x43,0x15,0x83,0xc4,0x04,
  0x0f,0xbe,0x7b,0x68,0x85,0xff,0x7e,0x2f,0x33,0xed,0x8b,0x84,0xab,0x54,0x03,0x00,
  0x00,0x85,0xc0,0x74,0x09,0x50,0xe8,0x07,0x02,0x43,0x15,0x83,0xc4,0x04,0x8b,0x84,
  0xab,0x74,0x03,0x00,0x00,0x85,0xc0,0x74,0x09,0x50,0xe8,0x07,0x02,0x43,0x15,0x83,
  0xc4,0x04,0x45,0x3b,0xef,0x7c,0xd3,0x8b,0x83,0x94,0x03,0x00,0x00,0x85,0xc0,0x74,
  0x09,0x50,0xe8,0x07,0x02,0x43,0x15,0x83,0xc4,0x04,0x8b,0x83,0x98,0x03,0x00,0x00,
  0x85,0xc0,0x74,0x09,0x50,0xe8,0x07,0x02,0x43,0x15,0x83,0xc4,0x04,0x8b,0x83,0xf0,
  0x06,0x00,0x00,0x85,0xc0,0x74,0x09,0x50,0xe8,0x07,0x02,0x43,0x15,0x83,0xc4,0x04,
  0x8b,0x83,0xc4,0x06,0x00,0x00,0x85,0xc0,0x74,0x09,0x50,0xe8,0x07,0x02,0x43,0x15,
  0x83,0xc4,0x04,0x8b,0x43,0x70,0x85,0xc0,0x74,0x0e,0x83,0xc0,0xfe,0x74,0x09,0x50,
  0xe8,0x07,0x02,0x43,0x15,0x83,0xc4,0x04,0x83,0xc4,0x14,0x5d,0x5b,0x5f,0x5e,0xc3,
  0x55,0x8b,0xec,0x83,0xe4,0xf0,0x56,0x57,0x53,0x81,0xec,0x84,0x04,0x00,0x00,0x8b,
  0xf9,0x0f,0xbe,0x47,0x69,0x83,0xf8,0x02,0x7d,0x0b,0x8b,0xcf,0xe8,0x07,0x01,0x85,
  0xfc,0x0f,0xbe,0x47,0x69,0x85,0xc0,0x0f,0x85,0xca,0x09,0x00,0x00,0x8b,0x47,0x74,
  0xc7,0x00,0x4f,0x67,0x67,0x53,0x83,0x47,0x74,0x04,0x8b,0xcf,0xba,0x02,0x00,0x00,
  0x00,0x0f,0xbe,0x47,0x69,0x50,0xe8,0x07,0x01,0x57,0xbc,0x85,0xc0,0x0f,0x84,0xd5,
  0x09,0x00,0x00,0xc6,0x87,0xa1,0x03,0x00,0x00,0x01,0x83,0xbf,0xb0,0x03,0x00,0x00,
  0x01,0x0f,0x85,0x75,0x09,0x00,0x00,0x80,0xbf,0xb4,0x03,0x00,0x00,0x1e,0x0f,0x85,
  0x68,0x09,0x00,0x00,0x80,0x7f,0x69,0x00,0x75,0x2f,0x8b,0x47,0x74,0xbb,0x69,0x73,
  0x00,0x00,0xc6,0x00,0x01,0x8b,0x57,0x74,0xc7,0x42,0x01,0x76,0x6f,0x72,0x62,0x8b,
  0x77,0x74,0x66,0x89,0x5e,0x05,0x8b,0x47,0x74,0xc7,0x40,0x07,0x00,0x00,0x00,0x00,
  0x83,0x47,0x74,0x0b,0xe9,0x96,0x00,0x00,0x00,0x8b,0xcf,0xe8,0x07,0x01,0x85,0xac,
  0x3c,0x01,0x0f,0x85,0x24,0x09,0x00,0x00,0x8b,0x97,0xc0,0x06,0x00,0x00,0x8d,0x42,
  0x06,0x3b,0x87,0xc8,0x06,0x00,0x00,0x76,0x25,0x8b,0xcf,0xba,0x0a,0x00,0x00,0x00,
  0xc7,0x87,0x90,0x00,0x00,0x00,0x01,0x00,0x00,0x00,0xe8,0x07,0x01,0xcd,0x5c,0x33,
  0xc0,0x81,0xc4,0x84,0x04,0x00,0x00,0x5b,0x5f,0x5e,0x8b,0xe5,0x5d,0xc3,0x8b,0x02,
  0x89,0x84,0x24,0x70,0x04,0x00,0x00,0x0f,0xb7,0x52,0x04,0x66,0x89,0x94,0x24,0x74,
  0x04,0x00,0x00,0x83,0x87,0xc0,0x06,0x00,0x00,0x06,0x8d,0x84,0x24,0x70,0x04,0x00,
  0x00,0x6a,0x06,0x68,0x00,0x03,0x80,0x00,0x50,0xe8,0x07,0x01,0xfd,0x2c,0x83,0xc4,
  0x0c,0x85,0xc0,0x0f,0x85,0xb3,0x08,0x00,0x00,0x8b,0xcf,0xe8,0x07,0x01,0x6f,0x2c,
  0x85,0xc0,0x0f,0x85,0xa4,0x08,0x00,0x00,0x83,0x05,0x00,0x03,0x95,0xf0,0x58,0x6a,
  0x01,0x6a,0x00,0x8b,0x87,0x98,0x00,0x00,0x00,0x8d,0x5f,0x04,0x6a,0x04,0x05,0x00,
  0x20,0x01,0x00,0x8b,0xd3,0x50,0x0f,0xbe,0x4f,0x69,0x57,0xe8,0x07,0x01,0x4c,0x1c,
  0x88,0x47,0x68,0x0f,0xbe,0xc0,0x85,0xc0,0x0f,0x84,0x6e,0x08,0x00,0x00,0x83,0xf8,
  0x08,0x0f,0x8f,0x5a,0x38,0x00,0x00,0x6a,0x01,0x6a,0x00,0x8b,0x87,0x98,0x00,0x00,
  0x00,0x8b,0xd3,0x6a,0x04,0x05,0x00,0x40,0x01,0x00,0x50,0x0f,0xbe,0x4f,0x69,0x57,
  0xe8,0x07,0x01,0x42,0x5c,0x85,0xc0,0x0f,0x84,0x3f,0x08,0x00,0x00,0x6a,0x01,0x6a,
  0x00,0x8b,0x87,0x98,0x00,0x00,0x00,0x8b,0xd3,0x6a,0x04,0x05,0x00,0x60,0x01,0x00,
  0x50,0x0f,0xbe,0x4f,0x69,0x57,0xe8,0x07,0x01,0x42,0x5c,0x6a,0x01,0x6a,0x00,0x8b,
  0x87,0x98,0x00,0x00,0x00,0x8b,0xd3,0x6a,0x04,0x05,0x00,0x80,0x01,0x00,0x50,0x0f,
  0xbe,0x4f,0x69,0x57,0xe8,0x07,0x01,0x42,0x5c,0x6a,0x01,0x6a,0x00,0x8b,0x87,0x98,
  0x00,0x00,0x00,0x8b,0xd3,0x6a,0x04,0x05,0x00,0xa0,0x01,0x00,0x50,0x0f,0xbe,0x4f,
  0x69,0x57,0xe8,0x07,0x01,0x42,0x5c,0x6a,0x01,0x6a,0x00,0x8b,0x87,0x98,0x00,0x00,
  0x00,0x8b,0xd3,0x6a,0x04,0x05,0x00,0xc0,0x01,0x00,0x50,0x0f,0xbe,0x4f,0x69,0x57,
  0xe8,0x07,0x01,0x40,0x9c,0x0f,0xb6,0xf0,0x8b,0xce,0x83,0xe1,0x0f,0xc1,0xee,0x04,
  0x8d,0x41,0xfa,0x83,0xf8,0x07,0x0f,0x87,0x53,0x0c,0x00,0x00,0x8d,0x46,0xfa,0x83,
  0xf8,0x07,0x0f,0x87,0x47,0x0c,0x00,0x00,0x3b,0xce,0x0f,0x8f,0x3f,0x0c,0x00,0x00,
  0xb8,0x01,0x00,0x00,0x00,0x50,0x8b,0xd0,0x6a,0x00,0xd3,0xe2,0x8b,0xce,0x8b,0xb7,
  0x98,0x00,0x00,0x00,0x6a,0x04,0x81,0xc6,0x00,0xe0,0x01,0x00,0x56,0x89,0x97,0xa4,
  0x00,0x00,0x00,0x8b,0xd3,0xd3,0xe0,0x0f,0xbe,0x4f,0x69,0x57,0x89,0x87,0xa8,0x00,
  0x00,0x00,0xe8,0x07,0x01,0x40,0x9c,0xa8,0x01,0x0f,0x84,0x5d,0x07,0x00,0x00,0x80,
  0x7f,0x69,0x00,0x0f,0x84,0xcc,0x04,0x00,0x00,0x8b,0x87,0xe8,0x06,0x00,0x00,0x89,
  0x9c,0x24,0x6c,0x04,0x00,0x00,0x8b,0x50,0x10,0x8b,0xca,0xc1,0xe1,0x04,0x42,0x8b,
  0x70,0x0c,0x8b,0x5c,0x0e,0x04,0x89,0x1c,0x24,0x8b,0x1c,0x0e,0x89,0x50,0x10,0x89,
  0x5c,0x24,0x04,0x8b,0x9c,0x24,0x6c,0x04,0x00,0x00,0x80,0xbf,0xa4,0x03,0x00,0x00,
  0x00,0x74,0x11,0xb9,0x01,0x00,0x00,0x00,0x33,0xc0,0x83,0x7c,0x24,0x04,0x00,0x0f,
  0x4c,0xc8,0xeb,0x02,0x33,0xc9,0x8b,0x87,0x8c,0x00,0x00,0x00,0x8b,0x57,0x64,0x89,
  0x44,0x24,0x08,0x0f,0xb7,0x70,0x14,0x0f,0xb7,0x42,0x06,0x0f,0xaf,0xc6,0x85,0xc9,
  0x0f,0x85,0xa2,0x02,0x00,0x00,0x8b,0xce,0xf7,0xd9,0x81,0xc1,0xff,0xff,0x00,0x00,
  0xc1,0xe9,0x06,0x03,0xf1,0x8b,0x4c,0x24,0x08,0x66,0x89,0x71,0x14,0x89,0x42,0x04,
  0x3d,0x00,0x00,0x00,0x01,0x73,0x7d,0x8b,0x72,0x08,0x8b,0x42,0x14,0x89,0x9c,0x24,
  0x6c,0x04,0x00,0x00,0x8b,0xda,0x89,0xbc,0x24,0x60,0x04,0x00,0x00,0xc1,0xe8,0x18,
  0x88,0x06,0x46,0x3b,0x73,0x10,0x72,0x2f,0x8b,0x43,0x0c,0x2b,0xf0,0x75,0x04,0x33,
  0xc9,0xeb,0x04,0x0f,0xbd,0xce,0x41,0x83,0xc1,0x1e,0xbf,0x01,0x00,0x00,0x00,0xd3,
  0xe7,0x03,0xfe,0x57,0x50,0xe8,0x07,0x02,0x43,0x32,0x83,0xc4,0x08,0x03,0xf8,0x03,
  0xf0,0x89,0x43,0x0c,0x89,0x7b,0x10,0x8b,0x4b,0x04,0xc1,0xe1,0x08,0x8b,0x43,0x14,
  0xc1,0xe0,0x08,0x89,0x43,0x14,0x89,0x4b,0x04,0x81,0xf9,0x00,0x00,0x00,0x01,0x72,
  0xac,0x8b,0xd3,0x8b,0x9c,0x24,0x6c,0x04,0x00,0x00,0x8b,0xbc,0x24,0x60,0x04,0x00,
  0x00,0x89,0x72,0x08,0x80,0xbf,0xa4,0x03,0x00,0x00,0x00,0x74,0x10,0x33,0xc9,0xb8,
  0x01,0x00,0x00,0x00,0x83,0x3c,0x24,0x00,0x0f,0x4f,0xc8,0xeb,0x02,0x33,0xc9,0x8b,
  0x87,0x8c,0x00,0x00,0x00,0x8b,0x57,0x64,0x89,0x04,0x24,0x0f,0xb7,0x70,0x1c,0x0f,
  0xb7,0x42,0x06,0x0f,0xaf,0xc6,0x85,0xc9,0x0f,0x85,0xa6,0x00,0x00,0x00,0x8b,0xce,
  0xf7,0xd9,0x81,0xc1,0xff,0xff,0x00,0x00,0xc1,0xe9,0x06,0x03,0xf1,0x8b,0x0c,0x24,
  0x66,0x89,0x71,0x1c,0x89,0x42,0x04,0x3d,0x00,0x00,0x00,0x01,0x0f,0x83,0xe7,0x02,
  0x00,0x00,0x8b,0x72,0x08,0x8b,0x42,0x14,0x89,0x9c,0x24,0x6c,0x04,0x00,0x00,0x8b,
  0xda,0x89,0xbc,0x24,0x60,0x04,0x00,0x00,0xc1,0xe8,0x18,0x88,0x06,0x46,0x3b,0x73,
  0x10,0x72,0x2f,0x8b,0x43,0x0c,0x2b,0xf0,0x75,0x04,0x33,0xc9,0xeb,0x04,0x0f,0xbd,
  0xce,0x41,0x83,0xc1,0x1e,0xbf,0x01,0x00,0x00,0x00,0xd3,0xe7,0x03,0xfe,0x57,0x50,
  0xe8,0x07,0x02,0x43,0x32,0x83,0xc4,0x08,0x03,0xf8,0x03,0xf0,0x89,0x43,0x0c,0x89,
  0x7b,0x10,0x8b,0x4b,0x04,0xc1,0xe1,0x08,0x8b,0x43,0x14,0xc1,0xe0,0x08,0x89,0x43,
  0x14,0x89,0x4b,0x04,0x81,0xf9,0x00,0x00,0x00,0x01,0x72,0xac,0x8b,0xd3,0x8b,0x9c,
  0x24,0x6c,0x04,0x00,0x00,0x8b,0xbc,0x24,0x60,0x04,0x00,0x00,0x89,0x72,0x08,0xe9,
  0x65,0x02,0x00,0x00,0x89,0x9c,0x24,0x6c,0x04,0x00,0x00,0x8b,0xce,0x8b,0x1c,0x24,
  0xc1,0xe9,0x06,0x2b,0xf1,0x66,0x89,0x73,0x1c,0x8b,0x4a,0x14,0x8b,0x72,0x04,0x2b,
  0xf0,0x89,0x72,0x04,0x8d,0x1c,0x08,0x89,0x5a,0x14,0x3b,0xcb,0x8b,0x9c,0x24,0x6c,
  0x04,0x00,0x00,0x76,0x60,0x8b,0x72,0x08,0x4e,0x8b,0xce,0x0f,0xb6,0x06,0x3d,0xff,
  0x00,0x00,0x00,0x75,0x4a,0x89,0x9c,0x24,0x6c,0x04,0x00,0x00,0x33,0xf6,0x89,0xbc,
  0x24,0x60,0x04,0x00,0x00,0x46,0x8d,0x3c,0x36,0xf7,0xdf,0x03,0xf9,0x0f,0xb6,0x47,
  0x01,0x8d,0x5f,0x01,0xc6,0x47,0x02,0x00,0x3d,0xff,0x00,0x00,0x00,0x75,0x10,0x0f,
  0xb6,0x07,0x8b,0xdf,0xc6,0x47,0x01,0x00,0x3d,0xff,0x00,0x00,0x00,0x74,0xd6,0x8b,
  0xbc,0x24,0x60,0x04,0x00,0x00,0x8b,0xf3,0x8b,0x9c,0x24,0x6c,0x04,0x00,0x00,0x40,
  0x88,0x06,0x8b,0x72,0x04,0x81,0xfe,0x00,0x00,0x00,0x01,0x73,0x7d,0x8b,0x72,0x08,
  0x8b,0x42,0x14,0x89,0x9c,0x24,0x6c,0x04,0x00,0x00,0x8b,0xda,0x89,0xbc,0x24,0x60,
  0x04,0x00,0x00,0xc1,0xe8,0x18,0x88,0x06,0x46,0x3b,0x73,0x10,0x72,0x2f,0x8b,0x43,
  0x0c,0x2b,0xf0,0x75,0x04,0x33,0xc9,0xeb,0x04,0x0f,0xbd,0xce,0x41,0x83,0xc1,0x1e,
  0xbf,0x01,0x00,0x00,0x00,0xd3,0xe7,0x03,0xfe,0x57,0x50,0xe8,0x07,0x02,0x43,0x32,
  0x83,0xc4,0x08,0x03,0xf8,0x03,0xf0,0x89,0x43,0x0c,0x89,0x7b,0x10,0x8b,0x4b,0x04,
  0xc1,0xe1,0x08,0x8b,0x43,0x14,0xc1,0xe0,0x08,0x89,0x43,0x14,0x89,0x4b,0x04,0x81,
  0xf9,0x00,0x00,0x00,0x01,0x72,0xac,0x8b,0xd3,0x8b,0x9c,0x24,0x6c,0x04,0x00,0x00,
  0x8b,0xbc,0x24,0x60,0x04,0x00,0x00,0x89,0x72,0x08,0x8b,0x87,0xe8,0x06,0x00,0x00,
  0xff,0x40,0x04,0xe9,0x41,0x01,0x00,0x00,0x89,0x9c,0x24,0x6c,0x04,0x00,0x00,0x8b,
  0xce,0x8b,0x5c,0x24,0x08,0xc1,0xe9,0x06,0x2b,0xf1,0x66,0x89,0x73,0x14,0x8b,0x4a,
  0x14,0x8b,0x72,0x04,0x2b,0xf0,0x89,0x72,0x04,0x8d,0x1c,0x08,0x89,0x5a,0x14,0x3b,
  0xcb,0x8b,0x9c,0x24,0x6c,0x04,0x00,0x00,0x76,0x60,0x8b,0x72,0x08,0x4e,0x8b,0xce,
  0x0f,0xb6,0x06,0x3d,0xff,0x00,0x00,0x00,0x75,0x4a,0x89,0x9c,0x24,0x6c,0x04,0x00,
  0x00,0x33,0xf6,0x89,0xbc,0x24,0x60,0x04,0x00,0x00,0x46,0x8d,0x3c,0x36,0xf7,0xdf,
  0x03,0xf9,0x0f,0xb6,0x47,0x01,0x8d,0x5f,0x01,0xc6,0x47,0x02,0x00,0x3d,0xff,0x00,
  0x00,0x00,0x75,0x10,0x0f,0xb6,0x07,0x8b,0xdf,0xc6,0x47,0x01,0x00,0x3d,0xff,0x00,
  0x00,0x00,0x74,0xd6,0x8b,0xbc,0x24,0x60,0x04,0x00,0x00,0x8b,0xf3,0x8b,0x9c,0x24,
  0x6c,0x04,0x00,0x00,0x40,0x88,0x06,0x8b,0x72,0x04,0x81,0xfe,0x00,0x00,0x00,0x01,
  0x73,0x7d,0x8b,0x72,0x08,0x8b,0x42,0x14,0x89,0x9c,0x24,0x6c,0x04,0x00,0x00,0x8b,
  0xda,0x89,0xbc,0x24,0x60,0x04,0x00,0x00,0xc1,0xe8,0x18,0x88,0x06,0x46,0x3b,0x73,
  0x10,0x72,0x2f,0x8b,0x43,0x0c,0x2b,0xf0,0x75,0x04,0x33,0xc9,0xeb,0x04,0x0f,0xbd,
  0xce,0x41,0x83,0xc1,0x1e,0xbf,0x01,0x00,0x00,0x00,0xd3,0xe7,0x03,0xfe,0x57,0x50,
  0xe8,0x07,0x02,0x43,0x32,0x83,0xc4,0x08,0x03,0xf8,0x03,0xf0,0x89,0x43,0x0c,0x89,
  0x7b,0x10,0x8b,0x4b,0x04,0xc1,0xe1,0x08,0x8b,0x43,0x14,0xc1,0xe0,0x08,0x89,0x43,
  0x14,0x89,0x4b,0x04,0x81,0xf9,0x00,0x00,0x00,0x01,0x72,0xac,0x8b,0xd3,0x8b,0x9c,
  0x24,0x6c,0x04,0x00,0x00,0x8b,0xbc,0x24,0x60,0x04,0x00,0x00,0x89,0x72,0x08,0x8b,
  0x87,0xe8,0x06,0x00,0x00,0x6a,0x00,0x80,0x4f,0x69,0x01,0x6a,0x01,0x8b,0x70,0x04,
  0x8b,0x97,0x98,0x00,0x00,0x00,0x2b,0x74,0x24,0x0c,0x81,0xc2,0x00,0xa0,0x06,0x00,
  0x56,0x8b,0x4f,0x64,0xe8,0x07,0x01,0x4f,0x9c,0x0f,0xbe,0x47,0x69,0x83,0xf8,0x02,
  0x7d,0x0b,0x8b,0xcf,0xe8,0x07,0x01,0x85,0xfc,0x0f,0xbe,0x47,0x69,0x85,0xc0,0x75,
  0x24,0x8b,0x47,0x74,0xc7,0x00,0x4f,0x67,0x67,0x53,0x83,0x47,0x74,0x04,0x8b,0xcf,
  0x33,0xd2,0x0f,0xbe,0x47,0x69,0x50,0xe8,0x07,0x01,0x57,0xbc,0x85,0xc0,0x74,0x36,
  0xe9,0x21,0x02,0x00,0x00,0x8b,0x87,0xc0,0x06,0x00,0x00,0x3b,0x87,0xc8,0x06,0x00,
  0x00,0x0f,0x83,0xd9,0x03,0x00,0x00,0x0f,0xb6,0x30,0x40,0x89,0x87,0xc0,0x06,0x00,
  0x00,0x83,0xfe,0x4f,0x0f,0x84,0xfd,0x02,0x00,0x00,0x8b,0xcf,0xba,0x1e,0x00,0x00,
  0x00,0xe8,0x07,0x01,0xcd,0x9c,0x33,0xc0,0x81,0xc4,0x84,0x04,0x00,0x00,0x5b,0x5f,
  0x5e,0x8b,0xe5,0x5d,0xc3,0x8b,0x97,0x8c,0x00,0x00,0x00,0x83,0xc2,0x14,0x8b,0x4f,
  0x64,0xe8,0x07,0x00,0x28,0xbc,0x85,0xc0,0x0f,0x84,0x61,0x01,0x00,0x00,0x8b,0xcf,
  0xe8,0x07,0x01,0x85,0xfc,0x6a,0x00,0x8b,0x97,0x98,0x00,0x00,0x00,0x81,0xc2,0x00,
  0xa0,0x06,0x00,0x8b,0x4f,0x64,0x6a,0x01,0x80,0x4f,0x69,0x01,0xe8,0x07,0x01,0x4e,
  0x7c,0x8b,0x77,0x70,0x8b,0xd0,0x8b,0x8f,0xe8,0x06,0x00,0x00,0x8b,0x76,0x0e,0x89,
  0x74,0x24,0x10,0x8d,0xb4,0x24,0x50,0x04,0x00,0x00,0x56,0xe8,0x07,0x01,0x4e,0x4c,
  0x8b,0xf0,0x89,0x74,0x24,0x0c,0x85,0xf6,0x0f,0x84,0x21,0xf9,0xff,0xff,0x8b,0x84,
  0x24,0x50,0x04,0x00,0x00,0x8b,0xcf,0x89,0x44,0x24,0x04,0x8b,0xd6,0x50,0x89,0x44,
  0x24,0x04,0xe8,0x07,0x01,0x4d,0xec,0x89,0x74,0x24,0x08,0x89,0x9c,0x24,0x6c,0x04,
  0x00,0x00,0x89,0xbc,0x24,0x60,0x04,0x00,0x00,0x8b,0x34,0x24,0x8b,0x5c,0x24,0x0c,
  0x8b,0x7c,0x24,0x10,0x8b,0xcb,0x8b,0xd7,0xe8,0x07,0x00,0x95,0xbc,0x2b,0xf0,0x03,
  0xd8,0x85,0xf6,0x7f,0xef,0x8b,0xbc,0x24,0x60,0x04,0x00,0x00,0x8b,0x74,0x24,0x08,
  0x8b,0x9c,0x24,0x6c,0x04,0x00,0x00,0xff,0x74,0x24,0x04,0x56,0x8b,0x87,0x84,0x00,
  0x00,0x00,0x68,0x00,0x18,0x00,0x00,0xff,0x70,0x04,0xff,0x10,0x83,0xc4,0x10,0x8b,
  0x84,0x24,0x50,0x04,0x00,0x00,0x01,0x87,0x80,0x00,0x00,0x00,0x80,0xbf,0xa2,0x03,
  0x00,0x00,0x00,0x74,0x0e,0x8b,0xd6,0x50,0x8b,0x8f,0xec,0x06,0x00,0x00,0xe8,0x07,
  0x01,0x4d,0x7c,0x0f,0xbe,0x47,0x69,0x83,0xf8,0x02,0x7d,0x0b,0x8b,0xcf,0xe8,0x07,
  0x01,0x85,0xfc,0x0f,0xbe,0x47,0x69,0x85,0xc0,0x75,0x24,0x8b,0x47,0x74,0xc7,0x00,
  0x4f,0x67,0x67,0x53,0x83,0x47,0x74,0x04,0x8b,0xcf,0x33,0xd2,0x0f,0xbe,0x47,0x69,
  0x50,0xe8,0x07,0x01,0x57,0xbc,0x85,0xc0,0x74,0x36,0xe9,0xa7,0x00,0x00,0x00,0x8b,
  0x87,0xc0,0x06,0x00,0x00,0x3b,0x87,0xc8,0x06,0x00,0x00,0x0f,0x83,0x4a,0x03,0x00,
  0x00,0x0f,0xb6,0x30,0x40,0x89,0x87,0xc0,0x06,0x00,0x00,0x83,0xfe,0x4f,0x0f,0x84,
  0x6e,0x02,0x00,0x00,0x8b,0xcf,0xba,0x1e,0x00,0x00,0x00,0xe8,0x07,0x01,0xcd,0x9c,
  0x33,0xc0,0x81,0xc4,0x84,0x04,0x00,0x00,0x5b,0x5f,0x5e,0x8b,0xe5,0x5d,0xc3,0x0f,
  0xbe,0x47,0x69,0x83,0xf8,0x02,0x7d,0x0b,0x8b,0xcf,0xe8,0x07,0x01,0x85,0xfc,0x0f,
  0xbe,0x47,0x69,0x85,0xc0,0x0f,0x85,0xb1,0x00,0x00,0x00,0x8b,0x47,0x74,0xc7,0x00,
  0x4f,0x67,0x67,0x53,0x83,0x47,0x74,0x04,0x8b,0xcf,0x33,0xd2,0x0f,0xbe,0x47,0x69,
  0x50,0xe8,0x07,0x01,0x57,0xbc,0x85,0xc0,0x0f,0x84,0xbf,0x00,0x00,0x00,0x8b,0x97,
  0x8c,0x00,0x00,0x00,0x83,0xc2,0x1c,0x8b,0x4f,0x64,0xe8,0x07,0x00,0x28,0xbc,0x88,
  0x87,0xa3,0x03,0x00,0x00,0x8b,0x87,0xe8,0x06,0x00,0x00,0x8b,0x70,0x04,0x2b,0x30,
  0x89,0xb7,0xa8,0x03,0x00,0x00,0x8b,0xcf,0xe8,0x07,0x01,0x55,0xac,0x85,0xc0,0x0f,
  0x84,0x9a,0xf7,0xff,0xff,0x33,0xf6,0x89,0x9c,0x24,0x6c,0x04,0x00,0x00,0x33,0xdb,
  0x8b,0xcf,0xe8,0x07,0x00,0x26,0x8c,0x8b,0xd0,0x85,0xd2,0x0f,0x8e,0xac,0x02,0x00,
  0x00,0x8b,0xc6,0x8b,0xf2,0x83,0xe0,0xf0,0xc1,0xe0,0x04,0x6a,0x05,0x05,0x18,0x12,
  0x00,0x00,0x50,0x57,0x0f,0xbe,0x4f,0x69,0x8b,0x94,0x24,0x78,0x04,0x00,0x00,0xe8,
  0x07,0x00,0x97,0x8c,0x43,0x0f,0xb6,0xc0,0x3b,0xde,0x7c,0xd9,0xc7,0x87,0xb8,0x06,
  0x00,0x00,0x00,0x00,0x00,0x00,0x8b,0xf0,0x33,0xdb,0xeb,0xb4,0x8b,0x87,0xc0,0x06,
  0x00,0x00,0x3b,0x87,0xc8,0x06,0x00,0x00,0x0f,0x83,0x01,0x30,0x00,0x00,0x0f,0xb6,
  0x30,0x40,0x89,0x87,0xc0,0x06,0x00,0x00,0x83,0xfe,0x4f,0x0f,0x84,0x25,0x2f,0x00,
  0x00,0x8b,0xcf,0xba,0x1e,0x00,0x00,0x00,0xe8,0x07,0x01,0xcd,0x9c,0x33,0xc0,0x81,
  0xc4,0x84,0x04,0x00,0x00,0x5b,0x5f,0x5e,0x8b,0xe5,0x5d,0xc3,0x8b,0xcf,0xba,0x22,
  0x00,0x00,0x00,0xe8,0x07,0x01,0xcd,0x4c,0x33,0xc0,0x81,0xc4,0x84,0x04,0x00,0x00,
  0x5b,0x5f,0x5e,0x8b,0xe5,0x5d,0xc3,0x8b,0x97,0xc0,0x06,0x00,0x00,0x3b,0x97,0xc8,
  0x06,0x00,0x00,0x0f,0x83,0xac,0x30,0x00,0x00,0x0f,0xb6,0x02,0x42,0x89,0x97,0xc0,
  0x06,0x00,0x00,0x83,0xf8,0x4f,0x0f,0x84,0xd0,0x2f,0x00,0x00,0x8b,0xcf,0xba,0x1e,
  0x00,0x00,0x00,0xe8,0x07,0x01,0xcd,0x9c,0x33,0xc0,0x81,0xc4,0x84,0x04,0x00,0x00,
  0x5b,0x5f,0x5e,0x8b,0xe5,0x5d,0xc3,0x3b,0x87,0xc8,0x06,0x00,0x00,0x0f,0x83,0x9b,
  0x00,0x00,0x00,0x0f,0xb6,0x30,0x40,0x89,0x87,0xc0,0x06,0x00,0x00,0x83,0xfe,0x67,
  0x0f,0x85,0xe4,0xfc,0xff,0xff,0x3b,0x87,0xc8,0x06,0x00,0x00,0x73,0x61,0x0f,0xb6,
  0x30,0x40,0x89,0x87,0xc0,0x06,0x00,0x00,0x83,0xfe,0x67,0x0f,0x85,0xc9,0xfc,0xff,
  0xff,0x3b,0x87,0xc8,0x06,0x00,0x00,0x73,0x18,0x0f,0xb6,0x30,0x40,0x89,0x87,0xc0,
  0x06,0x00,0x00,0x83,0xfe,0x53,0x0f,0x85,0xae,0xfc,0xff,0xff,0xe9,0x6d,0xfc,0xff,
  0xff,0x33,0xd2,0x8b,0x0f,0xe8,0x07,0x00,0x73,0xbc,0x85,0xc0,0x7f,0x0f,0xc7,0x87,
  0x90,0x00,0x00,0x00,0x01,0x00,0x00,0x00,0xe9,0x8d,0xfc,0xff,0xff,0x8b,0xcf,0x50,
  0x8b,0x17,0xe8,0x07,0x00,0x71,0xac,0x8b,0x87,0xc0,0x06,0x00,0x00,0xeb,0xba,0x33,
  0xd2,0x8b,0x0f,0xe8,0x07,0x00,0x73,0xbc,0x85,0xc0,0x7e,0xd2,0x8b,0xcf,0x50,0x8b,
  0x17,0xe8,0x07,0x00,0x71,0xac,0x8b,0x87,0xc0,0x06,0x00,0x00,0xeb,0x80,0x33,0xd2,
  0x8b,0x0f,0xe8,0x07,0x00,0x73,0xbc,0x85,0xc0,0x7e,0xb3,0x8b,0xcf,0x50,0x8b,0x17,
  0xe8,0x07,0x00,0x71,0xac,0x8b,0x87,0xc0,0x06,0x00,0x00,0xe9,0x43,0xff,0xff,0xff,
  0x33,0xd2,0x8b,0x0f,0xe8,0x07,0x00,0x73,0xbc,0x85,0xc0,0x7e,0x91,0x8b,0xcf,0x50,
  0x8b,0x17,0xe8,0x07,0x00,0x71,0xac,0x8b,0x87,0xc0,0x06,0x00,0x00,0xe9,0x05,0xfc,
  0xff,0xff,0x3b,0x87,0xc8,0x06,0x00,0x00,0x0f,0x83,0x9b,0x00,0x00,0x00,0x0f,0xb6,
  0x30,0x40,0x89,0x87,0xc0,0x06,0x00,0x00,0x83,0xfe,0x67,0x0f,0x85,0x73,0xfd,0xff,
  0xff,0x3b,0x87,0xc8,0x06,0x00,0x00,0x73,0x61,0x0f,0xb6,0x30,0x40,0x89,0x87,0xc0,
  0x06,0x00,0x00,0x83,0xfe,0x67,0x0f,0x85,0x58,0xfd,0xff,0xff,0x3b,0x87,0xc8,0x06,
  0x00,0x00,0x73,0x18,0x0f,0xb6,0x30,0x40,0x89,0x87,0xc0,0x06,0x00,0x00,0x83,0xfe,
  0x53,0x0f,0x85,0x3d,0xfd,0xff,0xff,0xe9,0xfc,0xfc,0xff,0xff,0x33,0xd2,0x8b,0x0f,
  0xe8,0x07,0x00,0x73,0xbc,0x85,0xc0,0x7f,0x0f,0xc7,0x87,0x90,0x00,0x00,0x00,0x01,
  0x00,0x00,0x00,0xe9,0x1c,0xfd,0xff,0xff,0x8b,0xcf,0x50,0x8b,0x17,0xe8,0x07,0x00,
  0x71,0xac,0x8b,0x87,0xc0,0x06,0x00,0x00,0xeb,0xba,0x33,0xd2,0x8b,0x0f,0xe8,0x07,
  0x00,0x73,0xbc,0x85,0xc0,0x7e,0xd2,0x8b,0xcf,0x50,0x8b,0x17,0xe8,0x07,0x00,0x71,
  0xac,0x8b,0x87,0xc0,0x06,0x00,0x00,0xeb,0x80,0x33,0xd2,0x8b,0x0f,0xe8,0x07,0x00,
  0x73,0xbc,0x85,0xc0,0x7e,0xb3,0x8b,0xcf,0x50,0x8b,0x17,0xe8,0x07,0x00,0x71,0xac,
  0x8b,0x87,0xc0,0x06,0x00,0x00,0xe9,0x43,0xff,0xff,0xff,0x33,0xd2,0x8b,0x0f,0xe8,
  0x07,0x00,0x73,0xbc,0x85,0xc0,0x7e,0x91,0x8b,0xcf,0x50,0x8b,0x17,0xe8,0x07,0x00,
  0x71,0xac,0x8b,0x87,0xc0,0x06,0x00,0x00,0xe9,0x94,0xfc,0xff,0xff,0xc7,0x87,0xb8,
  0x06,0x00,0x00,0x00,0x00,0x00,0x00,0x0f,0x85,0x33,0xfd,0xff,0xff,0x8b,0xcf,0x8b,
  0x9c,0x24,0x6c,0x04,0x00,0x00,0xe8,0x07,0x01,0x55,0xac,0x85,0xc0,0x0f,0x84,0xac,
  0xf4,0xff,0xff,0x80,0x7f,0x69,0x00,0x0f,0x84,0xc2,0x00,0x00,0x00,0x8b,0xcf,0xe8,
  0x07,0x01,0x87,0xcc,0x83,0xf8,0x05,0x0f,0x85,0x32,0x02,0x00,0x00,0x33,0xf6,0x89,
  0x9c,0x24,0x6c,0x04,0x00,0x00,0x33,0xdb,0x8b,0x87,0xb8,0x06,0x00,0x00,0x85,0xc0,
  0x75,0x21,0x80,0xbf,0xb5,0x06,0x00,0x00,0x00,0x74,0x07,0xb8,0xff,0xff,0xff,0xff,
  0xeb,0x3a,0x8b,0xcf,0xe8,0x07,0x00,0x26,0x8c,0x85,0xc0,0x74,0xee,0x8b,0x87,0xb8,
  0x06,0x00,0x00,0x8b,0x97,0xc0,0x06,0x00,0x00,0x48,0xff,0x87,0xdc,0x06,0x00,0x00,
  0x89,0x87,0xb8,0x06,0x00,0x00,0x3b,0x97,0xc8,0x06,0x00,0x00,0x0f,0x83,0x98,0x24,
  0x00,0x00,0x0f,0xb6,0x02,0x42,0x89,0x97,0xc0,0x06,0x00,0x00,0x88,0x84,0x34,0x70,
  0x04,0x00,0x00,0x46,0xc7,0x87,0xd4,0x06,0x00,0x00,0x00,0x00,0x00,0x00,0x83,0xfe,
  0x06,0x7c,0x95,0x8b,0x9c,0x24,0x6c,0x04,0x00,0x00,0x8d,0x84,0x24,0x70,0x04,0x00,
  0x00,0x6a,0x06,0x68,0x00,0x03,0x80,0x00,0x50,0xe8,0x07,0x01,0xfd,0x2c,0x83,0xc4,
  0x0c,0x85,0xc0,0x0f,0x85,0x96,0x01,0x00,0x00,0x0f,0xbe,0x4f,0x69,0x83,0xf9,0x02,
  0x75,0x41,0x83,0x05,0x00,0x03,0x95,0xf8,0x38,0x0f,0xbe,0x4f,0x69,0xeb,0x34,0x8b,
  0x47,0x74,0x8b,0xcf,0xba,0x05,0x00,0x00,0x00,0x6a,0x08,0xc6,0x00,0x00,0xe8,0x07,
  0x01,0x21,0x6c,0x8b,0xcf,0xba,0x76,0x6f,0x72,0x62,0x6a,0x20,0xe8,0x07,0x01,0x88,
  0x5c,0x8b,0xcf,0xba,0x69,0x73,0x00,0x00,0x6a,0x10,0xe8,0x07,0x00,0x81,0xdc,0x0f,
  0xbe,0x4f,0x69,0xb8,0x01,0x00,0x00,0x00,0x8b,0xd3,0x50,0x50,0x8b,0xb7,0x98,0x00,
  0x00,0x00,0x6a,0x06,0x81,0xc6,0x00,0x00,0x02,0x00,0x56,0x6a,0x08,0x57,0xe8,0x07,
  0x01,0x13,0xac,0x40,0x89,0x87,0xac,0x00,0x00,0x00,0x69,0xc0,0x3c,0x08,0x00,0x00,
  0x83,0xc0,0x0f,0x83,0xe0,0xf0,0x75,0x25,0xc7,0x87,0xb0,0x00,0x00,0x00,0x00,0x00,
  0x00,0x00,0x8b,0xcf,0xba,0x03,0x00,0x00,0x00,0xe8,0x07,0x01,0xcd,0x1c,0x33,0xc0,
  0x81,0xc4,0x84,0x04,0x00,0x00,0x5b,0x5f,0x5e,0x8b,0xe5,0x5d,0xc3,0x50,0xe8,0x07,
  0x02,0x43,0x0a,0x8b,0xf0,0x83,0xc4,0x04,0x89,0xb7,0xb0,0x00,0x00,0x00,0x85,0xf6,
  0x74,0xd0,0x69,0x87,0xac,0x00,0x00,0x00,0x3c,0x08,0x00,0x00,0x50,0x6a,0x00,0x56,
  0xe8,0x07,0x01,0xfc,0xac,0x83,0xc4,0x0c,0x0f,0xbe,0x4f,0x69,0x83,0xbf,0xac,0x00,
  0x00,0x00,0x00,0x0f,0x8e,0x3e,0x0e,0x00,0x00,0xf3,0x0f,0x6f,0x15,0x00,0x02,0xd2,
  0x90,0x33,0xc0,0xf3,0x0f,0x6f,0x0d,0x00,0x02,0xd2,0xa0,0x33,0xf6,0x66,0x0f,0xf8,
  0xca,0x66,0x0f,0x76,0xc0,0xf3,0x0f,0x7f,0x4c,0x24,0x50,0x89,0x84,0x24,0xbc,0x00,
  0x00,0x00,0x89,0x9c,0x24,0x6c,0x04,0x00,0x00,0x81,0xc6,0x3c,0x08,0x00,0x00,0x8b,
  0x87,0xb0,0x00,0x00,0x00,0xff,0x84,0x24,0xbc,0x00,0x00,0x00,0x8d,0x9c,0x06,0xc4,
  0xf7,0xff,0xff,0x85,0xc9,0x0f,0x84,0xbf,0x02,0x00,0x00,0x8b,0x8f,0xd4,0x06,0x00,
  0x00,0x85,0xc9,0x0f,0x8c,0x1a,0x24,0x00,0x00,0x83,0xf9,0x08,0x0f,0x8d,0xb6,0x00,
  0x00,0x00,0x85,0xc9,0x75,0x0a,0xc7,0x87,0xd0,0x06,0x00,0x00,0x00,0x00,0x00,0x00,
  0x89,0xb4,0x24,0xa4,0x00,0x00,0x00,0x33,0xf6,0xeb,0x0c,0x89,0x87,0xd0,0x06,0x00,
  0x00,0x89,0x8f,0xd4,0x06,0x00,0x00,0x8b,0x87,0xb8,0x06,0x00,0x00,0x85,0xc0,0x75,
  0x3f,0x80,0xbf,0xb5,0x06,0x00,0x00,0x00,0x75,0x0b,0x8b,0xcf,0xe8,0x07,0x00,0x26,
  0x8c,0x85,0xc0,0x75,0x25,0xc7,0x87,0xd4,0x06,0x00,0x00,0xff,0xff,0xff,0xff,0x8b,
  0xcf,0xba,0x14,0x00,0x00,0x00,0xe8,0x07,0x01,0xcd,0x2c,0x33,0xc0,0x81,0xc4,0x84,
  0x04,0x00,0x00,0x5b,0x5f,0x5e,0x8b,0xe5,0x5d,0xc3,0x8b,0x87,0xb8,0x06,0x00,0x00,
  0x8b,0x97,0xc0,0x06,0x00,0x00,0x48,0xff,0x87,0xdc,0x06,0x00,0x00,0x89,0x87,0xb8,
  0x06,0x00,0x00,0x3b,0x97,0xc8,0x06,0x00,0x00,0x0f,0x83,0xba,0x22,0x00,0x00,0x0f,
  0xb6,0x02,0x42,0x89,0x97,0xc0,0x06,0x00,0x00,0x8b,0x8f,0xd4,0x06,0x00,0x00,0xd3,
  0xe0,0x83,0xc1,0x08,0x03,0x87,0xd0,0x06,0x00,0x00,0x83,0xf9,0x08,0x0f,0x8c,0x68,
  0xff,0xff,0xff,0xe9,0x85,0x22,0x00,0x00,0x8b,0x87,0xd0,0x06,0x00,0x00,0x8b,0xd0,
  0x83,0xc1,0xf8,0xc1,0xea,0x08,0x89,0x8f,0xd4,0x06,0x00,0x00,0x89,0x97,0xd0,0x06,
  0x00,0x00,0x3c,0x42,0x0f,0x85,0x75,0xff,0xff,0xff,0x85,0xc9,0x7c,0x5f,0x83,0xf9,
  0x08,0x0f,0x8d,0xbf,0x00,0x00,0x00,0x85,0xc9,0x75,0x0a,0xc7,0x87,0xd0,0x06,0x00,
  0x00,0x00,0x00,0x00,0x00,0x83,0xf9,0x08,0x0f,0x8d,0xa8,0x00,0x00,0x00,0x89,0xb4,
  0x24,0xa4,0x00,0x00,0x00,0x33,0xf6,0xeb,0x0c,0x89,0x87,0xd0,0x06,0x00,0x00,0x89,
  0x8f,0xd4,0x06,0x00,0x00,0x8b,0x87,0xb8,0x06,0x00,0x00,0x85,0xc0,0x75,0x3f,0x80,
  0xbf,0xb5,0x06,0x00,0x00,0x00,0x75,0x0b,0x8b,0xcf,0xe8,0x07,0x00,0x26,0x8c,0x85,
  0xc0,0x75,0x25,0xc7,0x87,0xd4,0x06,0x00,0x00,0xff,0xff,0xff,0xff,0x8b,0xcf,0xba,
  0x14,0x00,0x00,0x00,0xe8,0x07,0x01,0xcd,0x2c,0x33,0xc0,0x81,0xc4,0x84,0x04,0x00,
  0x00,0x5b,0x5f,0x5e,0x8b,0xe5,0x5d,0xc3,0x8b,0x87,0xb8,0x06,0x00,0x00,0x8b,0x97,
  0xc0,0x06,0x00,0x00,0x48,0xff,0x87,0xdc,0x06,0x00,0x00,0x89,0x87,0xb8,0x06,0x00,
  0x00,0x3b,0x97,0xc8,0x06,0x00,0x00,0x0f,0x83,0x11,0x22,0x00,0x00,0x0f,0xb6,0x02,
  0x42,0x89,0x97,0xc0,0x06,0x00,0x00,0x8b,0x8f,0xd4,0x06,0x00,0x00,0xd3,0xe0,0x83,
  0xc1,0x08,0x03,0x87,0xd0,0x06,0x00,0x00,0x83,0xf9,0x08,0x0f,0x8c,0x68,0xff,0xff,
  0xff,0xe9,0xdc,0x21,0x00,0x00,0x8b,0x87,0xd0,0x06,0x00,0x00,0x8b,0xd0,0x83,0xc1,
  0xf8,0xc1,0xea,0x08,0x89,0x8f,0xd4,0x06,0x00,0x00,0x89,0x97,0xd0,0x06,0x00,0x00,
  0x3c,0x43,0x0f,0x85,0x75,0xff,0xff,0xff,0x85,0xc9,0x0f,0x88,0x3c,0x22,0x00,0x00,
  0x83,0xf9,0x08,0x0f,0x8d,0xa6,0x00,0x00,0x00,0x85,0xc9,0x75,0x0a,0xc7,0x87,0xd0,
  0x06,0x00,0x00,0x00,0x00,0x00,0x00,0x89,0xb4,0x24,0xa4,0x00,0x00,0x00,0x33,0xf6,
  0xeb,0x0c,0x89,0x87,0xd0,0x06,0x00,0x00,0x89,0x8f,0xd4,0x06,0x00,0x00,0x8b,0x87,
  0xb8,0x06,0x00,0x00,0x85,0xc0,0x75,0x2f,0x80,0xbf,0xb5,0x06,0x00,0x00,0x00,0x75,
  0x0b,0x8b,0xcf,0xe8,0x07,0x00,0x26,0x8c,0x85,0xc0,0x75,0x15,0x8b,0xb4,0x24,0xa4,
  0x00,0x00,0x00,0xc7,0x87,0xd4,0x06,0x00,0x00,0xff,0xff,0xff,0xff,0x33,0xc0,0xeb,
  0x68,0x8b,0x87,0xb8,0x06,0x00,0x00,0x8b,0x97,0xc0,0x06,0x00,0x00,0x48,0xff,0x87,
  0xdc,0x06,0x00,0x00,0x89,0x87,0xb8,0x06,0x00,0x00,0x3b,0x97,0xc8,0x06,0x00,0x00,
  0x0f,0x83,0x7d,0x21,0x00,0x00,0x0f,0xb6,0x02,0x42,0x89,0x97,0xc0,0x06,0x00,0x00,
  0x8b,0x8f,0xd4,0x06,0x00,0x00,0xd3,0xe0,0x83,0xc1,0x08,0x03,0x87,0xd0,0x06,0x00,
  0x00,0x83,0xf9,0x08,0x0f,0x8c,0x78,0xff,0xff,0xff,0xe9,0x48,0x21,0x00,0x00,0x8b,
  0x87,0xd0,0x06,0x00,0x00,0x8b,0xd0,0x83,0xc1,0xf8,0xc1,0xea,0x08,0x89,0x8f,0xd4,
  0x06,0x00,0x00,0x89,0x97,0xd0,0x06,0x00,0x00,0x3c,0x56,0x0f,0x85,0xae,0xfd,0xff,
  0xff,0x83,0x05,0x00,0x03,0x95,0xf8,0x18,0xeb,0x0e,0x8b,0xcf,0xba,0x42,0x43,0x56,
  0x00,0x6a,0x18,0xe8,0x07,0x00,0xc4,0x5c,0x6a,0x01,0x6a,0x00,0x8b,0x87,0x98,0x00,
  0x00,0x00,0x6a,0x06,0x05,0x00,0x20,0x02,0x00,0x50,0x6a,0x10,0x57,0x0f,0xbe,0x4f,
  0x69,0x8b,0x94,0x24,0x84,0x04,0x00,0x00,0xe8,0x07,0x00,0xb8,0x6c,0x6a,0x00,0x89,
  0x03,0x6a,0x01,0x8b,0x87,0x98,0x00,0x00,0x00,0x6a,0x06,0x05,0x00,0x40,0x02,0x00,
  0x50,0x6a,0x18,0x57,0x0f,0xbe,0x4f,0x69,0x8b,0x94,0x24,0x84,0x04,0x00,0x00,0xe8,
  0x07,0x00,0xae,0x6c,0x6a,0x06,0x6a,0x01,0x68,0x18,0x22,0x00,0x00,0x89,0x43,0x04,
  0x57,0x0f,0xbe,0x4f,0x69,0x8b,0x94,0x24,0x7c,0x04,0x00,0x00,0xe8,0x07,0x01,0x39,
  0xdc,0x89,0x84,0x24,0xb8,0x00,0x00,0x00,0x83,0xbc,0x24,0xb8,0x00,0x00,0x00,0x00,
  0x74,0x06,0xc6,0x43,0x17,0x00,0xeb,0x28,0x6a,0x06,0x6a,0x01,0x68,0x1a,0x22,0x00,
  0x00,0x57,0x0f,0xbe,0x4f,0x69,0x8b,0x94,0x24,0x7c,0x04,0x00,0x00,0xe8,0x07,0x01,
  0x39,0xdc,0x0f,0xb6,0xc0,0x88,0x43,0x17,0x85,0xc0,0x0f,0x85,0xa5,0x01,0x00,0x00,
  0x8b,0x43,0x04,0x83,0xc0,0x0f,0x83,0xe0,0xf0,0x75,0x22,0xc7,0x43,0x08,0x00,0x00,
  0x00,0x00,0x8b,0xcf,0xba,0x03,0x00,0x00,0x00,0xe8,0x07,0x01,0xcd,0x1c,0x33,0xc0,
  0x81,0xc4,0x84,0x04,0x00,0x00,0x5b,0x5f,0x5e,0x8b,0xe5,0x5d,0xc3,0x50,0xe8,0x07,
  0x02,0x43,0x0a,0x89,0x84,0x24,0xa4,0x00,0x00,0x00,0x83,0xc4,0x04,0x89,0x43,0x08,
  0x85,0xc0,0x74,0xce,0x83,0xbc,0x24,0xb8,0x00,0x00,0x00,0x00,0x0f,0x84,0x7a,0x01,
  0x00,0x00,0x6a,0x00,0x6a,0x01,0x8b,0x87,0x98,0x00,0x00,0x00,0x6a,0x06,0x05,0x00,
  0x60,0x02,0x00,0x50,0x6a,0x05,0x57,0x0f,0xbe,0x4f,0x69,0x8b,0x94,0x24,0x84,0x04,
  0x00,0x00,0xe8,0x07,0x00,0xa4,0x8c,0x8b,0xd0,0x8b,0x43,0x04,0x85,0xc0,0x0f,0x8e,
  0x58,0x20,0x00,0x00,0x33,0xc9,0x89,0x9c,0x24,0xb0,0x00,0x00,0x00,0x8b,0xd9,0x89,
  0xb4,0x24,0xa4,0x00,0x00,0x00,0x8b,0xf2,0x89,0xbc,0x24,0x60,0x04,0x00,0x00,0x2b,
  0xc3,0x46,0x3d,0x00,0x40,0x00,0x00,0x7d,0x33,0x83,0xf8,0x10,0x7c,0x25,0x3d,0x00,
  0x02,0x00,0x00,0x7d,0x0f,0xc1,0xf8,0x05,0x0f,0xbe,0x80,0x00,0x02,0xd2,0xec,0x83,
  0xc0,0x05,0xeb,0x5c,0xc1,0xf8,0x0a,0x0f,0xbe,0x80,0x00,0x02,0xd2,0xec,0x83,0xc0,
  0x0a,0xeb,0x4d,0x0f,0xbe,0x80,0x00,0x02,0xd2,0xec,0xeb,0x44,0x3d,0x00,0x00,0x00,
  0x01,0x7d,0x25,0x3d,0x00,0x00,0x08,0x00,0x7d,0x0f,0xc1,0xf8,0x0f,0x0f,0xbe,0x80,
  0x00,0x02,0xd2,0xec,0x83,0xc0,0x0f,0xeb,0x27,0xc1,0xf8,0x14,0x0f,0xbe,0x80,0x00,
  0x02,0xd2,0xec,0x83,0xc0,0x14,0xeb,0x18,0x3d,0x00,0x00,0x00,0x20,0x7c,0x04,0x33,
  0xc0,0xeb,0x0d,0xc1,0xf8,0x19,0x0f,0xbe,0x80,0x00,0x02,0xd2,0xec,0x83,0xc0,0x19,
  0x6a,0x00,0x6a,0x01,0x6a,0x06,0x8b,0x94,0x24,0x6c,0x04,0x00,0x00,0x8b,0xba,0x98,
  0x00,0x00,0x00,0x81,0xc7,0x00,0x80,0x02,0x00,0x57,0x50,0x52,0x0f,0xbe,0x4a,0x69,
  0x8b,0x94,0x24,0x84,0x04,0x00,0x00,0xe8,0x07,0x00,0xc5,0x1c,0x8b,0xf8,0x8b,0x94,
  0x24,0xb0,0x00,0x00,0x00,0x8d,0x04,0x3b,0x3b,0x42,0x04,0x0f,0x8f,0x59,0x1f,0x00,
  0x00,0x57,0x56,0x8b,0x84,0x24,0xa8,0x00,0x00,0x00,0x03,0xc3,0x50,0xe8,0x07,0x01,
  0xfc,0xac,0x83,0xc4,0x0c,0x8b,0x84,0x24,0xb0,0x00,0x00,0x00,0x03,0xdf,0x8b,0x40,
  0x04,0x3b,0xd8,0x0f,0x8c,0x16,0xff,0xff,0xff,0x8b,0x9c,0x24,0xb0,0x00,0x00,0x00,
  0x33,0xd2,0x8b,0xb4,0x24,0xa4,0x00,0x00,0x00,0x8b,0xbc,0x24,0x60,0x04,0x00,0x00,
  0xe9,0x12,0x01,0x00,0x00,0x8b,0x43,0x04,0x83,0xc0,0x0f,0x83,0xe0,0xf0,0x50,0xe8,
  0x07,0x02,0x43,0x0a,0x89,0x84,0x24,0xa4,0x00,0x00,0x00,0x83,0xc4,0x04,0x83,0xbc,
  0x24,0xa0,0x00,0x00,0x00,0x00,0x0f,0x84,0x46,0xfe,0xff,0xff,0x8b,0x43,0x04,0x33,
  0xd2,0x85,0xc0,0x0f,0x8e,0x03,0x1f,0x00,0x00,0x8b,0x84,0x24,0xa0,0x00,0x00,0x00,
  0xb9,0x02,0x00,0x00,0x00,0xc7,0x84,0x24,0x90,0x00,0x00,0x00,0x00,0x00,0x00,0x00,
  0x89,0xb4,0x24,0xa4,0x00,0x00,0x00,0x89,0xbc,0x24,0x60,0x04,0x00,0x00,0x89,0x94,
  0x24,0x98,0x00,0x00,0x00,0x89,0x8c,0x24,0x9c,0x00,0x00,0x00,0x8b,0xf0,0x8b,0xbc,
  0x24,0x90,0x00,0x00,0x00,0x46,0x47,0x80,0x7b,0x17,0x00,0x74,0x40,0x6a,0x06,0x6a,
  0x01,0x8b,0x84,0x24,0xa4,0x00,0x00,0x00,0x05,0x1c,0x22,0x00,0x00,0x50,0x8b,0x84,
  0x24,0x6c,0x04,0x00,0x00,0x50,0x8b,0x94,0x24,0x7c,0x04,0x00,0x00,0x0f,0xbe,0x48,
  0x69,0xe8,0x07,0x01,0x39,0xdc,0x89,0x84,0x24,0x9c,0x00,0x00,0x00,0x83,0xbc,0x24,
  0x9c,0x00,0x00,0x00,0x00,0x75,0x06,0xc6,0x46,0xff,0xff,0xeb,0x3a,0xb8,0x01,0x00,
  0x00,0x00,0x50,0x50,0x6a,0x06,0x8b,0x94,0x24,0x6c,0x04,0x00,0x00,0x8b,0x82,0x98,
  0x00,0x00,0x00,0x05,0x00,0xa0,0x02,0x00,0x50,0x6a,0x05,0x52,0x0f,0xbe,0x4a,0x69,
  0x8b,0x94,0x24,0x84,0x04,0x00,0x00,0xe8,0x07,0x01,0x13,0xac,0x40,0x88,0x46,0xff,
  0xff,0x84,0x24,0x98,0x00,0x00,0x00,0x8b,0x43,0x04,0x3b,0xf8,0x0f,0x8c,0x73,0xff,
  0xff,0xff,0x8b,0x94,0x24,0x98,0x00,0x00,0x00,0x8b,0xb4,0x24,0xa4,0x00,0x00,0x00,
  0x8b,0xbc,0x24,0x60,0x04,0x00,0x00,0x80,0x7b,0x17,0x00,0x0f,0x84,0x03,0x01,0x00,
  0x00,0x8b,0xc8,0xc1,0xf9,0x02,0x3b,0xd1,0x0f,0x8d,0xab,0x00,0x00,0x00,0x89,0x93,
  0x38,0x08,0x00,0x00,0x85,0xd2,0x75,0x10,0xc7,0x84,0x24,0x94,0x00,0x00,0x00,0x00,
  0x00,0x00,0x00,0xe9,0x94,0x03,0x00,0x00,0x83,0xc2,0x0f,0x83,0xe2,0xf0,0x75,0x22,
  0xc7,0x43,0x08,0x00,0x00,0x00,0x00,0x8b,0xcf,0xba,0x03,0x00,0x00,0x00,0xe8,0x07,
  0x01,0xcd,0x1c,0x33,0xc0,0x81,0xc4,0x84,0x04,0x00,0x00,0x5b,0x5f,0x5e,0x8b,0xe5,
  0x5d,0xc3,0x52,0xe8,0x07,0x02,0x43,0x0a,0x83,0xc4,0x04,0x89,0x43,0x08,0x85,0xc0,
  0x74,0xd5,0x8b,0x83,0x38,0x08,0x00,0x00,0x8d,0x04,0x85,0x0f,0x00,0x00,0x00,0x83,
  0xe0,0xf0,0x50,0xe8,0x07,0x02,0x43,0x0a,0x83,0xc4,0x04,0x89,0x43,0x2c,0x85,0xc0,
  0x0f,0x84,0x9c,0xf8,0xff,0xff,0x8b,0x83,0x38,0x08,0x00,0x00,0x8d,0x04,0x85,0x0f,
  0x00,0x00,0x00,0x83,0xe0,0xf0,0x50,0xe8,0x07,0x02,0x43,0x0a,0x89,0x84,0x24,0x98,
  0x00,0x00,0x00,0x83,0xc4,0x04,0x83,0xbc,0x24,0x94,0x00,0x00,0x00,0x00,0x0f,0x84,
  0x6e,0xf8,0xff,0xff,0xe9,0x00,0x03,0x00,0x00,0x8d,0x50,0x0f,0x83,0xe2,0xf0,0x75,
  0x04,0x33,0xd2,0xeb,0x0e,0x52,0xe8,0x07,0x02,0x43,0x0a,0x8b,0xd0,0x83,0xc4,0x04,
  0x8b,0x43,0x04,0x50,0xff,0xb4,0x24,0xa4,0x00,0x00,0x00,0x52,0x89,0x53,0x08,0xe8,
  0x07,0x01,0xfc,0xfc,0xff,0xb4,0x24,0xac,0x00,0x00,0x00,0xe8,0x07,0x02,0x43,0x15,
  0x83,0xc4,0x10,0x8b,0x43,0x08,0x89,0x84,0x24,0xa0,0x00,0x00,0x00,0xc6,0x43,0x17,
  0x00,0x8b,0x43,0x04,0x85,0xc0,0x0f,0x8e,0x5a,0x02,0x00,0x00,0x83,0xf8,0x10,0x0f,
  0x8c,0xf6,0x01,0x00,0x00,0x8b,0x8c,0x24,0xa0,0x00,0x00,0x00,0x83,0xe1,0x0f,0x8b,
  0xd1,0xf7,0xda,0x83,0xc2,0x10,0x85,0xc9,0x0f,0x45,0xca,0x89,0x4c,0x24,0x40,0x8d,
  0x51,0x10,0x3b,0xc2,0x0f,0x8c,0xd1,0x01,0x00,0x00,0x8b,0xd0,0x2b,0xd1,0x83,0xe2,
  0x0f,0xf7,0xda,0x03,0xd0,0x85,0xc9,0xb9,0x00,0x00,0x00,0x00,0x76,0x6e,0xc7,0x44,
  0x24,0x3c,0x00,0x00,0x00,0x00,0x89,0x9c,0x24,0xb0,0x00,0x00,0x00,0x89,0xb4,0x24,
  0xa4,0x00,0x00,0x00,0x89,0xbc,0x24,0x60,0x04,0x00,0x00,0x89,0x54,0x24,0x44,0x89,
  0x44,0x24,0x48,0x8b,0x5c,0x24,0x3c,0x8b,0x74,0x24,0x40,0x8b,0xbc,0x24,0xa0,0x00,
  0x00,0x00,0x0f,0xb6,0x04,0x3b,0x83,0xf8,0x0a,0x7e,0x0b,0x3d,0xff,0x00,0x00,0x00,
  0x8d,0x51,0x01,0x0f,0x45,0xca,0x43,0x3b,0xde,0x72,0xe7,0x89,0x74,0x24,0x40,0x8b,
  0x54,0x24,0x44,0x8b,0x44,0x24,0x48,0x8b,0x9c,0x24,0xb0,0x00,0x00,0x00,0x8b,0xb4,
  0x24,0xa4,0x00,0x00,0x00,0x8b,0xbc,0x24,0x60,0x04,0x00,0x00,0x89,0xbc,0x24,0x60,
  0x04,0x00,0x00,0x66,0x0f,0x6e,0xf1,0x66,0x0f,0xef,0xed,0x66,0x0f,0x6f,0xcd,0x8b,
  0x7c,0x24,0x40,0x66,0x0f,0x6f,0xc1,0x8b,0x8c,0x24,0xa0,0x00,0x00,0x00,0xf3,0x0f,
  0x6f,0x14,0x0f,0x83,0xc7,0x10,0x66,0x0f,0x6f,0xfa,0x66,0x0f,0x76,0xdb,0x66,0x0f,
  0xf8,0x3d,0x00,0x02,0xd2,0x90,0x66,0x0f,0x74,0xd3,0x66,0x0f,0x64,0x7c,0x24,0x50,
  0xf3,0x0f,0x7f,0x44,0x24,0x70,0x66,0x0f,0x6f,0xc7,0xf3,0x0f,0x7f,0x4c,0x24,0x60,
  0x66,0x0f,0x6f,0xcf,0x66,0x0f,0x60,0xc7,0x66,0x0f,0x6f,0xe7,0x66,0x0f,0x73,0xdf,
  0x0c,0x66,0x0f,0x60,0xff,0x66,0x0f,0x61,0xff,0xf3,0x0f,0x7f,0xbc,0x24,0x80,0x00,
  0x00,0x00,0x66,0x0f,0x6f,0xfa,0x66,0x0f,0x60,0xfa,0x66,0x0f,0x61,0xff,0x66,0x0f,
  0x61,0xc0,0x66,0x0f,0xef,0xfb,0x66,0x0f,0xdb,0xc7,0x66,0x0f,0xfa,0xf0,0x66,0x0f,
  0x6f,0xc2,0x66,0x0f,0x73,0xd8,0x04,0x66,0x0f,0x73,0xd9,0x04,0x66,0x0f,0x60,0xc0,
  0x66,0x0f,0x60,0xc9,0x66,0x0f,0x61,0xc0,0x66,0x0f,0x61,0xc9,0x66,0x0f,0xef,0xc3,
  0x66,0x0f,0xdb,0xc8,0x66,0x0f,0xfa,0xe9,0x66,0x0f,0x6f,0xca,0x66,0x0f,0x73,0xd9,
  0x08,0x66,0x0f,0x73,0xda,0x0c,0x66,0x0f,0x73,0xdc,0x08,0x66,0x0f,0x60,0xc9,0x66,
  0x0f,0x60,0xd2,0x66,0x0f,0x60,0xe4,0x66,0x0f,0x61,0xc9,0x66,0x0f,0x61,0xd2,0x66,
  0x0f,0xef,0xcb,0x66,0x0f,0x61,0xe4,0x66,0x0f,0xef,0xd3,0xf3,0x0f,0x6f,0x9c,0x24,
  0x80,0x00,0x00,0x00,0x66,0x0f,0xdb,0xe1,0xf3,0x0f,0x6f,0x4c,0x24,0x60,0x66,0x0f,
  0xdb,0xda,0xf3,0x0f,0x6f,0x44,0x24,0x70,0x66,0x0f,0xfa,0xcc,0x66,0x0f,0xfa,0xc3,
  0x3b,0xfa,0x0f,0x82,0x06,0xff,0xff,0xff,0x66,0x0f,0xfe,0xf5,0x66,0x0f,0xfe,0xf1,
  0x66,0x0f,0xfe,0xf0,0x66,0x0f,0x6f,0xc6,0x66,0x0f,0x73,0xd8,0x08,0x66,0x0f,0xfe,
  0xf0,0x66,0x0f,0x6f,0xce,0x66,0x0f,0x73,0xd1,0x20,0x66,0x0f,0xfe,0xf1,0x8b,0xbc,
  0x24,0x60,0x04,0x00,0x00,0x66,0x0f,0x7e,0xf1,0xeb,0x04,0x33,0xc9,0x33,0xd2,0x3b,
  0xd0,0x73,0x4b,0x89,0xbc,0x24,0x60,0x04,0x00,0x00,0x89,0x9c,0x24,0xb0,0x00,0x00,
  0x00,0x89,0xb4,0x24,0xa4,0x00,0x00,0x00,0x8b,0xbc,0x24,0xa0,0x00,0x00,0x00,0x0f,
  0xb6,0x1c,0x3a,0x83,0xfb,0x0a,0x7e,0x0c,0x81,0xfb,0xff,0x00,0x00,0x00,0x8d,0x71,
  0x01,0x0f,0x45,0xce,0x42,0x3b,0xd0,0x72,0xe6,0x8b,0x9c,0x24,0xb0,0x00,0x00,0x00,
  0x8b,0xb4,0x24,0xa4,0x00,0x00,0x00,0x8b,0xbc,0x24,0x60,0x04,0x00,0x00,0x89,0x8b,
  0x38,0x08,0x00,0x00,0xeb,0x0a,0xc7,0x83,0x38,0x08,0x00,0x00,0x00,0x00,0x00,0x00,
  0xc7,0x84,0x24,0x94,0x00,0x00,0x00,0x00,0x00,0x00,0x00,0x8d,0x04,0x85,0x0f,0x00,
  0x00,0x00,0x83,0xe0,0xf0,0x75,0x22,0xc7,0x43,0x2c,0x00,0x00,0x00,0x00,0x8b,0xcf,
  0xba,0x03,0x00,0x00,0x00,0xe8,0x07,0x01,0xcd,0x1c,0x33,0xc0,0x81,0xc4,0x84,0x04,
  0x00,0x00,0x5b,0x5f,0x5e,0x8b,0xe5,0x5d,0xc3,0x50,0xe8,0x07,0x02,0x43,0x0a,0x83,
  0xc4,0x04,0x89,0x43,0x2c,0x85,0xc0,0x74,0xd5,0x8b,0x43,0x04,0xff,0xb4,0x24,0x94,
  0x00,0x00,0x00,0x50,0x8b,0xcb,0x8b,0x94,0x24,0xa8,0x00,0x00,0x00,0xe8,0x07,0x00,
  0xa0,0x0c,0x85,0xc0,0x0f,0x84,0x8b,0x20,0x00,0x00,0x8b,0x83,0x38,0x08,0x00,0x00,
  0x85,0xc0,0x74,0x7f,0x8d,0x14,0x85,0x13,0x00,0x00,0x00,0x83,0xe2,0xf0,0x75,0x04,
  0x33,0xd2,0xeb,0x11,0x52,0xe8,0x07,0x02,0x43,0x0a,0x8b,0xd0,0x83,0xc4,0x04,0x8b,
  0x83,0x38,0x08,0x00,0x00,0x89,0x93,0x30,0x08,0x00,0x00,0x8d,0x04,0x85,0x13,0x00,
  0x00,0x00,0x83,0xe0,0xf0,0x75,0x0c,0xc7,0x83,0x34,0x08,0x00,0x00,0x00,0x00,0x00,
  0x00,0xeb,0x26,0x50,0xe8,0x07,0x02,0x43,0x0a,0x8b,0xd0,0x83,0xc4,0x04,0x85,0xd2,
  0x74,0x11,0x8d,0x42,0x04,0x89,0x83,0x34,0x08,0x00,0x00,0xc7,0x02,0xff,0xff,0xff,
  0xff,0xeb,0x06,0x89,0x93,0x34,0x08,0x00,0x00,0x0f,0xbe,0x47,0x69,0x8b,0xcb,0x50,
  0xff,0xb4,0x24,0x98,0x00,0x00,0x00,0x8b,0x94,0x24,0xa8,0x00,0x00,0x00,0xe8,0x07,
  0x00,0x9b,0xac,0x80,0x7b,0x17,0x00,0x74,0x33,0x83,0xbb,0x38,0x08,0x00,0x00,0x00,
  0x74,0x2a,0xff,0xb4,0x24,0x94,0x00,0x00,0x00,0xe8,0x07,0x02,0x43,0x15,0xff,0x73,
  0x2c,0xe8,0x07,0x02,0x43,0x15,0xff,0xb4,0x24,0xa8,0x00,0x00,0x00,0xe8,0x07,0x02,
  0x43,0x15,0x83,0xc4,0x0c,0xc7,0x43,0x2c,0x00,0x00,0x00,0x00,0x8b,0xcb,0xe8,0x07,
  0x00,0x9a,0x8c,0x6a,0x06,0x6a,0x04,0x68,0x20,0x22,0x00,0x00,0x57,0x0f,0xbe,0x4f,
  0x69,0x8b,0x94,0x24,0x7c,0x04,0x00,0x00,0xe8,0x07,0x01,0x0b,0xac,0x88,0x43,0x15,
  0x0f,0xb6,0xc0,0x83,0xf8,0x02,0x0f,0x8f,0x63,0xf5,0xff,0xff,0x85,0xc0,0x0f,0x8e,
  0xc5,0x02,0x00,0x00,0x6a,0x06,0x6a,0x00,0x57,0x0f,0xbe,0x4f,0x69,0x8b,0x94,0x24,
  0x78,0x04,0x00,0x00,0xe8,0x07,0x00,0xcf,0x0c,0x6a,0x06,0x6a,0x01,0x57,0xd9,0x5b,
  0x0c,0x0f,0xbe,0x4f,0x69,0x8b,0x94,0x24,0x78,0x04,0x00,0x00,0xe8,0x07,0x00,0xcf,
  0x0c,0xd9,0x5b,0x10,0x8b,0x13,0x8b,0x4b,0x04,0x80,0x7b,0x15,0x01,0x0f,0x84,0x89,
  0x1d,0x00,0x00,0x0f,0xaf,0xd1,0xb8,0x01,0x00,0x00,0x00,0x50,0x50,0x89,0x53,0x18,
  0x8b,0x87,0x98,0x00,0x00,0x00,0x6a,0x06,0x05,0x00,0xc0,0x02,0x00,0x50,0x6a,0x04,
  0x57,0x0f,0xbe,0x4f,0x69,0x8b,0x94,0x24,0x84,0x04,0x00,0x00,0xe8,0x07,0x01,0x2e,
  0x1c,0x6a,0x06,0x6a,0x01,0x68,0x24,0x22,0x00,0x00,0x40,0x57,0x88,0x43,0x14,0x0f,
  0xbe,0x4f,0x69,0x8b,0x94,0x24,0x7c,0x04,0x00,0x00,0xe8,0x07,0x01,0x39,0xdc,0x88,
  0x43,0x16,0x8b,0x43,0x18,0x8d,0x44,0x00,0x0f,0x83,0xe0,0xf0,0x50,0xe8,0x07,0x02,
  0x43,0x0a,0x89,0x84,0x24,0xb0,0x00,0x00,0x00,0x83,0xc4,0x04,0x83,0xbc,0x24,0xac,
  0x00,0x00,0x00,0x00,0x0f,0x84,0x98,0xf3,0xff,0xff,0x8b,0x53,0x18,0x8b,0xc2,0xd1,
  0xe8,0xc7,0x84,0x24,0xa8,0x00,0x00,0x00,0x00,0x00,0x00,0x00,0x85,0xd2,0x0f,0x8e,
  0x9f,0x01,0x00,0x00,0x33,0xd2,0x89,0x9c,0x24,0xb0,0x00,0x00,0x00,0x89,0xb4,0x24,
  0xa4,0x00,0x00,0x00,0x8b,0xf0,0x89,0xbc,0x24,0x60,0x04,0x00,0x00,0x8b,0xfa,0x8b,
  0x8c,0x24,0x60,0x04,0x00,0x00,0x47,0x0f,0xbe,0x41,0x69,0x85,0xc0,0x0f,0x84,0xcb,
  0x00,0x00,0x00,0x8b,0x8c,0x24,0xb0,0x00,0x00,0x00,0x0f,0xb6,0x59,0x14,0x8b,0x8c,
  0x24,0x60,0x04,0x00,0x00,0x89,0x5c,0x24,0x4c,0x8b,0x91,0xd4,0x06,0x00,0x00,0x85,
  0xd2,0x0f,0x8c,0xb5,0x18,0x00,0x00,0x3b,0x54,0x24,0x4c,0x7d,0x31,0x83,0x7c,0x24,
  0x4c,0x18,0x0f,0x8e,0x3a,0x18,0x00,0x00,0xba,0x18,0x00,0x00,0x00,0xe8,0x07,0x00,
  0x80,0xcc,0x8b,0xd8,0x8b,0x54,0x24,0x4c,0x83,0xc2,0xe8,0x8b,0x8c,0x24,0x60,0x04,
  0x00,0x00,0xe8,0x07,0x00,0x7f,0x7c,0xc1,0xe0,0x18,0x03,0xd8,0xeb,0x2f,0x8b,0xd9,
  0x8b,0x9b,0xd0,0x06,0x00,0x00,0x8b,0x84,0x24,0x60,0x04,0x00,0x00,0x8b,0x4c,0x24,
  0x4c,0x2b,0xd1,0x89,0x90,0xd4,0x06,0x00,0x00,0x8b,0xd3,0xd3,0xea,0x89,0x90,0xd0,
  0x06,0x00,0x00,0xb8,0x01,0x00,0x00,0x00,0xd3,0xe0,0x48,0x23,0xd8,0x83,0xfb,0xff,
  0x0f,0x84,0x37,0x19,0x00,0x00,0x8b,0x8c,0x24,0x60,0x04,0x00,0x00,0x0f,0xbe,0x41,
  0x69,0x8d,0x4f,0x01,0x83,0xe1,0x01,0x89,0x8c,0x24,0xb4,0x00,0x00,0x00,0x74,0x11,
  0x8b,0x8c,0x24,0xb0,0x00,0x00,0x00,0x8b,0x51,0x18,0x2b,0xd6,0x83,0xc2,0xfe,0xeb,
  0x02,0x8b,0xd6,0x83,0xf8,0x02,0x0f,0x84,0xc5,0x18,0x00,0x00,0xeb,0x5a,0x33,0xdb,
  0x53,0x53,0x8b,0x91,0x98,0x00,0x00,0x00,0x81,0xc2,0x00,0xe0,0x02,0x00,0x8b,0x8c,
  0x24,0x74,0x04,0x00,0x00,0xe8,0x07,0x00,0xed,0x3c,0x8d,0x4f,0x01,0x83,0xe1,0x01,
  0x89,0x8c,0x24,0xb4,0x00,0x00,0x00,0x74,0x11,0x8b,0x8c,0x24,0xb0,0x00,0x00,0x00,
  0x8b,0x59,0x18,0x2b,0xde,0x83,0xc3,0xfe,0xeb,0x02,0x8b,0xde,0x8b,0x8c,0x24,0xb0,
  0x00,0x00,0x00,0x2b,0xd8,0x8b,0xd3,0x0f,0xb6,0x49,0x14,0x51,0x8b,0x8c,0x24,0x64,
  0x04,0x00,0x00,0xe8,0x07,0x00,0xec,0x6c,0x8b,0x8c,0x24,0xac,0x00,0x00,0x00,0x66,
  0x89,0x5c,0x79,0xfe,0x8b,0x8c,0x24,0xa8,0x00,0x00,0x00,0x3b,0xd9,0x0f,0x4d,0xcb,
  0x33,0xdb,0x89,0x8c,0x24,0xa8,0x00,0x00,0x00,0x8b,0x8c,0x24,0xb0,0x00,0x00,0x00,
  0x3b,0x9c,0x24,0xb4,0x00,0x00,0x00,0x83,0xd6,0x00,0x3b,0x79,0x18,0x0f,0x8c,0x8c,
  0xfe,0xff,0xff,0x8b,0xd9,0x8b,0xb4,0x24,0xa4,0x00,0x00,0x00,0x8b,0xbc,0x24,0x60,
  0x04,0x00,0x00,0x8b,0xcf,0x8b,0xd3,0xe8,0x07,0x00,0xe5,0x4c,0x89,0x43,0x24,0x80,
  0x7b,0x15,0x01,0x0f,0x84,0x76,0x18,0x00,0x00,0x8b,0x43,0x18,0x8d,0x54,0x00,0x0f,
  0x83,0xe2,0xf0,0x75,0x04,0x33,0xd2,0xeb,0x0e,0x52,0xe8,0x07,0x02,0x43,0x0a,0x8b,
  0xd0,0x83,0xc4,0x04,0x8b,0x43,0x18,0x03,0xc0,0x89,0x53,0x28,0x50,0xff,0xb4,0x24,
  0xb0,0x00,0x00,0x00,0x52,0xe8,0x07,0x01,0xfc,0xfc,0xff,0xb4,0x24,0xb8,0x00,0x00,
  0x00,0xe8,0x07,0x02,0x43,0x15,0x83,0xc4,0x10,0x0f,0xbe,0x4f,0x69,0x8b,0x84,0x24,
  0xbc,0x00,0x00,0x00,0x3b,0x87,0xac,0x00,0x00,0x00,0x0f,0x8c,0xf9,0xf1,0xff,0xff,
  0x8b,0x9c,0x24,0x6c,0x04,0x00,0x00,0x6a,0x01,0x6a,0x00,0xbe,0x06,0x00,0x00,0x00,
  0x8b,0xd3,0x8b,0x87,0x98,0x00,0x00,0x00,0x56,0x05,0x00,0x00,0x03,0x00,0x50,0x56,
  0x57,0xe8,0x07,0x00,0x82,0x9c,0x40,0x0f,0xb6,0xc0,0x0f,0xbe,0x4f,0x69,0x85,0xc0,
  0x7e,0x54,0x89,0x9c,0x24,0x6c,0x04,0x00,0x00,0x33,0xf6,0x8b,0xd8,0x85,0xc9,0x74,
  0x2a,0x8b,0xcf,0xba,0x10,0x00,0x00,0x00,0xe8,0x07,0x01,0x3d,0xcc,0x85,0xc0,0x0f,
  0x85,0x2a,0xf2,0xff,0xff,0x0f,0xbe,0x4f,0x69,0x83,0xf9,0x02,0x75,0x1c,0x83,0x05,
  0x00,0x03,0x95,0xf8,0x10,0x0f,0xbe,0x4f,0x69,0xeb,0x0f,0x8b,0xcf,0x33,0xd2,0x6a,
  0x10,0xe8,0x07,0x00,0x81,0xdc,0x0f,0xbe,0x4f,0x69,0x46,0x3b,0xf3,0x7c,0xbe,0x8b,
  0x9c,0x24,0x6c,0x04,0x00,0x00,0x6a,0x01,0x6a,0x00,0xbe,0x06,0x00,0x00,0x00,0x8b,
  0xd3,0x8b,0x87,0x98,0x00,0x00,0x00,0x56,0x05,0x00,0x20,0x03,0x00,0x50,0x56,0x57,
  0xe8,0x07,0x01,0x13,0xac,0x8b,0xf0,0x46,0x69,0xc6,0x3c,0x06,0x00,0x00,0x83,0xc0,
  0x0f,0x89,0xb7,0xb4,0x00,0x00,0x00,0x83,0xe0,0xf0,0x75,0x04,0x33,0xc0,0xeb,0x0f,
  0x50,0xe8,0x07,0x02,0x43,0x0a,0x83,0xc4,0x04,0x8b,0xb7,0xb4,0x00,0x00,0x00,0x89,
  0x87,0x38,0x01,0x00,0x00,0xc7,0x84,0x24,0x04,0x04,0x00,0x00,0x00,0x00,0x00,0x00,
  0x85,0xf6,0x0f,0x8e,0xb1,0x04,0x00,0x00,0x33,0xc0,0x89,0x84,0x24,0xf0,0x03,0x00,
  0x00,0x33,0xf6,0x89,0x9c,0x24,0x6c,0x04,0x00,0x00,0x6a,0x06,0x6a,0x10,0x68,0x26,
  0x22,0x00,0x00,0x57,0x0f,0xbe,0x4f,0x69,0x8b,0x94,0x24,0x7c,0x04,0x00,0x00,0xe8,
  0x07,0x01,0x39,0xdc,0x8b,0xd0,0x8b,0x84,0x24,0xf0,0x03,0x00,0x00,0x66,0x89,0x94,
  0x47,0xb8,0x00,0x00,0x00,0x0f,0xb7,0xd2,0x85,0xd2,0x0f,0x84,0xe9,0x1a,0x00,0x00,
  0x6a,0x01,0x6a,0x00,0x8b,0x87,0x98,0x00,0x00,0x00,0x6a,0x06,0x8b,0x9f,0x38,0x01,
  0x00,0x00,0x05,0x00,0x40,0x03,0x00,0x89,0x9c,0x24,0xf8,0x03,0x00,0x00,0x50,0x6a,
  0x05,0x57,0x0f,0xbe,0x4f,0x69,0x03,0xde,0x8b,0x94,0x24,0x84,0x04,0x00,0x00,0xe8,
  0x07,0x01,0x13,0xac,0x88,0x03,0x84,0xc0,0x0f,0x86,0x99,0x01,0x00,0x00,0xb8,0xff,
  0xff,0xff,0xff,0x33,0xd2,0x89,0x34,0x24,0x8b,0xf0,0x89,0x9c,0x24,0x0c,0x04,0x00,
  0x00,0x8b,0xda,0x6a,0x01,0x6a,0x00,0x8b,0x87,0x98,0x00,0x00,0x00,0x6a,0x06,0x05,
  0x00,0x60,0x03,0x00,0x50,0x6a,0x04,0x57,0x0f,0xbe,0x4f,0x69,0x8b,0x94,0x24,0x84,
  0x04,0x00,0x00,0xe8,0x07,0x01,0x2e,0x1c,0x8b,0x8c,0x24,0x0c,0x04,0x00,0x00,0x88,
  0x44,0x0b,0x01,0x43,0x0f,0xb6,0xc0,0x3b,0xc6,0x0f,0xb6,0x09,0x0f,0x4d,0xf0,0x3b,
  0xd9,0x7c,0xc0,0x8b,0xc6,0x8b,0x34,0x24,0x8b,0x9c,0x24,0x0c,0x04,0x00,0x00,0x85,
  0xc0,0x0f,0x8c,0x30,0x01,0x00,0x00,0x33,0xd2,0x89,0x34,0x24,0x8b,0xf2,0x89,0x84,
  0x24,0x00,0x04,0x00,0x00,0x6a,0x06,0x6a,0x03,0x68,0x28,0x22,0x00,0x00,0x57,0x0f,
  0xbe,0x4f,0x69,0x8b,0x94,0x24,0x7c,0x04,0x00,0x00,0xe8,0x07,0x00,0xfb,0x1c,0x6a,
  0x06,0x6a,0x02,0x68,0x30,0x22,0x00,0x00,0x40,0x57,0x88,0x44,0x1e,0x21,0x0f,0xbe,
  0x4f,0x69,0x8b,0x94,0x24,0x7c,0x04,0x00,0x00,0xe8,0x07,0x01,0x0b,0xac,0x0f,0xb6,
  0xc8,0x88,0x44,0x1e,0x31,0x85,0xc9,0x74,0x3d,0x6a,0x01,0x6a,0x00,0x8b,0x87,0x98,
  0x00,0x00,0x00,0x6a,0x06,0x05,0x00,0x80,0x03,0x00,0x50,0x6a,0x08,0x57,0x0f,0xbe,
  0x4f,0x69,0x8b,0x94,0x24,0x84,0x04,0x00,0x00,0xe8,0x07,0x01,0x13,0xac,0x88,0x44,
  0x1e,0x41,0x0f,0xb6,0xc0,0x3b,0x87,0xac,0x00,0x00,0x00,0x0f,0x8d,0x1e,0xf0,0xff,
  0xff,0x0f,0xb6,0x4c,0x1e,0x31,0xb8,0x01,0x00,0x00,0x00,0xd3,0xe0,0x85,0xc0,0x0f,
  0x8e,0x81,0x00,0x00,0x00,0x8b,0xc6,0x33,0xd2,0xc1,0xe0,0x04,0x03,0xc3,0x89,0xb4,
  0x24,0x10,0x04,0x00,0x00,0x8b,0xf2,0x89,0x9c,0x24,0x0c,0x04,0x00,0x00,0x8b,0xd8,
  0xb8,0x01,0x00,0x00,0x00,0x50,0x50,0x8b,0x97,0x98,0x00,0x00,0x00,0x6a,0x06,0x81,
  0xc2,0x00,0xa0,0x03,0x00,0x52,0x6a,0x08,0x57,0x0f,0xbe,0x4f,0x69,0x8b,0x94,0x24,
  0x84,0x04,0x00,0x00,0xe8,0x07,0x01,0x13,0xac,0x48,0x66,0x89,0x44,0x73,0x52,0x0f,
  0xbf,0xc0,0x3b,0x87,0xac,0x00,0x00,0x00,0x0f,0x8d,0xb1,0xef,0xff,0xff,0x8b,0x94,
  0x24,0x0c,0x04,0x00,0x00,0x46,0x8b,0x84,0x24,0x10,0x04,0x00,0x00,0x0f,0xb6,0x4c,
  0x10,0x31,0xb8,0x01,0x00,0x00,0x00,0xd3,0xe0,0x3b,0xf0,0x7c,0xa3,0x8b,0xb4,0x24,
  0x10,0x04,0x00,0x00,0x8b,0xda,0x46,0x3b,0xb4,0x24,0x00,0x04,0x00,0x00,0x0f,0x8e,
  0xe1,0xfe,0xff,0xff,0x8b,0x34,0x24,0x6a,0x06,0x6a,0x02,0x68,0x34,0x22,0x00,0x00,
  0x57,0x0f,0xbe,0x4f,0x69,0x8b,0x94,0x24,0x7c,0x04,0x00,0x00,0xe8,0x07,0x01,0x0b,
  0xac,0x6a,0x06,0x6a,0x04,0x68,0x38,0x22,0x00,0x00,0x40,0x57,0x88,0x83,0x34,0x06,
  0x00,0x00,0x0f,0xbe,0x4f,0x69,0x8b,0x94,0x24,0x7c,0x04,0x00,0x00,0xe8,0x07,0x00,
  0xf6,0x9c,0x33,0xd2,0x8b,0xc8,0x66,0x89,0x93,0x52,0x01,0x00,0x00,0xba,0x01,0x00,
  0x00,0x00,0xd3,0xe2,0x0f,0xb6,0x0b,0x88,0x83,0x35,0x06,0x00,0x00,0xc7,0x83,0x38,
  0x06,0x00,0x00,0x02,0x00,0x00,0x00,0x66,0x89,0x93,0x54,0x01,0x00,0x00,0x85,0xc9,
  0x0f,0x8e,0xb4,0x00,0x00,0x00,0xba,0x02,0x00,0x00,0x00,0x33,0xc0,0x89,0x34,0x24,
  0x8b,0xf1,0x89,0x94,0x24,0xf4,0x03,0x00,0x00,0x33,0xc9,0x0f,0xb6,0x54,0x18,0x01,
  0x80,0x7c,0x1a,0x21,0x00,0x76,0x7c,0x89,0x94,0x24,0x08,0x04,0x00,0x00,0x8b,0xf1,
  0x89,0x84,0x24,0xf8,0x03,0x00,0x00,0x6a,0x01,0x6a,0x00,0x8b,0x87,0x98,0x00,0x00,
  0x00,0x6a,0x06,0x05,0x00,0xc0,0x03,0x00,0x50,0x0f,0xb6,0x83,0x35,0x06,0x00,0x00,
  0x50,0x57,0x0f,0xbe,0x4f,0x69,0x8b,0x94,0x24,0x84,0x04,0x00,0x00,0xe8,0x07,0x00,
  0x91,0xac,0x8b,0xd0,0x8b,0x83,0x38,0x06,0x00,0x00,0x46,0x66,0x89,0x94,0x43,0x52,
  0x01,0x00,0x00,0x8b,0x94,0x24,0x08,0x04,0x00,0x00,0x8b,0x8b,0x38,0x06,0x00,0x00,
  0x41,0x89,0x8b,0x38,0x06,0x00,0x00,0x0f,0xb6,0x44,0x1a,0x21,0x3b,0xf0,0x7c,0xa7,
  0x89,0x8c,0x24,0xf4,0x03,0x00,0x00,0x33,0xc9,0x8b,0x84,0x24,0xf8,0x03,0x00,0x00,
  0x0f,0xb6,0x33,0x40,0x3b,0xc6,0x0f,0x8c,0x6f,0xff,0xff,0xff,0x8b,0x94,0x24,0xf4,
  0x03,0x00,0x00,0x8b,0x34,0x24,0x85,0xd2,0x7e,0x53,0x89,0xbc,0x24,0x60,0x04,0x00,
  0x00,0x33,0xc0,0x40,0x0f,0xb7,0xbc,0x83,0x4e,0x01,0x00,0x00,0x8d,0x54,0x00,0xfe,
  0x66,0x89,0x7c,0xc4,0xfc,0x8d,0x4c,0x00,0xff,0x66,0x89,0x54,0xc4,0xfe,0x8d,0x3c,
  0x00,0x8b,0x93,0x38,0x06,0x00,0x00,0x3b,0xca,0x7d,0x1b,0x0f,0xb7,0x94,0x83,0x50,
  0x01,0x00,0x00,0x66,0x89,0x14,0xc4,0x66,0x89,0x4c,0xc4,0x02,0x8b,0x93,0x38,0x06,
  0x00,0x00,0x3b,0xfa,0x7c,0xbd,0x8b,0xbc,0x24,0x60,0x04,0x00,0x00,0x8d,0x44,0x24,
  0x04,0x68,0x00,0x01,0x8f,0x30,0x6a,0x04,0x52,0x50,0xe8,0x07,0x02,0x43,0x8c,0x83,
  0xc4,0x10,0x8b,0x93,0x38,0x06,0x00,0x00,0x85,0xd2,0x0f,0x8e,0xbe,0x00,0x00,0x00,
  0x89,0xbc,0x24,0x60,0x04,0x00,0x00,0x33,0xc0,0x40,0x0f,0xb7,0x54,0xc4,0xfe,0x8d,
  0x0c,0x00,0x88,0x94,0x19,0x44,0x03,0x00,0x00,0x8d,0x7c,0x00,0xff,0x8b,0x93,0x38,
  0x06,0x00,0x00,0x3b,0xfa,0x7d,0x16,0x0f,0xb7,0x54,0xc4,0x02,0x88,0x94,0x0b,0x45,
  0x03,0x00,0x00,0x8b,0x93,0x38,0x06,0x00,0x00,0x3b,0xca,0x7c,0xcc,0x8b,0xbc,0x24,
  0x60,0x04,0x00,0x00,0x83,0xfa,0x02,0x7e,0x75,0x8b,0x84,0x24,0xec,0x03,0x00,0x00,
  0xba,0x02,0x00,0x00,0x00,0x89,0x34,0x24,0x89,0xbc,0x24,0x60,0x04,0x00,0x00,0x8b,
  0xfa,0x8d,0x8c,0x06,0x52,0x01,0x00,0x00,0x8b,0xf3,0x89,0x8c,0x24,0xfc,0x03,0x00,
  0x00,0x8d,0x84,0x24,0x48,0x04,0x00,0x00,0x8b,0xd8,0x8b,0xd7,0x8d,0x8c,0x24,0x4c,
  0x04,0x00,0x00,0x51,0x53,0x8b,0x49,0xb0,0xe8,0x07,0x00,0xff,0x8c,0x8b,0x8c,0x24,
  0x48,0x04,0x00,0x00,0x88,0x8c,0x7e,0x40,0x04,0x00,0x00,0x8b,0x8c,0x24,0x4c,0x04,
  0x00,0x00,0x88,0x8c,0x7e,0x41,0x04,0x00,0x00,0x47,0x8b,0x96,0x38,0x06,0x00,0x00,
  0x3b,0xfa,0x7c,0xc6,0x8b,0x34,0x24,0x8b,0xbc,0x24,0x60,0x04,0x00,0x00,0x8b,0x84,
  0x24,0x04,0x04,0x00,0x00,0x3b,0xd0,0x0f,0x4d,0xc2,0x81,0xc6,0x3c,0x06,0x00,0x00,
  0x8b,0x94,0x24,0xf0,0x03,0x00,0x00,0x42,0x89,0x84,0x24,0x04,0x04,0x00,0x00,0x89,
  0x94,0x24,0xf0,0x03,0x00,0x00,0x3b,0x97,0xb4,0x00,0x00,0x00,0x0f,0x8c,0x68,0xfb,
  0xff,0xff,0x8b,0x9c,0x24,0x6c,0x04,0x00,0x00,0x6a,0x01,0x6a,0x00,0xbe,0x06,0x00,
  0x00,0x00,0x8b,0xd3,0x8b,0x87,0x98,0x00,0x00,0x00,0x56,0x05,0x00,0xe0,0x03,0x00,
  0x50,0x56,0x0f,0xbe,0x4f,0x69,0x57,0xe8,0x07,0x00,0x82,0x9c,0x8b,0xf0,0x8d,0x46,
  0x01,0x89,0x87,0x40,0x01,0x00,0x00,0x8d,0x74,0x76,0x03,0x8d,0x34,0xf5,0x0f,0x00,
  0x00,0x00,0x83,0xe6,0xf0,0x75,0x04,0x33,0xd2,0xeb,0x11,0x56,0xe8,0x07,0x02,0x43,
  0x0a,0x8b,0xd0,0x83,0xc4,0x04,0x8b,0x87,0x40,0x01,0x00,0x00,0x89,0x97,0xc4,0x01,
  0x00,0x00,0xc7,0x84,0x24,0x00,0x04,0x00,0x00,0x01,0x00,0x00,0x00,0x85,0xc0,0x0f,
  0x8e,0x6d,0x05,0x00,0x00,0x33,0xc0,0x89,0x04,0x24,0x89,0x9c,0x24,0x6c,0x04,0x00,
  0x00,0x6a,0x06,0x6a,0x10,0x68,0x48,0x22,0x00,0x00,0x57,0x8b,0x5c,0x24,0x10,0x43,
  0x8b,0x94,0x24,0x7c,0x04,0x00,0x00,0x89,0x5c,0x24,0x10,0x0f,0xbe,0x4f,0x69,0x8d,
  0x34,0x5b,0x8b,0x9f,0xc4,0x01,0x00,0x00,0xe8,0x07,0x01,0x0b,0xac,0x8b,0xd0,0x8b,
  0x04,0x24,0x66,0x89,0x94,0x47,0x42,0x01,0x00,0x00,0x0f,0xb7,0xd2,0x83,0xfa,0x02,
  0x0f,0x8f,0x29,0xec,0xff,0xff,0x6a,0x01,0x6a,0x00,0x8b,0x87,0x98,0x00,0x00,0x00,
  0x6a,0x06,0x05,0x00,0x00,0x04,0x00,0x50,0x6a,0x18,0x57,0x0f,0xbe,0x4f,0x69,0x8b,
  0x94,0x24,0x84,0x04,0x00,0x00,0xe8,0x07,0x00,0x91,0xac,0x6a,0x01,0x89,0x44,0xf3,
  0xe8,0x6a,0x00,0x8b,0x87,0x98,0x00,0x00,0x00,0x6a,0x06,0x05,0x00,0x20,0x04,0x00,
  0x50,0x6a,0x18,0x57,0x0f,0xbe,0x4f,0x69,0x8b,0x94,0x24,0x84,0x04,0x00,0x00,0xe8,
  0x07,0x00,0x91,0xac,0x89,0x44,0xf3,0xec,0xb8,0x01,0x00,0x00,0x00,0x50,0x50,0x8b,
  0x97,0x98,0x00,0x00,0x00,0x6a,0x06,0x81,0xc2,0x00,0x40,0x04,0x00,0x52,0x6a,0x18,
  0x57,0x0f,0xbe,0x4f,0x69,0x8b,0x94,0x24,0x84,0x04,0x00,0x00,0xe8,0x07,0x01,0x00,
  0x7c,0x6a,0x01,0x40,0xba,0x06,0x00,0x00,0x00,0x89,0x44,0xf3,0xf0,0x6a,0x00,0x8b,
  0x87,0x98,0x00,0x00,0x00,0x52,0x05,0x00,0x60,0x04,0x00,0x50,0x52,0x57,0x0f,0xbe,
  0x4f,0x69,0x8b,0x94,0x24,0x84,0x04,0x00,0x00,0xe8,0x07,0x01,0x13,0xac,0x40,0x88,
  0x44,0xf3,0xf4,0x8b,0x97,0x98,0x00,0x00,0x00,0x6a,0x02,0x6a,0x01,0x8b,0x82,0x00,
  0xa0,0x03,0x00,0x89,0x82,0x00,0xa0,0x04,0x00,0x8b,0x87,0x98,0x00,0x00,0x00,0x6a,
  0x06,0xc7,0x80,0x04,0xa0,0x04,0x00,0x00,0x00,0x00,0x00,0x8b,0x87,0x98,0x00,0x00,
  0x00,0x05,0x00,0xa0,0x04,0x00,0x50,0x6a,0x08,0x57,0x0f,0xbe,0x4f,0x69,0x8b,0x94,
  0x24,0x84,0x04,0x00,0x00,0xe8,0x07,0x01,0x13,0xac,0x88,0x44,0xf3,0xf5,0x33,0xd2,
  0x0f,0xb6,0xc0,0x69,0xc8,0x3c,0x08,0x00,0x00,0x8b,0x44,0xf3,0xec,0x2b,0x44,0xf3,
  0xe8,0xf7,0x74,0xf3,0xf0,0x8b,0x97,0xb0,0x00,0x00,0x00,0x03,0x04,0x0a,0x8b,0x94,
  0x24,0x00,0x04,0x00,0x00,0x3b,0xc2,0x0f,0x47,0xd0,0x0f,0xb6,0x44,0xf3,0xf4,0x89,
  0x94,0x24,0x00,0x04,0x00,0x00,0x85,0xc0,0x0f,0x8e,0x18,0x01,0x00,0x00,0x33,0xc0,
  0x89,0x9c,0x24,0x58,0x04,0x00,0x00,0x8b,0xd8,0x89,0xb4,0x24,0x54,0x04,0x00,0x00,
  0x43,0x80,0x7f,0x69,0x00,0x74,0x64,0x8b,0xcf,0xba,0x03,0x00,0x00,0x00,0xe8,0x07,
  0x01,0x10,0x0c,0x8b,0xf0,0x8b,0xcf,0xba,0x01,0x00,0x00,0x00,0xe8,0x07,0x01,0x3e,
  0xdc,0x85,0xc0,0x75,0x08,0x0f,0xbe,0x47,0x69,0x33,0xd2,0xeb,0x23,0x8b,0xcf,0xba,
  0x05,0x00,0x00,0x00,0xe8,0x07,0x01,0x12,0x9c,0x0f,0xb6,0xd0,0x0f,0xbe,0x47,0x69,
  0x83,0xf8,0x02,0x75,0x0b,0x83,0x05,0x00,0x03,0x95,0xf8,0x05,0x0f,0xbe,0x47,0x69,
  0x81,0xe6,0xff,0x00,0x00,0x00,0x8d,0x14,0xd6,0x89,0x94,0x24,0x5c,0x04,0x00,0x00,
  0x83,0xf8,0x02,0x0f,0x84,0xef,0x12,0x00,0x00,0xeb,0x6e,0x6a,0x01,0x6a,0x00,0x8b,
  0x97,0x98,0x00,0x00,0x00,0x81,0xc2,0x00,0x80,0x04,0x00,0x8b,0x8c,0x24,0x74,0x04,
  0x00,0x00,0xe8,0x07,0x01,0x22,0xec,0x89,0x84,0x24,0x5c,0x04,0x00,0x00,0x6a,0x03,
  0x8b,0xd0,0x8b,0xcf,0x83,0xe2,0x07,0xe8,0x07,0x01,0x11,0x1c,0x6a,0x01,0x33,0xd2,
  0xf7,0x84,0x24,0x60,0x04,0x00,0x00,0xf8,0x00,0x00,0x00,0x8b,0xcf,0x0f,0x95,0xc2,
  0x89,0x94,0x24,0x00,0x04,0x00,0x00,0xe8,0x07,0x01,0x3f,0xdc,0x83,0xbc,0x24,0xfc,
  0x03,0x00,0x00,0x00,0x74,0x13,0x6a,0x05,0x8b,0x94,0x24,0x60,0x04,0x00,0x00,0x8b,
  0xcf,0xc1,0xea,0x03,0xe8,0x07,0x01,0x11,0xdc,0x8b,0x94,0x24,0x5c,0x04,0x00,0x00,
  0x88,0x94,0x1c,0x07,0x04,0x00,0x00,0x8b,0x94,0x24,0x54,0x04,0x00,0x00,0x8b,0xb4,
  0x24,0x58,0x04,0x00,0x00,0x0f,0xb6,0x44,0xd6,0xf4,0x3b,0xd8,0x0f,0x8c,0xfe,0xfe,
  0xff,0xff,0x8b,0xde,0x8b,0xf2,0x8b,0xd0,0xc1,0xe2,0x04,0x83,0xc2,0x0f,0x83,0xe2,
  0xf0,0x75,0x04,0x33,0xd2,0xeb,0x10,0x52,0xe8,0x07,0x02,0x43,0x0a,0x8b,0xd0,0x83,
  0xc4,0x04,0x0f,0xb6,0x44,0xf3,0xf4,0x89,0x54,0xf3,0xfc,0x85,0xc0,0x0f,0x8e,0xd1,
  0x00,0x00,0x00,0x33,0xd2,0x89,0xbc,0x24,0x60,0x04,0x00,0x00,0x33,0xc0,0x42,0x8b,
  0xf8,0x8b,0xca,0xc1,0xe1,0x04,0x89,0x8c,0x24,0x64,0x04,0x00,0x00,0x89,0x94,0x24,
  0x68,0x04,0x00,0x00,0x8b,0x84,0x24,0x68,0x04,0x00,0x00,0x0f,0xb6,0x94,0x04,0x07,
  0x04,0x00,0x00,0x0f,0xa3,0xfa,0x72,0x17,0x8b,0x54,0xf3,0xfc,0xb8,0xff,0xff,0xff,
  0xff,0x03,0x94,0x24,0x64,0x04,0x00,0x00,0x66,0x89,0x44,0x7a,0xf0,0xeb,0x5e,0x6a,
  0x02,0x6a,0x01,0x6a,0x06,0x8b,0x94,0x24,0x6c,0x04,0x00,0x00,0x8b,0x82,0x98,0x00,
  0x00,0x00,0x05,0x00,0xa0,0x04,0x00,0x50,0x6a,0x08,0x52,0x0f,0xbe,0x4a,0x69,0x8b,
  0x94,0x24,0x84,0x04,0x00,0x00,0xe8,0x07,0x01,0x13,0xac,0x8b,0xc8,0x8b,0x54,0xf3,
  0xfc,0x8b,0x84,0x24,0x64,0x04,0x00,0x00,0x03,0xd0,0x66,0x89,0x4c,0x7a,0xf0,0x8b,
  0x4c,0xf3,0xfc,0x03,0xc8,0x8b,0x94,0x24,0x60,0x04,0x00,0x00,0x0f,0xbf,0x44,0x79,
  0xf0,0x3b,0x82,0xac,0x00,0x00,0x00,0x0f,0x8d,0x7f,0x12,0x00,0x00,0x47,0x83,0xff,
  0x08,0x0f,0x82,0x6d,0xff,0xff,0xff,0x8b,0x94,0x24,0x68,0x04,0x00,0x00,0x33,0xc0,
  0x0f,0xb6,0x4c,0xf3,0xf4,0x3b,0xd1,0x0f,0x8c,0x41,0xff,0xff,0xff,0x8b,0xbc,0x24,
  0x60,0x04,0x00,0x00,0x0f,0xb6,0x44,0xf3,0xf5,0x69,0xc0,0x3c,0x08,0x00,0x00,0x8b,
  0x97,0xb0,0x00,0x00,0x00,0x8b,0x44,0x02,0x04,0x8d,0x04,0x85,0x0f,0x00,0x00,0x00,
  0x83,0xe0,0xf0,0x75,0x23,0xc7,0x44,0xf3,0xf8,0x00,0x00,0x00,0x00,0x8b,0xcf,0xba,
  0x03,0x00,0x00,0x00,0xe8,0x07,0x01,0xcd,0x1c,0x33,0xc0,0x81,0xc4,0x84,0x04,0x00,
  0x00,0x5b,0x5f,0x5e,0x8b,0xe5,0x5d,0xc3,0x50,0xe8,0x07,0x02,0x43,0x0a,0x83,0xc4,
  0x04,0x89,0x44,0xf3,0xf8,0x85,0xc0,0x74,0xd4,0x0f,0xb6,0x54,0xf3,0xf5,0x69,0xca,
  0x3c,0x08,0x00,0x00,0x8b,0x97,0xb0,0x00,0x00,0x00,0x8b,0x54,0x0a,0x04,0xc1,0xe2,
  0x02,0x52,0x6a,0x00,0x50,0xe8,0x07,0x01,0xfc,0xac,0x83,0xc4,0x0c,0x0f,0xb6,0x54,
  0xf3,0xf5,0x69,0xca,0x3c,0x08,0x00,0x00,0x8b,0x87,0xb0,0x00,0x00,0x00,0x83,0x7c,
  0x01,0x04,0x00,0x0f,0x8e,0x23,0x01,0x00,0x00,0x33,0xc9,0x89,0x9c,0x24,0x58,0x04,
  0x00,0x00,0x8b,0xd9,0x89,0xb4,0x24,0x54,0x04,0x00,0x00,0x89,0xbc,0x24,0x60,0x04,
  0x00,0x00,0x69,0xd2,0x3c,0x08,0x00,0x00,0x43,0x8b,0x34,0x02,0x8d,0x7b,0xff,0x8d,
  0x46,0x0f,0x83,0xe0,0xf0,0x75,0x04,0x33,0xc0,0xeb,0x09,0x50,0xe8,0x07,0x02,0x43,
  0x0a,0x83,0xc4,0x04,0x8b,0x8c,0x24,0x54,0x04,0x00,0x00,0x8b,0x94,0x24,0x58,0x04,
  0x00,0x00,0x8b,0x54,0xca,0xf8,0x89,0x44,0x9a,0xfc,0x8b,0xc6,0x48,0x0f,0x88,0x92,
  0x00,0x00,0x00,0x8b,0xc1,0x8b,0x94,0x24,0x58,0x04,0x00,0x00,0x89,0xbc,0x24,0xf4,
  0x03,0x00,0x00,0x89,0xb4,0x24,0xec,0x03,0x00,0x00,0x0f,0xb6,0x54,0xc2,0xf4,0x33,
  0xc0,0x89,0x9c,0x24,0xf0,0x03,0x00,0x00,0x33,0xc9,0x8b,0xf2,0x0f,0x1f,0x40,0x00,
  0x40,0x89,0x84,0x24,0xf8,0x03,0x00,0x00,0x8b,0x84,0x24,0xf4,0x03,0x00,0x00,0x99,
  0xf7,0xfe,0x8b,0xb4,0x24,0x54,0x04,0x00,0x00,0x8b,0xbc,0x24,0x58,0x04,0x00,0x00,
  0x8b,0x84,0x24,0xf0,0x03,0x00,0x00,0x8b,0x5c,0xf7,0xf8,0x8b,0x44,0x83,0xfc,0x8b,
  0x9c,0x24,0xec,0x03,0x00,0x00,0x03,0xc3,0x88,0x54,0x01,0xff,0x49,0x8b,0x84,0x24,
  0xf4,0x03,0x00,0x00,0x99,0x0f,0xb6,0x74,0xf7,0xf4,0xf7,0xfe,0x89,0x84,0x24,0xf4,
  0x03,0x00,0x00,0x8b,0x84,0x24,0xf8,0x03,0x00,0x00,0x3b,0xc3,0x72,0xa2,0x8b,0x9c,
  0x24,0xf0,0x03,0x00,0x00,0x8b,0xb4,0x24,0x54,0x04,0x00,0x00,0x8b,0x94,0x24,0x58,
  0x04,0x00,0x00,0x8b,0x84,0x24,0x60,0x04,0x00,0x00,0x0f,0xb6,0x54,0xf2,0xf5,0x69,
  0xfa,0x3c,0x08,0x00,0x00,0x8b,0x80,0xb0,0x00,0x00,0x00,0x3b,0x5c,0x07,0x04,0x0f,
  0x8c,0xfd,0xfe,0xff,0xff,0x8b,0xbc,0x24,0x60,0x04,0x00,0x00,0x8b,0x04,0x24,0x3b,
  0x87,0x40,0x01,0x00,0x00,0x0f,0x8c,0xa6,0xfa,0xff,0xff,0x8b,0x9c,0x24,0x6c,0x04,
  0x00,0x00,0x8b,0x84,0x24,0x00,0x04,0x00,0x00,0x0f,0xbe,0x57,0x68,0x89,0x94,0x24,
  0xf8,0x03,0x00,0x00,0x8d,0x34,0x85,0x00,0x00,0x00,0x00,0x8d,0x04,0x85,0x04,0x00,
  0x00,0x00,0x0f,0xaf,0xc2,0x83,0xc0,0x0f,0x83,0xe0,0xf0,0x50,0xe8,0x07,0x02,0x43,
  0x0a,0x8b,0xd0,0x83,0xc4,0x04,0x83,0xbc,0x24,0xf8,0x03,0x00,0x00,0x00,0x0f,0x8e,
  0x8b,0x01,0x00,0x00,0x83,0xbc,0x24,0xf8,0x03,0x00,0x00,0x04,0x0f,0x8c,0x3c,0x01,
  0x00,0x00,0x8b,0xc2,0x83,0xe0,0x0f,0x89,0x84,0x24,0xfc,0x03,0x00,0x00,0x74,0x1d,
  0xf6,0x84,0x24,0xfc,0x03,0x00,0x00,0x03,0x0f,0x85,0x20,0x01,0x00,0x00,0xf7,0xd8,
  0x83,0xc0,0x10,0xc1,0xe8,0x02,0x89,0x84,0x24,0xfc,0x03,0x00,0x00,0x8d,0x40,0x04,
  0x3b,0x84,0x24,0xf8,0x03,0x00,0x00,0x0f,0x8f,0x01,0x01,0x00,0x00,0x89,0x34,0x24,
  0x8b,0xb4,0x24,0xf8,0x03,0x00,0x00,0x8b,0xce,0x8b,0x84,0x24,0xfc,0x03,0x00,0x00,
  0x2b,0xc8,0x83,0xe1,0x03,0xf7,0xd9,0x03,0xce,0x85,0xc0,0x8d,0x04,0xb2,0x8b,0x34,
  0x24,0x76,0x70,0xc7,0x84,0x24,0xec,0x03,0x00,0x00,0x00,0x00,0x00,0x00,0x89,0x04,
  0x24,0x89,0x8c,0x24,0xf0,0x03,0x00,0x00,0x89,0x84,0x24,0xf4,0x03,0x00,0x00,0x89,
  0x9c,0x24,0x6c,0x04,0x00,0x00,0x89,0xbc,0x24,0x60,0x04,0x00,0x00,0x8b,0x04,0x24,
  0x8b,0x8c,0x24,0xec,0x03,0x00,0x00,0x8b,0x9c,0x24,0xfc,0x03,0x00,0x00,0x8b,0xbc,
  0x24,0x00,0x04,0x00,0x00,0x89,0x04,0x8a,0x41,0x8d,0x04,0xb8,0x3b,0xcb,0x72,0xf5,
  0x89,0x9c,0x24,0xfc,0x03,0x00,0x00,0x8b,0x8c,0x24,0xf0,0x03,0x00,0x00,0x8b,0x84,
  0x24,0xf4,0x03,0x00,0x00,0x8b,0x9c,0x24,0x6c,0x04,0x00,0x00,0x8b,0xbc,0x24,0x60,
  0x04,0x00,0x00,0x89,0x8c,0x24,0xf0,0x03,0x00,0x00,0x8b,0x8c,0x24,0xfc,0x03,0x00,
  0x00,0x0f,0xaf,0xce,0x03,0xc1,0x8b,0x8c,0x24,0x00,0x04,0x00,0x00,0x66,0x0f,0x6e,
  0xc0,0x8d,0x04,0x88,0x66,0x0f,0x6e,0xc8,0x8d,0x04,0x88,0x66,0x0f,0x6c,0xc1,0x66,
  0x0f,0x6e,0xd8,0x8d,0x04,0x88,0xc1,0xe1,0x04,0x66,0x0f,0x6e,0xd0,0x66,0x0f,0x6c,
  0xda,0x66,0x0f,0x6e,0xe1,0x8b,0x8c,0x24,0xf0,0x03,0x00,0x00,0x8b,0x84,0x24,0xfc,
  0x03,0x00,0x00,0x0f,0xc6,0xc3,0x88,0x66,0x0f,0x70,0xcc,0x00,0xf3,0x0f,0x7f,0x04,
  0x82,0x83,0xc0,0x04,0x66,0x0f,0xfe,0xc1,0x3b,0xc1,0x72,0xf0,0xeb,0x02,0x33,0xc9,
  0x0f,0xaf,0xf1,0x3b,0x8c,0x24,0xf8,0x03,0x00,0x00,0x73,0x33,0x8b,0x84,0x24,0xf8,
  0x03,0x00,0x00,0x89,0xbc,0x24,0x60,0x04,0x00,0x00,0x8b,0xbc,0x24,0x00,0x04,0x00,
  0x00,0x8d,0x04,0x82,0x03,0xf0,0x8b,0x84,0x24,0xf8,0x03,0x00,0x00,0x89,0x34,0x8a,
  0x41,0x8d,0x34,0xbe,0x3b,0xc8,0x72,0xf5,0x8b,0xbc,0x24,0x60,0x04,0x00,0x00,0x6a,
  0x01,0x6a,0x00,0xbe,0x06,0x00,0x00,0x00,0x8b,0x87,0x98,0x00,0x00,0x00,0x56,0x05,
  0x00,0xc0,0x04,0x00,0x50,0x56,0x89,0x97,0x3c,0x01,0x00,0x00,0x8b,0xd3,0x57,0x0f,
  0xbe,0x4f,0x69,0xe8,0x07,0x00,0x82,0x9c,0x8b,0xf0,0x8d,0x46,0x01,0x89,0x87,0xc8,
  0x01,0x00,0x00,0x8d,0x74,0xb6,0x05,0x8d,0x34,0xf5,0x0f,0x00,0x00,0x00,0x83,0xe6,
  0xf0,0x75,0x04,0x33,0xd2,0xeb,0x11,0x56,0xe8,0x07,0x02,0x43,0x0a,0x8b,0xd0,0x83,
  0xc4,0x04,0x8b,0x87,0xc8,0x01,0x00,0x00,0x89,0x97,0xcc,0x01,0x00,0x00,0x85,0xc0,
  0x0f,0x8e,0x96,0x05,0x00,0x00,0x89,0x9c,0x24,0x6c,0x04,0x00,0x00,0x33,0xf6,0x89,
  0xbc,0x24,0x60,0x04,0x00,0x00,0x8b,0x84,0x24,0x60,0x04,0x00,0x00,0x46,0x8b,0x90,
  0xcc,0x01,0x00,0x00,0x80,0x78,0x69,0x00,0x8d,0x0c,0xb6,0x8d,0x5c,0xca,0xd8,0x89,
  0x9c,0x24,0xf0,0x03,0x00,0x00,0x74,0x1d,0xba,0x10,0x00,0x00,0x00,0x8b,0xc8,0xe8,
  0x07,0x01,0x3d,0xcc,0x85,0xc0,0x0f,0x85,0x5e,0x08,0x00,0x00,0x83,0x05,0x00,0x03,
  0x95,0xf8,0x10,0xeb,0x0b,0x6a,0x10,0x33,0xd2,0x8b,0xc8,0xe8,0x07,0x00,0x81,0xdc,
  0x8b,0x84,0x24,0x60,0x04,0x00,0x00,0x0f,0xbe,0x50,0x68,0x8d,0x44,0x52,0x0f,0x83,
  0xe0,0xf0,0x75,0x04,0x33,0xc0,0xeb,0x09,0x50,0xe8,0x07,0x02,0x43,0x0a,0x83,0xc4,
  0x04,0x8b,0xd3,0x89,0x42,0x04,0x8b,0x84,0x24,0x60,0x04,0x00,0x00,0xc6,0x42,0x08,
  0x01,0x80,0x78,0x69,0x00,0x74,0x5e,0xba,0x01,0x00,0x00,0x00,0x8b,0xc8,0xe8,0x07,
  0x01,0x3e,0xdc,0x85,0xc0,0x75,0x0f,0x8b,0x84,0x24,0x60,0x04,0x00,0x00,0x0f,0xbe,
  0x50,0x69,0x33,0xc0,0xeb,0x34,0xba,0x04,0x00,0x00,0x00,0x8b,0x8c,0x24,0x60,0x04,
  0x00,0x00,0xe8,0x07,0x01,0x24,0x2c,0x8b,0xd3,0x40,0x8b,0x8c,0x24,0x60,0x04,0x00,
  0x00,0x88,0x42,0x08,0x0f,0xbe,0x51,0x69,0x83,0xfa,0x02,0x75,0x0d,0x8b,0xd1,0x83,
  0x05,0x00,0x03,0x95,0xf8,0x04,0x0f,0xbe,0x52,0x69,0x83,0xfa,0x02,0x0f,0x84,0x94,
  0x0c,0x00,0x00,0xeb,0x63,0x6a,0x01,0x6a,0x00,0x8b,0x8c,0x24,0x74,0x04,0x00,0x00,
  0x8b,0x90,0x98,0x00,0x00,0x00,0x81,0xc2,0x00,0xe0,0x04,0x00,0xe8,0x07,0x01,0x22,
  0xec,0x8b,0xd8,0x33,0xd2,0x85,0xdb,0x6a,0x01,0x0f,0x97,0xc2,0x8b,0x8c,0x24,0x64,
  0x04,0x00,0x00,0x89,0x54,0x24,0x04,0xe8,0x07,0x01,0x3f,0xdc,0x83,0x3c,0x24,0x00,
  0x74,0x1b,0x6a,0x04,0x8b,0x84,0x24,0xf4,0x03,0x00,0x00,0x8b,0x8c,0x24,0x64,0x04,
  0x00,0x00,0x88,0x58,0x08,0x4b,0x8b,0xd3,0xe8,0x07,0x01,0x22,0x2c,0x8b,0x84,0x24,
  0x60,0x04,0x00,0x00,0x0f,0xbe,0x50,0x69,0x85,0xd2,0x74,0x7f,0x8b,0x9c,0x24,0xf0,
  0x03,0x00,0x00,0xba,0x01,0x00,0x00,0x00,0x8b,0x8c,0x24,0x60,0x04,0x00,0x00,0x33,
  0xc0,0x66,0x89,0x03,0xe8,0x07,0x01,0x3e,0xdc,0x85,0xc0,0x75,0x12,0x8b,0x8c,0x24,
  0x60,0x04,0x00,0x00,0x8b,0xc3,0x0f,0xbe,0x49,0x69,0x0f,0xb7,0x18,0xeb,0x3e,0xba,
  0x08,0x00,0x00,0x00,0x8b,0x8c,0x24,0x60,0x04,0x00,0x00,0xe8,0x07,0x01,0x25,0x3c,
  0x8b,0xd8,0x8b,0x84,0x24,0xf0,0x03,0x00,0x00,0x43,0x8b,0x94,0x24,0x60,0x04,0x00,
  0x00,0x66,0x89,0x18,0x0f,0xbe,0x4a,0x69,0x83,0xf9,0x02,0x75,0x10,0x8b,0xca,0x83,
  0x05,0x00,0x03,0x95,0xf8,0x08,0x0f,0xbe,0x49,0x69,0x0f,0xb7,0x18,0x83,0xf9,0x02,
  0x0f,0x84,0xeb,0x0b,0x00,0x00,0xe9,0x84,0x00,0x00,0x00,0x6a,0x01,0x6a,0x00,0x8b,
  0x84,0x24,0x68,0x04,0x00,0x00,0x8b,0x8c,0x24,0x74,0x04,0x00,0x00,0x8b,0x90,0x98,
  0x00,0x00,0x00,0x81,0xc2,0x00,0x00,0x05,0x00,0xe8,0x07,0x01,0x22,0xec,0x8b,0xd0,
  0xb8,0x01,0x00,0x00,0x00,0x50,0x8b,0x9c,0x24,0xf4,0x03,0x00,0x00,0x0f,0xb7,0xfa,
  0x85,0xff,0x66,0x89,0x13,0xba,0x00,0x00,0x00,0x00,0x8b,0xda,0x0f,0x4f,0xd8,0x8b,
  0xd3,0x8b,0x8c,0x24,0x64,0x04,0x00,0x00,0xe8,0x07,0x01,0x3f,0xdc,0x85,0xdb,0x74,
  0x19,0x6a,0x08,0x8b,0x84,0x24,0xf4,0x03,0x00,0x00,0x8b,0x8c,0x24,0x64,0x04,0x00,
  0x00,0x0f,0xb7,0x10,0x4a,0xe8,0x07,0x01,0x21,0x6c,0x8b,0x8c,0x24,0x60,0x04,0x00,
  0x00,0x8b,0x84,0x24,0xf0,0x03,0x00,0x00,0x0f,0xbe,0x49,0x69,0x0f,0xb7,0x18,0x0f,
  0xb7,0xc3,0x85,0xc0,0x0f,0x84,0x10,0x01,0x00,0x00,0x0f,0x8e,0x0a,0x01,0x00,0x00,
  0x8b,0x84,0x24,0x60,0x04,0x00,0x00,0x33,0xdb,0x8b,0xf8,0x89,0xb4,0x24,0xec,0x03,
  0x00,0x00,0x0f,0xbe,0x40,0x68,0x43,0x83,0xf8,0x11,0x7c,0x10,0x48,0xc1,0xf8,0x05,
  0x0f,0xbe,0x90,0x00,0x02,0xd2,0xec,0x83,0xc2,0x05,0xeb,0x07,0x0f,0xbe,0x90,0x00,
  0x02,0xd2,0xeb,0x6a,0x01,0x6a,0x00,0x8b,0x87,0x98,0x00,0x00,0x00,0x6a,0x06,0x05,
  0x00,0x20,0x05,0x00,0x50,0x52,0x57,0x8b,0x94,0x24,0x84,0x04,0x00,0x00,0xe8,0x07,
  0x00,0x86,0x9c,0x8b,0x94,0x24,0xf0,0x03,0x00,0x00,0x8d,0x34,0x5b,0x8b,0x52,0x04,
  0x88,0x44,0x32,0xfd,0x0f,0xbe,0x47,0x68,0x83,0xf8,0x11,0x7c,0x10,0x48,0xc1,0xf8,
  0x05,0x0f,0xbe,0x90,0x00,0x02,0xd2,0xec,0x83,0xc2,0x05,0xeb,0x07,0x0f,0xbe,0x90,
  0x00,0x02,0xd2,0xeb,0x6a,0x01,0x6a,0x00,0x8b,0x87,0x98,0x00,0x00,0x00,0x6a,0x06,
  0x05,0x00,0x20,0x05,0x00,0x50,0x52,0x57,0x0f,0xbe,0x4f,0x69,0x8b,0x94,0x24,0x84,
  0x04,0x00,0x00,0xe8,0x07,0x00,0x86,0x9c,0x8b,0x94,0x24,0xf0,0x03,0x00,0x00,0x8b,
  0x4a,0x04,0x88,0x44,0x31,0xfe,0x8b,0x4a,0x04,0x0f,0xbe,0x47,0x68,0x0f,0xb6,0x54,
  0x31,0xfd,0x3b,0xd0,0x0f,0x8d,0xa5,0xe1,0xff,0xff,0x0f,0xb6,0x74,0x31,0xfe,0x3b,
  0xf0,0x0f,0x8d,0x98,0xe1,0xff,0xff,0x3b,0xd6,0x0f,0x84,0x90,0xe1,0xff,0xff,0x8b,
  0x94,0x24,0xf0,0x03,0x00,0x00,0x0f,0xb7,0x32,0x3b,0xde,0x7d,0x09,0x0f,0xbe,0x4f,
  0x69,0xe9,0x20,0xff,0xff,0xff,0x89,0xbc,0x24,0x60,0x04,0x00,0x00,0x8b,0xc7,0x8b,
  0xb4,0x24,0xec,0x03,0x00,0x00,0x0f,0xbe,0x48,0x69,0x85,0xc9,0x74,0x2f,0xba,0x02,
  0x00,0x00,0x00,0x8b,0x8c,0x24,0x60,0x04,0x00,0x00,0xe8,0x07,0x01,0x20,0x5c,0x85,
  0xc0,0x0f,0x85,0x13,0x05,0x00,0x00,0x8b,0x84,0x24,0x60,0x04,0x00,0x00,0x80,0x78,
  0x69,0x02,0x75,0x19,0x83,0x05,0x00,0x03,0x95,0xf8,0x02,0xeb,0x10,0x6a,0x02,0x33,
  0xd2,0x8b,0x8c,0x24,0x64,0x04,0x00,0x00,0xe8,0x07,0x01,0x1f,0x9c,0x8b,0x84,0x24,
  0xf0,0x03,0x00,0x00,0x8b,0x94,0x24,0x60,0x04,0x00,0x00,0x0f,0xb6,0x40,0x08,0x0f,
  0xbe,0x52,0x68,0x83,0xf8,0x01,0x7e,0x78,0x85,0xd2,0x0f,0x8e,0xcf,0x00,0x00,0x00,
  0x89,0xb4,0x24,0xec,0x03,0x00,0x00,0x33,0xdb,0x8b,0xb4,0x24,0xf0,0x03,0x00,0x00,
  0x8b,0xbc,0x24,0x60,0x04,0x00,0x00,0x6a,0x01,0x6a,0x00,0x8b,0x87,0x98,0x00,0x00,
  0x00,0x43,0x6a,0x06,0x05,0x00,0x40,0x05,0x00,0x50,0x6a,0x04,0x57,0x0f,0xbe,0x4f,
  0x69,0x8b,0x94,0x24,0x84,0x04,0x00,0x00,0xe8,0x07,0x01,0x2e,0x1c,0x8b,0x4e,0x04,
  0x8d,0x14,0x5b,0x88,0x44,0x11,0xff,0x8b,0x4e,0x04,0x0f,0xb6,0x46,0x08,0x3a,0x44,
  0x11,0xff,0x0f,0x86,0xa7,0xe0,0xff,0xff,0x0f,0xbe,0x57,0x68,0x3b,0xda,0x7c,0xb7,
  0x89,0xbc,0x24,0x60,0x04,0x00,0x00,0x8b,0xb4,0x24,0xec,0x03,0x00,0x00,0xeb,0x5f,
  0x85,0xd2,0x7e,0x5b,0x89,0xb4,0x24,0xec,0x03,0x00,0x00,0x33,0xdb,0x8b,0x94,0x24,
  0xf0,0x03,0x00,0x00,0x43,0x8b,0xb4,0x24,0x60,0x04,0x00,0x00,0x8b,0x42,0x04,0x8d,
  0x0c,0x5b,0xc6,0x44,0x48,0xfc,0x00,0x8d,0x7c,0x1b,0xff,0x0f,0xbe,0x76,0x68,0x8d,
  0x04,0x1b,0x3b,0xfe,0x7d,0x17,0x8b,0x72,0x04,0xc6,0x44,0x4e,0xff,0x00,0x8b,0x8c,
  0x24,0x60,0x04,0x00,0x00,0x0f,0xbe,0x79,0x68,0x3b,0xc7,0x7c,0xc7,0x8b,0xb4,0x24,
  0xec,0x03,0x00,0x00,0x8b,0x84,0x24,0xf0,0x03,0x00,0x00,0x0f,0xb6,0x40,0x08,0x85,
  0xc0,0x0f,0x8e,0xc9,0x00,0x00,0x00,0x89,0xb4,0x24,0xec,0x03,0x00,0x00,0x33,0xdb,
  0x8b,0xb4,0x24,0xf0,0x03,0x00,0x00,0x8b,0xbc,0x24,0x60,0x04,0x00,0x00,0x6a,0x01,
  0x6a,0x00,0x8b,0x87,0x98,0x00,0x00,0x00,0x43,0x6a,0x06,0x05,0x00,0x60,0x05,0x00,
  0x50,0x6a,0x08,0x57,0x0f,0xbe,0x4f,0x69,0x8b,0x94,0x24,0x84,0x04,0x00,0x00,0xe8,
  0x07,0x00,0x82,0x9c,0x6a,0x01,0x6a,0x00,0x8b,0x87,0x98,0x00,0x00,0x00,0x6a,0x06,
  0x05,0x00,0x80,0x05,0x00,0x50,0x6a,0x08,0x57,0x0f,0xbe,0x4f,0x69,0x8b,0x94,0x24,
  0x84,0x04,0x00,0x00,0xe8,0x07,0x00,0x82,0x9c,0x6a,0x01,0x88,0x44,0x33,0x08,0x6a,
  0x00,0x8b,0x87,0x98,0x00,0x00,0x00,0x6a,0x06,0x05,0x00,0xa0,0x05,0x00,0x50,0x6a,
  0x08,0x57,0x0f,0xbe,0x4f,0x69,0x8b,0x94,0x24,0x84,0x04,0x00,0x00,0xe8,0x07,0x00,
  0x82,0x9c,0x88,0x44,0x33,0x17,0x0f,0xb6,0x54,0x33,0x08,0x3b,0x97,0xb4,0x00,0x00,
  0x00,0x0f,0x8d,0x88,0xdf,0xff,0xff,0x0f,0xb6,0xc0,0x3b,0x87,0x40,0x01,0x00,0x00,
  0x0f,0x8d,0x79,0xdf,0xff,0xff,0x0f,0xb6,0x46,0x08,0x3b,0xd8,0x0f,0x8c,0x5c,0xff,
  0xff,0xff,0x89,0xbc,0x24,0x60,0x04,0x00,0x00,0x8b,0xb4,0x24,0xec,0x03,0x00,0x00,
  0x8b,0x84,0x24,0x60,0x04,0x00,0x00,0x3b,0xb0,0xc8,0x01,0x00,0x00,0x0f,0x8c,0x83,
  0xfa,0xff,0xff,0x8b,0x9c,0x24,0x6c,0x04,0x00,0x00,0x8b,0xf8,0x6a,0x01,0x6a,0x00,
  0xbe,0x06,0x00,0x00,0x00,0x8b,0xd3,0x8b,0x87,0x98,0x00,0x00,0x00,0x56,0x05,0x00,
  0xc0,0x05,0x00,0x50,0x56,0x0f,0xbe,0x4f,0x69,0x57,0xe8,0x07,0x00,0x82,0x9c,0x89,
  0x04,0x24,0x8b,0xc8,0xe8,0x07,0x01,0x8a,0x2c,0x88,0x87,0xd1,0x01,0x00,0x00,0x8b,
  0x04,0x24,0x40,0x88,0x87,0xd0,0x01,0x00,0x00,0x84,0xc0,0x0f,0x86,0xfa,0x00,0x00,
  0x00,0x89,0x9c,0x24,0x6c,0x04,0x00,0x00,0x33,0xf6,0x6a,0x06,0x6a,0x01,0x68,0x4c,
  0x22,0x00,0x00,0x57,0x0f,0xbe,0x4f,0x69,0x8d,0x1c,0x76,0x8b,0x94,0x24,0x7c,0x04,
  0x00,0x00,0xe8,0x07,0x01,0x39,0xdc,0x88,0x84,0x5f,0xd2,0x01,0x00,0x00,0x80,0x7f,
  0x69,0x00,0x74,0x54,0x8b,0xcf,0xba,0x10,0x00,0x00,0x00,0xe8,0x07,0x01,0x3d,0xcc,
  0x66,0x89,0x84,0x5f,0xd4,0x01,0x00,0x00,0x0f,0xb7,0xc0,0x85,0xc0,0x0f,0x85,0xac,
  0xde,0xff,0xff,0x8b,0xcf,0xba,0x10,0x00,0x00,0x00,0xe8,0x07,0x01,0x3d,0xcc,0x66,
  0x89,0x84,0x5f,0xd6,0x01,0x00,0x00,0x0f,0xb7,0xc0,0x85,0xc0,0x0f,0x85,0x8d,0xde,
  0xff,0xff,0x0f,0xbe,0x4f,0x69,0x83,0xf9,0x02,0x75,0x39,0x83,0x05,0x00,0x03,0x95,
  0xf8,0x20,0x0f,0xbe,0x4f,0x69,0xeb,0x2c,0x33,0xc0,0x8b,0xcf,0x33,0xd2,0x6a,0x10,
  0x66,0x89,0x84,0x5f,0xd4,0x01,0x00,0x00,0x66,0x89,0x84,0x5f,0xd6,0x01,0x00,0x00,
  0xe8,0x07,0x00,0x81,0xdc,0x8b,0xcf,0x33,0xd2,0x6a,0x10,0xe8,0x07,0x00,0x81,0xdc,
  0x0f,0xbe,0x4f,0x69,0x6a,0x01,0x6a,0x00,0x8b,0x87,0x98,0x00,0x00,0x00,0x6a,0x06,
  0x05,0x00,0xe0,0x05,0x00,0x50,0x6a,0x08,0x57,0x8b,0x94,0x24,0x84,0x04,0x00,0x00,
  0xe8,0x07,0x00,0x82,0x9c,0x88,0x84,0x5f,0xd3,0x01,0x00,0x00,0x0f,0xb6,0xc0,0x3b,
  0x87,0xc8,0x01,0x00,0x00,0x0f,0x8d,0x14,0xde,0xff,0xff,0x46,0x0f,0xb6,0x87,0xd0,
  0x01,0x00,0x00,0x3b,0xf0,0x0f,0x8c,0x0f,0xff,0xff,0xff,0x80,0x7f,0x69,0x00,0x0f,
  0x84,0x64,0x07,0x00,0x00,0x8b,0xcf,0xba,0x01,0x00,0x00,0x00,0xe8,0x07,0x01,0x3e,
  0xdc,0x85,0xc0,0x0f,0x84,0xe6,0xdd,0xff,0xff,0x68,0x00,0x80,0x00,0x00,0xe8,0x07,
  0x02,0x43,0x0a,0x83,0xc4,0x04,0x8b,0xcf,0x0f,0xbe,0x57,0x69,0x89,0x87,0xf0,0x06,
  0x00,0x00,0xe8,0x07,0x00,0x2b,0x4c,0x80,0x7f,0x68,0x00,0x7e,0x57,0x8b,0xb4,0x24,
  0x04,0x04,0x00,0x00,0x33,0xdb,0x8d,0x74,0x36,0x0f,0x83,0xe6,0xf0,0x8b,0x87,0xa8,
  0x00,0x00,0x00,0x8d,0x04,0x85,0x0f,0x00,0x00,0x00,0x83,0xe0,0xf0,0x75,0x04,0x33,
  0xc0,0xeb,0x09,0x50,0xe8,0x07,0x02,0x43,0x0a,0x83,0xc4,0x04,0x89,0x84,0x9f,0x54,
  0x03,0x00,0x00,0x85,0xf6,0x75,0x04,0x33,0xc0,0xeb,0x09,0x56,0xe8,0x07,0x02,0x43,
  0x0a,0x83,0xc4,0x04,0x89,0x84,0x9f,0x74,0x03,0x00,0x00,0x43,0x0f,0xbe,0x47,0x68,
  0x3b,0xd8,0x7c,0xb9,0x8b,0xcf,0x33,0xd2,0xff,0xb7,0xa4,0x00,0x00,0x00,0xe8,0x07,
  0x01,0xca,0x9c,0x85,0xc0,0x0f,0x85,0x78,0x06,0x00,0x00,0x33,0xc0,0x81,0xc4,0x84,
  0x04,0x00,0x00,0x5b,0x5f,0x5e,0x8b,0xe5,0x5d,0xc3,0x33,0xd2,0x8b,0x0f,0xe8,0x07,
  0x00,0x73,0xbc,0x85,0xc0,0x7f,0x11,0xc7,0x87,0x90,0x00,0x00,0x00,0x01,0x00,0x00,
  0x00,0x8b,0xc3,0xe9,0x54,0xdb,0xff,0xff,0x8b,0xcf,0x50,0x8b,0x17,0xe8,0x07,0x00,
  0x71,0xac,0x8b,0x97,0xc0,0x06,0x00,0x00,0xe9,0x35,0xdb,0xff,0xff,0x8b,0xb4,0x24,
  0xa4,0x00,0x00,0x00,0xe9,0x75,0xdd,0xff,0xff,0x33,0xd2,0x8b,0x0f,0xe8,0x07,0x00,
  0x73,0xbc,0x85,0xc0,0x7f,0x17,0xc7,0x87,0x90,0x00,0x00,0x00,0x01,0x00,0x00,0x00,
  0x8b,0xc6,0x8b,0x8f,0xd4,0x06,0x00,0x00,0xe9,0x32,0xdd,0xff,0xff,0x8b,0xcf,0x50,
  0x8b,0x17,0xe8,0x07,0x00,0x71,0xac,0x8b,0x97,0xc0,0x06,0x00,0x00,0xe9,0x0d,0xdd,
  0xff,0xff,0x8b,0xb4,0x24,0xa4,0x00,0x00,0x00,0xe9,0x1e,0xde,0xff,0xff,0x33,0xd2,
  0x8b,0x0f,0xe8,0x07,0x00,0x73,0xbc,0x85,0xc0,0x7f,0x17,0xc7,0x87,0x90,0x00,0x00,
  0x00,0x01,0x00,0x00,0x00,0x8b,0xc6,0x8b,0x8f,0xd4,0x06,0x00,0x00,0xe9,0xdb,0xdd,
  0xff,0xff,0x8b,0xcf,0x50,0x8b,0x17,0xe8,0x07,0x00,0x71,0xac,0x8b,0x97,0xc0,0x06,
  0x00,0x00,0xe9,0xb6,0xdd,0xff,0xff,0x8b,0xb4,0x24,0xa4,0x00,0x00,0x00,0xe9,0xb2,
  0xde,0xff,0xff,0x33,0xd2,0x8b,0x0f,0xe8,0x07,0x00,0x73,0xbc,0x85,0xc0,0x7f,0x17,
  0xc7,0x87,0x90,0x00,0x00,0x00,0x01,0x00,0x00,0x00,0x8b,0xc6,0x8b,0x8f,0xd4,0x06,
  0x00,0x00,0xe9,0x6f,0xde,0xff,0xff,0x8b,0xcf,0x50,0x8b,0x17,0xe8,0x07,0x00,0x71,
  0xac,0x8b,0x97,0xc0,0x06,0x00,0x00,0xe9,0x4a,0xde,0xff,0xff,0x33,0xc0,0xe9,0x86,
  0xde,0xff,0xff,0x33,0xc0,0xe9,0xb8,0xdc,0xff,0xff,0x8b,0xbc,0x24,0x60,0x04,0x00,
  0x00,0x8b,0xcf,0xba,0x14,0x00,0x00,0x00,0xe8,0x07,0x01,0xcd,0x2c,0x33,0xc0,0x81,
  0xc4,0x84,0x04,0x00,0x00,0x5b,0x5f,0x5e,0x8b,0xe5,0x5d,0xc3,0x80,0x7b,0x17,0x00,
  0x0f,0x84,0x40,0xe5,0xff,0xff,0x8b,0xd0,0xc1,0xfa,0x02,0x85,0xd2,0x0f,0x8e,0x86,
  0xe2,0xff,0xff,0xc7,0x83,0x38,0x08,0x00,0x00,0x00,0x00,0x00,0x00,0xe9,0xd6,0xe1,
  0xff,0xff,0x85,0xd2,0x75,0x0a,0xc7,0x81,0xd0,0x06,0x00,0x00,0x00,0x00,0x00,0x00,
  0x89,0x7c,0x24,0x1c,0x89,0x74,0x24,0x20,0x33,0xf6,0x8b,0xf9,0xeb,0x0c,0x89,0x97,
  0xd0,0x06,0x00,0x00,0x89,0x8f,0xd4,0x06,0x00,0x00,0x8b,0x87,0xb8,0x06,0x00,0x00,
  0x85,0xc0,0x75,0x45,0x80,0xbf,0xb5,0x06,0x00,0x00,0x00,0x75,0x0b,0x8b,0xcf,0xe8,
  0x07,0x00,0x26,0x8c,0x85,0xc0,0x75,0x2b,0x89,0xbc,0x24,0x60,0x04,0x00,0x00,0x8b,
  0x7c,0x24,0x1c,0x8b,0x74,0x24,0x20,0x8b,0x8c,0x24,0x60,0x04,0x00,0x00,0xc7,0x81,
  0xd4,0x06,0x00,0x00,0xff,0xff,0xff,0xff,0x0f,0xbe,0x41,0x69,0x33,0xdb,0xe9,0xbe,
  0xe7,0xff,0xff,0x8b,0x87,0xb8,0x06,0x00,0x00,0x48,0x89,0x87,0xb8,0x06,0x00,0x00,
  0x8b,0x87,0xc0,0x06,0x00,0x00,0xff,0x87,0xdc,0x06,0x00,0x00,0x3b,0x87,0xc8,0x06,
  0x00,0x00,0x73,0x57,0x0f,0xb6,0x10,0x40,0x89,0x87,0xc0,0x06,0x00,0x00,0x8b,0x8f,
  0xd4,0x06,0x00,0x00,0xd3,0xe2,0x83,0xc1,0x08,0x03,0x97,0xd0,0x06,0x00,0x00,0x3b,
  0xcb,0x0f,0x8c,0x67,0xff,0xff,0xff,0x8b,0xda,0x8b,0xd1,0x89,0xbc,0x24,0x60,0x04,
  0x00,0x00,0x8b,0x7c,0x24,0x1c,0x8b,0x74,0x24,0x20,0x85,0xd2,0x0f,0x89,0x24,0xe7,
  0xff,0xff,0x8b,0x84,0x24,0x60,0x04,0x00,0x00,0x89,0x98,0xd0,0x06,0x00,0x00,0x89,
  0x90,0xd4,0x06,0x00,0x00,0x0f,0xbe,0x40,0x69,0xeb,0x81,0x33,0xd2,0x8b,0x0f,0xe8,
  0x07,0x00,0x73,0xbc,0x85,0xc0,0x7f,0x14,0xc7,0x87,0x90,0x00,0x00,0x00,0x01,0x00,
  0x00,0x00,0x8b,0xd6,0x8b,0x8f,0xd4,0x06,0x00,0x00,0xeb,0x98,0x8b,0xcf,0x50,0x8b,
  0x17,0xe8,0x07,0x00,0x71,0xac,0x8b,0x87,0xc0,0x06,0x00,0x00,0xe9,0x73,0xff,0xff,
  0xff,0x33,0xc9,0x2b,0xd3,0x51,0x51,0x52,0x8b,0x8c,0x24,0x6c,0x04,0x00,0x00,0x8b,
  0x91,0x98,0x00,0x00,0x00,0x81,0xc2,0x00,0xe0,0x02,0x00,0x8b,0x8c,0x24,0x78,0x04,
  0x00,0x00,0xe8,0x07,0x00,0xee,0x7c,0x8b,0x8c,0x24,0xb0,0x00,0x00,0x00,0x0f,0xb6,
  0x49,0x14,0x01,0x0d,0x00,0x03,0x95,0xf8,0xe9,0x5b,0xe7,0xff,0xff,0x8b,0x84,0x24,
  0xac,0x00,0x00,0x00,0x8b,0xbc,0x24,0x60,0x04,0x00,0x00,0x50,0xe8,0x07,0x02,0x43,
  0x15,0x83,0xc4,0x04,0x8b,0xcf,0xba,0x14,0x00,0x00,0x00,0xe8,0x07,0x01,0xcd,0x2c,
  0x33,0xc0,0x81,0xc4,0x84,0x04,0x00,0x00,0x5b,0x5f,0x5e,0x8b,0xe5,0x5d,0xc3,0x8b,
  0x8c,0x24,0xa8,0x00,0x00,0x00,0x0f,0xb6,0x43,0x17,0x41,0x8b,0x13,0x89,0x4b,0x1c,
  0x89,0x44,0x24,0x14,0x89,0x54,0x24,0x10,0xe8,0x07,0x00,0xf6,0x5c,0x89,0x43,0x20,
  0x0f,0xbe,0x4f,0x69,0x83,0xf9,0x02,0x7c,0x75,0x83,0x7c,0x24,0x14,0x00,0x74,0x3f,
  0x8b,0x83,0x38,0x08,0x00,0x00,0x85,0xc0,0x0f,0x84,0x8f,0xe7,0xff,0xff,0x8b,0x54,
  0x24,0x10,0x03,0xd2,0x0f,0xaf,0xd0,0x83,0xc2,0x0f,0x83,0xe2,0xf0,0x89,0x54,0x24,
  0x10,0x74,0x54,0xff,0x74,0x24,0x10,0xe8,0x07,0x02,0x43,0x0a,0x83,0xc4,0x04,0x89,
  0x43,0x28,0x85,0xc0,0x0f,0x84,0x56,0x02,0x00,0x00,0xe9,0x85,0x00,0x00,0x00,0x8b,
  0x44,0x24,0x10,0x03,0xc0,0x0f,0xaf,0x43,0x04,0x83,0xc0,0x0f,0x83,0xe0,0xf0,0x89,
  0x44,0x24,0x10,0x74,0x22,0xff,0x74,0x24,0x10,0xe8,0x07,0x02,0x43,0x0a,0x83,0xc4,
  0x04,0x89,0x43,0x28,0x85,0xc0,0x0f,0x84,0x24,0x02,0x00,0x00,0xeb,0x5e,0x8d,0x44,
  0x00,0x0f,0x83,0xe0,0xf0,0x75,0x32,0x8b,0x84,0x24,0xac,0x00,0x00,0x00,0xc7,0x43,
  0x28,0x00,0x00,0x00,0x00,0x50,0xe8,0x07,0x02,0x43,0x15,0x83,0xc4,0x04,0x8b,0xcf,
  0xba,0x03,0x00,0x00,0x00,0xe8,0x07,0x01,0xcd,0x1c,0x33,0xc0,0x81,0xc4,0x84,0x04,
  0x00,0x00,0x5b,0x5f,0x5e,0x8b,0xe5,0x5d,0xc3,0x50,0xe8,0x07,0x02,0x43,0x0a,0x83,
  0xc4,0x04,0x89,0x43,0x28,0x85,0xc0,0x0f,0x84,0xd3,0x01,0x00,0x00,0x83,0x7c,0x24,
  0x14,0x00,0x74,0x08,0x8b,0x8b,0x38,0x08,0x00,0x00,0xeb,0x03,0x8b,0x4b,0x04,0x80,
  0x7f,0x69,0x02,0x0f,0x8c,0xf2,0x00,0x00,0x00,0x85,0xc9,0x0f,0x8e,0x93,0x01,0x00,
  0x00,0x33,0xd2,0x8b,0x03,0x89,0x54,0x24,0x28,0x89,0x4c,0x24,0x18,0x89,0xb4,0x24,
  0xa4,0x00,0x00,0x00,0x89,0xbc,0x24,0x60,0x04,0x00,0x00,0x83,0x7c,0x24,0x14,0x00,
  0x74,0x13,0x8b,0xb3,0x34,0x08,0x00,0x00,0x8b,0x7c,0x24,0x28,0x8b,0x34,0xbe,0x89,
  0x74,0x24,0x24,0xeb,0x08,0x8b,0x74,0x24,0x28,0x89,0x74,0x24,0x24,0x85,0xc0,0x0f,
  0x8e,0x8e,0x00,0x00,0x00,0x8b,0x7b,0x18,0xbe,0x01,0x00,0x00,0x00,0x89,0x7c,0x24,
  0x2c,0x8b,0xca,0x0f,0xaf,0x44,0x24,0x28,0x41,0x8d,0x3c,0x48,0x8d,0x04,0x09,0x89,
  0x44,0x24,0x30,0x8b,0x44,0x24,0x24,0x99,0xf7,0xfe,0x33,0xd2,0xf7,0x74,0x24,0x2c,
  0x8b,0x84,0x24,0xac,0x00,0x00,0x00,0x0f,0xb7,0x04,0x50,0x8b,0x53,0x28,0x66,0x89,
  0x44,0x7a,0xfc,0x8d,0x54,0x09,0xff,0x8b,0x7b,0x18,0x8b,0x03,0x0f,0xaf,0xf7,0x3b,
  0xd0,0x7d,0x3e,0x0f,0xaf,0x44,0x24,0x28,0x89,0x0c,0x24,0x8d,0x0c,0x48,0x8b,0x44,
  0x24,0x24,0x99,0xf7,0xfe,0x33,0xd2,0xf7,0xf7,0x8b,0xbc,0x24,0xac,0x00,0x00,0x00,
  0x0f,0xb7,0x04,0x57,0x8b,0x7b,0x28,0x66,0x89,0x44,0x4f,0xfe,0x8b,0x43,0x18,0x89,
  0x44,0x24,0x2c,0x0f,0xaf,0xf0,0x8b,0x03,0x8b,0x0c,0x24,0x3b,0x44,0x24,0x30,0x7f,
  0x82,0x33,0xd2,0x8b,0x74,0x24,0x28,0x46,0x89,0x74,0x24,0x28,0x3b,0x74,0x24,0x18,
  0x0f,0x82,0x35,0xff,0xff,0xff,0xe9,0x9b,0x00,0x00,0x00,0x85,0xc9,0x0f,0x8e,0xa1,
  0x00,0x00,0x00,0x89,0x4c,0x24,0x18,0x33,0xd2,0x89,0xb4,0x24,0xa4,0x00,0x00,0x00,
  0x89,0xbc,0x24,0x60,0x04,0x00,0x00,0x83,0x7c,0x24,0x14,0x00,0x74,0x0b,0x8b,0x83,
  0x34,0x08,0x00,0x00,0x8b,0x04,0x90,0xeb,0x02,0x8b,0xc2,0x8b,0x3b,0x33,0xf6,0x85,
  0xff,0x7e,0x55,0x8b,0x4b,0x18,0x89,0x4c,0x24,0x08,0x8b,0x4b,0x1c,0xc7,0x44,0x24,
  0x04,0x00,0x00,0x00,0x00,0x89,0x4c,0x24,0x38,0x89,0x7c,0x24,0x34,0x89,0x9c,0x24,
  0xb0,0x00,0x00,0x00,0x89,0x54,0x24,0x0c,0x8b,0x7c,0x24,0x04,0x8b,0x4c,0x24,0x08,
  0x8b,0x9c,0x24,0xac,0x00,0x00,0x00,0x33,0xd2,0x47,0xf7,0xf1,0x0f,0xaf,0x74,0x24,
  0x38,0x0f,0xb7,0x14,0x53,0x03,0xf2,0x3b,0x7c,0x24,0x34,0x72,0xea,0x8b,0x54,0x24,
  0x0c,0x8b,0x9c,0x24,0xb0,0x00,0x00,0x00,0x8b,0x43,0x28,0x66,0x89,0x14,0x70,0x42,
  0x3b,0x54,0x24,0x18,0x72,0x81,0x8b,0xb4,0x24,0xa4,0x00,0x00,0x00,0x8b,0xbc,0x24,
  0x60,0x04,0x00,0x00,0xff,0xb4,0x24,0xac,0x00,0x00,0x00,0xe8,0x07,0x02,0x43,0x15,
  0x83,0xc4,0x04,0xc6,0x43,0x15,0x02,0x0f,0xbe,0x4f,0x69,0xe9,0x0d,0xe5,0xff,0xff,
  0x8b,0x84,0x24,0xac,0x00,0x00,0x00,0xe9,0xe9,0xfd,0xff,0xff,0xe8,0x07,0x00,0xe4,
  0x4c,0x8b,0xd0,0xe9,0x6e,0xe2,0xff,0xff,0x6a,0x01,0x6a,0x00,0xff,0xb4,0x24,0x64,
  0x04,0x00,0x00,0x8b,0x97,0x98,0x00,0x00,0x00,0x81,0xc2,0x00,0x80,0x04,0x00,0x8b,
  0x8c,0x24,0x78,0x04,0x00,0x00,0xe8,0x07,0x01,0x26,0x4c,0x83,0x05,0x00,0x03,0x95,
  0xf8,0x04,0xe9,0x52,0xed,0xff,0xff,0x6a,0x01,0x6a,0x00,0x50,0x8b,0x84,0x24,0x6c,
  0x04,0x00,0x00,0x8b,0x8c,0x24,0x78,0x04,0x00,0x00,0x8b,0x90,0x98,0x00,0x00,0x00,
  0x81,0xc2,0x00,0xe0,0x04,0x00,0xe8,0x07,0x01,0x26,0x4c,0x8b,0x84,0x24,0x60,0x04,
  0x00,0x00,0xff,0x05,0x00,0x03,0x95,0xf8,0x0f,0xbe,0x50,0x69,0xe9,0x97,0xf3,0xff,
  0xff,0x6a,0x01,0x6a,0x00,0x0f,0xb7,0xc3,0x50,0x8b,0x9c,0x24,0x6c,0x04,0x00,0x00,
  0x8b,0x8c,0x24,0x78,0x04,0x00,0x00,0x8b,0x93,0x98,0x00,0x00,0x00,0x81,0xc2,0x00,
  0x00,0x05,0x00,0xe8,0x07,0x01,0x26,0x4c,0x8b,0xcb,0x8b,0x84,0x24,0xf0,0x03,0x00,
  0x00,0xff,0x05,0x00,0x03,0x95,0xf8,0x0f,0xbe,0x49,0x69,0x0f,0xb7,0x18,0xe9,0x5c,
  0xf4,0xff,0xff,0x8b,0xcf,0xba,0x01,0x00,0x00,0x00,0xff,0xb7,0xa8,0x00,0x00,0x00,
  0xe8,0x07,0x01,0xc8,0x2c,0x85,0xc0,0x74,0x1f,0x8b,0x87,0xa4,0x00,0x00,0x00,0xb9,
  0x01,0x00,0x00,0x00,0x8b,0x97,0xa8,0x00,0x00,0x00,0x89,0x87,0x9c,0x00,0x00,0x00,
  0x89,0x97,0xa0,0x00,0x00,0x00,0xeb,0x02,0x33,0xc9,0x8b,0xc1,0x81,0xc4,0x84,0x04,
  0x00,0x00,0x5b,0x5f,0x5e,0x8b,0xe5,0x5d,0xc3,0x8b,0xcf,0xba,0x01,0x00,0x00,0x00,
  0x6a,0x01,0xe8,0x07,0x01,0x3f,0xdc,0xe9,0x9d,0xf8,0xff,0xff,0x8b,0xfa,0x8b,0xcf,
  0xba,0x14,0x00,0x00,0x00,0xe8,0x07,0x01,0xcd,0x2c,0x33,0xc0,0x81,0xc4,0x84,0x04,
  0x00,0x00,0x5b,0x5f,0x5e,0x8b,0xe5,0x5d,0xc3,0x8b,0xcf,0xba,0x08,0x00,0x00,0x00,
  0x03,0xb7,0x38,0x01,0x00,0x00,0xe8,0x07,0x01,0x25,0x3c,0x8b,0xcf,0xba,0x10,0x00,
  0x00,0x00,0x88,0x06,0xe8,0x07,0x01,0x3d,0xcc,0x8b,0xcf,0xba,0x10,0x00,0x00,0x00,
  0x66,0x89,0x46,0x02,0xe8,0x07,0x01,0x3d,0xcc,0x8b,0xcf,0xba,0x06,0x00,0x00,0x00,
  0x66,0x89,0x46,0x04,0xe8,0x07,0x01,0x89,0x1c,0x8b,0xcf,0xba,0x08,0x00,0x00,0x00,
  0x88,0x46,0x06,0xe8,0x07,0x01,0x25,0x3c,0x8b,0xcf,0xba,0x04,0x00,0x00,0x00,0x88,
  0x46,0x07,0xe8,0x07,0x01,0x24,0x2c,0x40,0x88,0x46,0x08,0x84,0xc0,0x76,0x1b,0x33,
  0xdb,0x8b,0xcf,0xba,0x08,0x00,0x00,0x00,0xe8,0x07,0x01,0x25,0x3c,0x88,0x44,0x33,
  0x09,0x43,0x0f,0xb6,0x46,0x08,0x3b,0xd8,0x7c,0xe7,0x8b,0xcf,0xba,0x04,0x00,0x00,
  0x00,0xe8,0x07,0x01,0xcd,0x0c,0x33,0xc0,0x81,0xc4,0x84,0x04,0x00,0x00,0x5b,0x5f,
  0x5e,0x8b,0xe5,0x5d,0xc3,0x8b,0x84,0x24,0x94,0x00,0x00,0x00,0x80,0x7b,0x17,0x00,
  0x74,0x09,0x50,0xe8,0x07,0x02,0x43,0x15,0x83,0xc4,0x04,0x8b,0xcf,0xba,0x14,0x00,
  0x00,0x00,0xe8,0x07,0x01,0xcd,0x2c,0x33,0xc0,0x81,0xc4,0x84,0x04,0x00,0x00,0x5b,
  0x5f,0x5e,0x8b,0xe5,0x5d,0xc3,0x3b,0x87,0xc8,0x06,0x00,0x00,0x0f,0x83,0x9b,0x00,
  0x00,0x00,0x0f,0xb6,0x30,0x40,0x89,0x87,0xc0,0x06,0x00,0x00,0x83,0xfe,0x67,0x0f,
  0x85,0xbc,0xd0,0xff,0xff,0x3b,0x87,0xc8,0x06,0x00,0x00,0x73,0x61,0x0f,0xb6,0x30,
  0x40,0x89,0x87,0xc0,0x06,0x00,0x00,0x83,0xfe,0x67,0x0f,0x85,0xa1,0xd0,0xff,0xff,
  0x3b,0x87,0xc8,0x06,0x00,0x00,0x73,0x18,0x0f,0xb6,0x30,0x40,0x89,0x87,0xc0,0x06,
  0x00,0x00,0x83,0xfe,0x53,0x0f,0x85,0x86,0xd0,0xff,0xff,0xe9,0xb8,0xcf,0xff,0xff,
  0x33,0xd2,0x8b,0x0f,0xe8,0x07,0x00,0x73,0xbc,0x85,0xc0,0x7f,0x0f,0xc7,0x87,0x90,
  0x00,0x00,0x00,0x01,0x00,0x00,0x00,0xe9,0x65,0xd0,0xff,0xff,0x8b,0xcf,0x50,0x8b,
  0x17,0xe8,0x07,0x00,0x71,0xac,0x8b,0x87,0xc0,0x06,0x00,0x00,0xeb,0xba,0x33,0xd2,
  0x8b,0x0f,0xe8,0x07,0x00,0x73,0xbc,0x85,0xc0,0x7e,0xd2,0x8b,0xcf,0x50,0x8b,0x17,
  0xe8,0x07,0x00,0x71,0xac,0x8b,0x87,0xc0,0x06,0x00,0x00,0xeb,0x80,0x33,0xd2,0x8b,
  0x0f,0xe8,0x07,0x00,0x73,0xbc,0x85,0xc0,0x7e,0xb3,0x8b,0xcf,0x50,0x8b,0x17,0xe8,
  0x07,0x00,0x71,0xac,0x8b,0x87,0xc0,0x06,0x00,0x00,0xe9,0x43,0xff,0xff,0xff,0x33,
  0xd2,0x8b,0x0f,0xe8,0x07,0x00,0x73,0xbc,0x85,0xc0,0x7e,0x91,0x8b,0xcf,0x50,0x8b,
  0x17,0xe8,0x07,0x00,0x71,0xac,0x8b,0x87,0xc0,0x06,0x00,0x00,0xe9,0xdd,0xcf,0xff,
  0xff,0x8b,0xcf,0xba,0x05,0x00,0x00,0x00,0xe8,0x07,0x01,0xcd,0x3c,0x33,0xc0,0x81,
  0xc4,0x84,0x04,0x00,0x00,0x5b,0x5f,0x5e,0x8b,0xe5,0x5d,0xc3,0x3b,0x97,0xc8,0x06,
  0x00,0x00,0x0f,0x83,0x9b,0x00,0x00,0x00,0x0f,0xb6,0x02,0x42,0x89,0x97,0xc0,0x06,
  0x00,0x00,0x83,0xf8,0x67,0x0f,0x85,0x11,0xd0,0xff,0xff,0x3b,0x97,0xc8,0x06,0x00,
  0x00,0x73,0x61,0x0f,0xb6,0x02,0x42,0x89,0x97,0xc0,0x06,0x00,0x00,0x83,0xf8,0x67,
  0x0f,0x85,0xf6,0xcf,0xff,0xff,0x3b,0x97,0xc8,0x06,0x00,0x00,0x73,0x18,0x0f,0xb6,
  0x02,0x42,0x89,0x97,0xc0,0x06,0x00,0x00,0x83,0xf8,0x53,0x0f,0x85,0xdb,0xcf,0xff,
  0xff,0xe9,0xf4,0xc5,0xff,0xff,0x33,0xd2,0x8b,0x0f,0xe8,0x07,0x00,0x73,0xbc,0x85,
  0xc0,0x7f,0x0f,0xc7,0x87,0x90,0x00,0x00,0x00,0x01,0x00,0x00,0x00,0xe9,0xba,0xcf,
  0xff,0xff,0x8b,0xcf,0x50,0x8b,0x17,0xe8,0x07,0x00,0x71,0xac,0x8b,0x97,0xc0,0x06,
  0x00,0x00,0xeb,0xba,0x33,0xd2,0x8b,0x0f,0xe8,0x07,0x00,0x73,0xbc,0x85,0xc0,0x7e,
  0xd2,0x8b,0xcf,0x50,0x8b,0x17,0xe8,0x07,0x00,0x71,0xac,0x8b,0x97,0xc0,0x06,0x00,
  0x00,0xeb,0x80,0x33,0xd2,0x8b,0x0f,0xe8,0x07,0x00,0x73,0xbc,0x85,0xc0,0x7e,0xb3,
  0x8b,0xcf,0x50,0x8b,0x17,0xe8,0x07,0x00,0x71,0xac,0x8b,0x97,0xc0,0x06,0x00,0x00,
  0xe9,0x43,0xff,0xff,0xff,0x33,0xd2,0x8b,0x0f,0xe8,0x07,0x00,0x73,0xbc,0x85,0xc0,
  0x7e,0x91,0x8b,0xcf,0x50,0x8b,0x17,0xe8,0x07,0x00,0x71,0xac,0x8b,0x97,0xc0,0x06,
  0x00,0x00,0xe9,0x32,0xcf,0xff,0xff,0x66,0x0f,0x1f,0x84,0x00,0x00,0x00,0x00,0x00,
  0x57,0x53,0x55,0x83,0xec,0x08,0x8b,0xd9,0x8b,0x7c,0x24,0x18,0x8b,0xea,0x3b,0xbb,
  0xcc,0x06,0x00,0x00,0x77,0x08,0x8b,0x93,0xc4,0x06,0x00,0x00,0xeb,0x28,0x8d,0x87,
  0xff,0x00,0x00,0x00,0x25,0x00,0xff,0xff,0xff,0x50,0xff,0xb3,0xc4,0x06,0x00,0x00,
  0x89,0x83,0xcc,0x06,0x00,0x00,0xe8,0x07,0x02,0x43,0x32,0x8b,0xd0,0x83,0xc4,0x08,
  0x89,0x93,0xc4,0x06,0x00,0x00,0x89,0x93,0xc0,0x06,0x00,0x00,0x8d,0x04,0x17,0x89,
  0x83,0xc8,0x06,0x00,0x00,0x80,0x7d,0x2d,0x00,0x74,0x09,0x83,0xc4,0x08,0x5d,0x5b,
  0x5f,0xc2,0x04,0x00,0x8b,0x5d,0x00,0x85,0xdb,0x0f,0x8c,0x81,0x00,0x00,0x00,0x81,
  0xfb,0x00,0x00,0x08,0x00,0x7d,0x08,0x8b,0x4d,0x04,0xe9,0x8a,0x00,0x00,0x00,0x89,
  0x3c,0x24,0x89,0x74,0x24,0x04,0x8b,0xf3,0x8b,0xda,0x8b,0x7d,0x0c,0xc6,0x44,0x2f,
  0x10,0x00,0x47,0x83,0xe7,0x03,0x89,0x7d,0x0c,0x8b,0x44,0xbd,0x14,0x89,0x45,0x04,
  0x80,0x7c,0x2f,0x10,0x02,0x73,0x12,0x6a,0xff,0xff,0x75,0x24,0xff,0x15,0x00,0x02,
  0xd0,0x0c,0x80,0x7c,0x2f,0x10,0x02,0x72,0xee,0x47,0x83,0xe7,0x03,0x80,0x7c,0x2f,
  0x10,0x00,0x75,0x0e,0xc6,0x44,0x2f,0x10,0x01,0xff,0x75,0x28,0xff,0x15,0x00,0x02,
  0xd0,0x08,0x81,0xc6,0x00,0x00,0xf8,0xff,0x81,0xfe,0x00,0x00,0x08,0x00,0x7d,0xaa,
  0x8b,0x3c,0x24,0x8b,0xd3,0x8b,0x4d,0x04,0x8b,0xde,0x8b,0x74,0x24,0x04,0xeb,0x19,
  0x8b,0x45,0x0c,0x81,0xc3,0x00,0x00,0x08,0x00,0x83,0xc0,0x03,0x83,0xe0,0x03,0x89,
  0x45,0x0c,0x8b,0x4c,0x85,0x14,0x89,0x4d,0x04,0x8b,0xc2,0x8b,0xd3,0x89,0x74,0x24,
  0x04,0x8b,0xd8,0x80,0x7d,0x2c,0x00,0x74,0x0e,0x8b,0x45,0x0c,0x80,0x7c,0x28,0x10,
  0x03,0x0f,0x84,0x93,0x00,0x00,0x00,0x8b,0xf2,0xf7,0xde,0x8d,0x86,0x00,0x00,0x08,
  0x00,0x3b,0xf8,0x0f,0x8e,0xb1,0x00,0x00,0x00,0x85,0xc0,0x7e,0x2b,0x50,0x03,0xd1,
  0x52,0x53,0x89,0x44,0x24,0x0c,0xe8,0x07,0x01,0xfc,0xfc,0x8b,0x44,0x24,0x0c,0x83,
  0xc4,0x0c,0x2b,0xf8,0x8d,0x9c,0x33,0x00,0x00,0x08,0x00,0x8b,0x45,0x08,0x8d,0x8c,
  0x30,0x00,0x00,0x08,0x00,0x89,0x4d,0x08,0x8b,0x75,0x0c,0xc6,0x44,0x2e,0x10,0x00,
  0x46,0x83,0xe6,0x03,0x89,0x75,0x0c,0x8b,0x44,0xb5,0x14,0x89,0x45,0x04,0x80,0x7c,
  0x2e,0x10,0x02,0x73,0x12,0x6a,0xff,0xff,0x75,0x24,0xff,0x15,0x00,0x02,0xd0,0x0c,
  0x80,0x7c,0x2e,0x10,0x02,0x72,0xee,0x46,0x83,0xe6,0x03,0x80,0x7c,0x2e,0x10,0x00,
  0x75,0x0e,0xc6,0x44,0x2e,0x10,0x01,0xff,0x75,0x28,0xff,0x15,0x00,0x02,0xd0,0x08,
  0x8b,0x4d,0x04,0x33,0xd2,0xe9,0x59,0xff,0xff,0xff,0x8b,0x45,0x30,0x8d,0x34,0x3a,
  0x3b,0xc6,0x0f,0x8d,0x5f,0xff,0xff,0xff,0x8b,0xfa,0x8b,0xd3,0x8b,0xdf,0x2b,0xc3,
  0x03,0xd9,0x8b,0x74,0x24,0x04,0x50,0x53,0x52,0xe8,0x07,0x01,0xfc,0xfc,0x83,0xc4,
  0x0c,0xc6,0x45,0x2d,0x01,0xe9,0x71,0xfe,0xff,0xff,0x8b,0xc2,0x8b,0xd3,0x8b,0xd8,
  0x8b,0x74,0x24,0x04,0x03,0xcb,0x57,0x51,0x52,0xe8,0x07,0x01,0xfc,0xfc,0x83,0xc4,
  0x0c,0x03,0xdf,0x89,0x5d,0x00,0x01,0x7d,0x08,0xe9,0x4d,0xfe,0xff,0xff,0x66,0x90,
  0x56,0x57,0x53,0x55,0x83,0xec,0x18,0x8b,0xd9,0x8b,0x6b,0x08,0xe8,0x07,0x00,0x7b,
  0x2c,0x3d,0x4f,0x67,0x67,0x53,0x8b,0x03,0x0f,0x84,0x9c,0x00,0x00,0x00,0x8b,0x53,
  0x08,0x33,0xf6,0xf7,0xda,0x89,0x6b,0x08,0x03,0xd5,0x8b,0xe8,0x03,0xea,0x78,0x62,
  0x81,0xfd,0x00,0x00,0x08,0x00,0x7c,0x76,0x89,0x2b,0x8b,0x7b,0x0c,0xc6,0x44,0x1f,
  0x10,0x00,0x47,0x83,0xe7,0x03,0x89,0x7b,0x0c,0x8b,0x54,0xbb,0x14,0x89,0x53,0x04,
  0x80,0x7c,0x1f,0x10,0x02,0x73,0x12,0x6a,0xff,0xff,0x73,0x24,0xff,0x15,0x00,0x02,
  0xd0,0x0c,0x80,0x7c,0x1f,0x10,0x02,0x72,0xee,0x47,0x83,0xe7,0x03,0x80,0x7c,0x1f,
  0x10,0x00,0x75,0x0e,0xc6,0x44,0x1f,0x10,0x01,0xff,0x73,0x28,0xff,0x15,0x00,0x02,
  0xd0,0x08,0x81,0xc5,0x00,0x00,0xf8,0xff,0x81,0xfd,0x00,0x00,0x08,0x00,0x7d,0xaa,
  0xeb,0x1c,0x89,0x2b,0x8d,0xac,0x02,0x00,0x00,0x08,0x00,0x8b,0x53,0x0c,0x83,0xc2,
  0x03,0x83,0xe2,0x03,0x89,0x53,0x0c,0x8b,0x7c,0x93,0x14,0x89,0x7b,0x04,0x89,0x2b,
  0x8b,0xc6,0x83,0xc4,0x18,0x5d,0x5b,0x5f,0x5e,0xc3,0x80,0x7b,0x2d,0x00,0x74,0x0a,
  0x8b,0x53,0x08,0x33,0xf6,0xe9,0x59,0xff,0xff,0xff,0x8b,0xf0,0x85,0xc0,0x7c,0x61,
  0x3d,0x00,0x00,0x08,0x00,0x7c,0x73,0x8b,0x7b,0x0c,0xc6,0x44,0x1f,0x10,0x00,0x47,
  0x83,0xe7,0x03,0x89,0x7b,0x0c,0x8b,0x44,0xbb,0x14,0x89,0x43,0x04,0x80,0x7c,0x1f,
  0x10,0x02,0x73,0x12,0x6a,0xff,0xff,0x73,0x24,0xff,0x15,0x00,0x02,0xd0,0x0c,0x80,
  0x7c,0x1f,0x10,0x02,0x72,0xee,0x47,0x83,0xe7,0x03,0x80,0x7c,0x1f,0x10,0x00,0x75,
  0x0e,0xc6,0x44,0x1f,0x10,0x01,0xff,0x73,0x28,0xff,0x15,0x00,0x02,0xd0,0x08,0x81,
  0xc6,0x00,0x00,0xf8,0xff,0x81,0xfe,0x00,0x00,0x08,0x00,0x7d,0xaa,0x8b,0x03,0xeb,
  0x19,0x8b,0x53,0x0c,0x83,0xc2,0x03,0x83,0xe2,0x03,0x89,0x53,0x0c,0x8b,0x74,0x93,
  0x14,0x89,0x73,0x04,0x8d,0xb0,0x00,0x00,0x08,0x00,0x0f,0xb6,0x4b,0x2c,0x85,0xc9,
  0x74,0x1b,0x8b,0x53,0x0c,0x80,0x7c,0x1a,0x10,0x03,0x75,0x11,0x3b,0x73,0x30,0x7c,
  0x0c,0xc6,0x43,0x2d,0x01,0x8b,0x53,0x08,0xe9,0x56,0xff,0xff,0xff,0x8b,0x7b,0x04,
  0x8d,0x46,0x01,0x8b,0x53,0x08,0x42,0x80,0x3c,0x37,0x00,0x0f,0x85,0x42,0xff,0xff,
  0xff,0x8b,0x3d,0x00,0x03,0x93,0x1c,0x89,0x53,0x08,0x8b,0xd7,0xc1,0xef,0x18,0x83,
  0xf7,0x67,0xc1,0xe2,0x08,0x89,0x03,0x33,0x14,0xbd,0x00,0x03,0x91,0xe0,0x8b,0xfa,
  0xc1,0xea,0x18,0x83,0xf2,0x67,0xc1,0xe7,0x08,0x33,0x3c,0x95,0x00,0x03,0x91,0xe0,
  0x8b,0xd7,0xc1,0xef,0x18,0x83,0xf7,0x53,0xc1,0xe2,0x08,0x33,0x14,0xbd,0x00,0x03,
  0x91,0xe0,0x8b,0xfa,0xc1,0xea,0x18,0xc1,0xe7,0x08,0x33,0x3c,0x95,0x00,0x03,0x91,
  0xe0,0x80,0x7b,0x2d,0x00,0x0f,0x84,0xc9,0x04,0x00,0x00,0xba,0xff,0xff,0xff,0xff,
  0x0f,0xb6,0xd2,0x8b,0xc7,0xc1,0xef,0x18,0x33,0xd7,0xbf,0x06,0x00,0x00,0x00,0xc1,
  0xe0,0x08,0x33,0x04,0x95,0x00,0x03,0x91,0xe0,0x80,0x7b,0x2d,0x00,0x0f,0x84,0xd9,
  0x03,0x00,0x00,0xba,0xff,0xff,0xff,0xff,0x0f,0xb6,0xd2,0x8b,0xf0,0xc1,0xe8,0x18,
  0x47,0x33,0xd0,0xc1,0xe6,0x08,0x8b,0xc6,0x33,0x04,0x95,0x00,0x03,0x91,0xe0,0x83,
  0xff,0x16,0x7c,0xd5,0x8b,0xf0,0x8b,0xcb,0xc1,0xe8,0x18,0xc1,0xe6,0x08,0x33,0x34,
  0x85,0x00,0x03,0x91,0xe0,0x8b,0xc6,0xc1,0xee,0x18,0xc1,0xe0,0x08,0x33,0x04,0xb5,
  0x00,0x03,0x91,0xe0,0x8b,0xd0,0xc1,0xe8,0x18,0xc1,0xe2,0x08,0x33,0x14,0x85,0x00,
  0x03,0x91,0xe0,0x8b,0xf2,0xc1,0xea,0x18,0xc1,0xe6,0x08,0x33,0x34,0x95,0x00,0x03,
  0x91,0xe0,0xe8,0x07,0x00,0x7b,0x2c,0x89,0x44,0x24,0x0c,0x0f,0xb6,0x43,0x2d,0x89,
  0x44,0x24,0x10,0x85,0xc0,0x8b,0x03,0x0f,0x84,0x8c,0x02,0x00,0x00,0xba,0xff,0xff,
  0xff,0xff,0x0f,0xb6,0xca,0x8b,0xfe,0xc1,0xee,0x18,0x33,0xce,0xc1,0xe7,0x08,0x33,
  0x3c,0x8d,0x00,0x03,0x91,0xe0,0x85,0xd2,0x77,0x09,0x83,0x7c,0x24,0x10,0x00,0x75,
  0x4b,0xeb,0x5a,0x33,0xc9,0x89,0x54,0x24,0x14,0x33,0xf6,0x89,0x6c,0x24,0x08,0x83,
  0x7c,0x24,0x10,0x00,0x0f,0x84,0x72,0x01,0x00,0x00,0xbd,0xff,0xff,0xff,0xff,0x03,
  0xcd,0x8b,0xd7,0x81,0xe5,0xff,0x00,0x00,0x00,0x46,0xc1,0xef,0x18,0x33,0xef,0xc1,
  0xe2,0x08,0x8b,0xfa,0x33,0x3c,0xad,0x00,0x03,0x91,0xe0,0x3b,0x74,0x24,0x14,0x72,
  0xce,0x8b,0x6c,0x24,0x08,0x83,0x7c,0x24,0x10,0x00,0x74,0x0d,0x8b,0x53,0x08,0xbe,
  0xff,0xff,0xff,0xff,0xe9,0x2a,0xfd,0xff,0xff,0x85,0xc9,0x7f,0x15,0x8b,0x53,0x08,
  0x8b,0xca,0x33,0xf6,0x2b,0xcd,0x3b,0x7c,0x24,0x0c,0x0f,0x44,0xf1,0xe9,0x11,0xfd,
  0xff,0xff,0x89,0x4c,0x24,0x04,0x33,0xf6,0x89,0x6c,0x24,0x08,0xeb,0x05,0x89,0x53,
  0x08,0x89,0x03,0x8b,0xd0,0x85,0xc0,0x7c,0x77,0x3d,0x00,0x00,0x08,0x00,0x0f,0x8c,
  0x85,0x00,0x00,0x00,0x89,0x3c,0x24,0x8b,0xfa,0x8b,0x6b,0x0c,0xc6,0x44,0x1d,0x10,
  0x00,0x45,0x83,0xe5,0x03,0x89,0x6b,0x0c,0x8b,0x44,0xab,0x14,0x89,0x43,0x04,0x80,
  0x7c,0x1d,0x10,0x02,0x73,0x12,0x6a,0xff,0xff,0x73,0x24,0xff,0x15,0x00,0x02,0xd0,
  0x0c,0x80,0x7c,0x1d,0x10,0x02,0x72,0xee,0x45,0x83,0xe5,0x03,0x80,0x7c,0x1d,0x10,
  0x00,0x75,0x0e,0xc6,0x44,0x1d,0x10,0x01,0xff,0x73,0x28,0xff,0x15,0x00,0x02,0xd0,
  0x08,0x81,0xc7,0x00,0x00,0xf8,0xff,0x81,0xff,0x00,0x00,0x08,0x00,0x7d,0xaa,0x0f,
  0xb6,0x4b,0x2d,0x8b,0xd7,0x8b,0x03,0x8b,0x3c,0x24,0x89,0x4c,0x24,0x10,0xeb,0x19,
  0x8b,0x53,0x0c,0x83,0xc2,0x03,0x83,0xe2,0x03,0x89,0x53,0x0c,0x8b,0x54,0x93,0x14,
  0x89,0x53,0x04,0x8d,0x90,0x00,0x00,0x08,0x00,0x80,0x7b,0x2c,0x00,0x74,0x1c,0x8b,
  0x4b,0x0c,0x80,0x7c,0x19,0x10,0x03,0x75,0x12,0x3b,0x53,0x30,0x7c,0x0d,0x8b,0x6c,
  0x24,0x08,0xc6,0x43,0x2d,0x01,0x8b,0x53,0x08,0xeb,0x37,0x8b,0x43,0x04,0x0f,0xb6,
  0x2c,0x10,0x8d,0x42,0x01,0x8b,0x53,0x08,0x42,0x8b,0xcf,0x46,0xc1,0xef,0x18,0x33,
  0xef,0xc1,0xe1,0x08,0x8b,0xf9,0x33,0x3c,0xad,0x00,0x03,0x91,0xe0,0x3b,0x74,0x24,
  0x04,0x7d,0x19,0x83,0x7c,0x24,0x10,0x00,0x0f,0x84,0x10,0xff,0xff,0xff,0x8b,0x6c,
  0x24,0x08,0xbe,0xff,0xff,0xff,0xff,0xe9,0x07,0xfc,0xff,0xff,0x8b,0x6c,0x24,0x08,
  0x83,0x7c,0x24,0x10,0x00,0x75,0xeb,0xe9,0xd4,0xfe,0xff,0xff,0x8b,0xd0,0x85,0xc0,
  0x7c,0x7f,0x3d,0x00,0x00,0x08,0x00,0x0f,0x8c,0x8d,0x00,0x00,0x00,0x89,0x34,0x24,
  0x8b,0xf2,0x89,0x4c,0x24,0x04,0x8b,0x6b,0x0c,0xc6,0x44,0x1d,0x10,0x00,0x45,0x83,
  0xe5,0x03,0x89,0x6b,0x0c,0x8b,0x44,0xab,0x14,0x89,0x43,0x04,0x80,0x7c,0x1d,0x10,
  0x02,0x73,0x12,0x6a,0xff,0xff,0x73,0x24,0xff,0x15,0x00,0x02,0xd0,0x0c,0x80,0x7c,
  0x1d,0x10,0x02,0x72,0xee,0x45,0x83,0xe5,0x03,0x80,0x7c,0x1d,0x10,0x00,0x75,0x0e,
  0xc6,0x44,0x1d,0x10,0x01,0xff,0x73,0x28,0xff,0x15,0x00,0x02,0xd0,0x08,0x81,0xc6,
  0x00,0x00,0xf8,0xff,0x81,0xfe,0x00,0x00,0x08,0x00,0x7d,0xaa,0x0f,0xb6,0x6b,0x2d,
  0x8b,0xd6,0x8b,0x03,0x8b,0x34,0x24,0x8b,0x4c,0x24,0x04,0x89,0x6c,0x24,0x10,0xeb,
  0x19,0x8b,0x53,0x0c,0x83,0xc2,0x03,0x83,0xe2,0x03,0x89,0x53,0x0c,0x8b,0x54,0x93,
  0x14,0x89,0x53,0x04,0x8d,0x90,0x00,0x00,0x08,0x00,0x80,0x7b,0x2c,0x00,0x74,0x25,
  0x8b,0x6b,0x0c,0x80,0x7c,0x1d,0x10,0x03,0x75,0x1b,0x3b,0x53,0x30,0x7c,0x16,0xc6,
  0x43,0x2d,0x01,0xbd,0xff,0xff,0xff,0xff,0xc7,0x44,0x24,0x10,0x01,0x00,0x00,0x00,
  0xe9,0xca,0xfd,0xff,0xff,0x8b,0x43,0x04,0x0f,0xb6,0x2c,0x10,0x8d,0x42,0x01,0x89,
  0x03,0xff,0x43,0x08,0xe9,0xb6,0xfd,0xff,0xff,0x8b,0xf8,0x85,0xc0,0x7c,0x75,0x3d,
  0x00,0x00,0x08,0x00,0x0f,0x8c,0x83,0x00,0x00,0x00,0x89,0x6c,0x24,0x08,0x8b,0x6b,
  0x0c,0xc6,0x44,0x1d,0x10,0x00,0x45,0x83,0xe5,0x03,0x89,0x6b,0x0c,0x8b,0x44,0xab,
  0x14,0x89,0x43,0x04,0x80,0x7c,0x1d,0x10,0x02,0x73,0x12,0x6a,0xff,0xff,0x73,0x24,
  0xff,0x15,0x00,0x02,0xd0,0x0c,0x80,0x7c,0x1d,0x10,0x02,0x72,0xee,0x45,0x83,0xe5,
  0x03,0x80,0x7c,0x1d,0x10,0x00,0x75,0x0e,0xc6,0x44,0x1d,0x10,0x01,0xff,0x73,0x28,
  0xff,0x15,0x00,0x02,0xd0,0x08,0x81,0xc7,0x00,0x00,0xf8,0xff,0x81,0xff,0x00,0x00,
  0x08,0x00,0x7d,0xaa,0x0f,0xb6,0x53,0x2d,0x8b,0x03,0x8b,0x6c,0x24,0x08,0x89,0x54,
  0x24,0x10,0xeb,0x19,0x8b,0x53,0x0c,0x83,0xc2,0x03,0x83,0xe2,0x03,0x89,0x53,0x0c,
  0x8b,0x7c,0x93,0x14,0x89,0x7b,0x04,0x8d,0xb8,0x00,0x00,0x08,0x00,0x80,0x7b,0x2c,
  0x00,0x74,0x25,0x8b,0x53,0x0c,0x80,0x7c,0x1a,0x10,0x03,0x75,0x1b,0x3b,0x7b,0x30,
  0x7c,0x16,0xc6,0x43,0x2d,0x01,0xba,0xff,0xff,0xff,0xff,0xc7,0x44,0x24,0x10,0x01,
  0x00,0x00,0x00,0xe9,0xba,0xfc,0xff,0xff,0x8b,0x43,0x04,0x0f,0xb6,0x14,0x38,0x8d,
  0x47,0x01,0x89,0x03,0xff,0x43,0x08,0xe9,0xa6,0xfc,0xff,0xff,0x8b,0x33,0x85,0xf6,
  0x7c,0x76,0x81,0xfe,0x00,0x00,0x08,0x00,0x0f,0x8c,0x83,0x00,0x00,0x00,0x89,0x04,
  0x24,0x89,0x6c,0x24,0x08,0x8b,0x6b,0x0c,0xc6,0x44,0x1d,0x10,0x00,0x45,0x83,0xe5,
  0x03,0x89,0x6b,0x0c,0x8b,0x44,0xab,0x14,0x89,0x43,0x04,0x80,0x7c,0x1d,0x10,0x02,
  0x73,0x12,0x6a,0xff,0xff,0x73,0x24,0xff,0x15,0x00,0x02,0xd0,0x0c,0x80,0x7c,0x1d,
  0x10,0x02,0x72,0xee,0x45,0x83,0xe5,0x03,0x80,0x7c,0x1d,0x10,0x00,0x75,0x0e,0xc6,
  0x44,0x1d,0x10,0x01,0xff,0x73,0x28,0xff,0x15,0x00,0x02,0xd0,0x08,0x81,0xc6,0x00,
  0x00,0xf8,0xff,0x81,0xfe,0x00,0x00,0x08,0x00,0x7d,0xaa,0x8b,0x04,0x24,0x8b,0x6c,
  0x24,0x08,0x0f,0xb6,0x4b,0x2c,0xeb,0x19,0x8b,0x53,0x0c,0x81,0xc6,0x00,0x00,0x08,
  0x00,0x83,0xc2,0x03,0x83,0xe2,0x03,0x89,0x53,0x0c,0x8b,0x54,0x93,0x14,0x89,0x53,
  0x04,0x85,0xc9,0x74,0x1d,0x8b,0x53,0x0c,0x80,0x7c,0x1a,0x10,0x03,0x75,0x13,0x3b,
  0x73,0x30,0x7c,0x0e,0xc6,0x43,0x2d,0x01,0xba,0xff,0xff,0xff,0xff,0xe9,0x76,0xfb,
  0xff,0xff,0x8b,0x53,0x04,0x0f,0xb6,0x14,0x32,0x46,0x89,0x33,0xff,0x43,0x08,0xe9,
  0x64,0xfb,0xff,0xff,0x85,0xc0,0x78,0x77,0x3d,0x00,0x00,0x08,0x00,0x0f,0x8c,0x85,
  0x00,0x00,0x00,0x89,0x6c,0x24,0x08,0x8b,0xeb,0x8b,0xd8,0x8b,0x75,0x0c,0xc6,0x44,
  0x2e,0x10,0x00,0x46,0x83,0xe6,0x03,0x89,0x75,0x0c,0x8b,0x54,0xb5,0x14,0x89,0x55,
  0x04,0x80,0x7c,0x2e,0x10,0x02,0x73,0x12,0x6a,0xff,0xff,0x75,0x24,0xff,0x15,0x00,
  0x02,0xd0,0x0c,0x80,0x7c,0x2e,0x10,0x02,0x72,0xee,0x46,0x83,0xe6,0x03,0x80,0x7c,
  0x2e,0x10,0x00,0x75,0x0e,0xc6,0x44,0x2e,0x10,0x01,0xff,0x75,0x28,0xff,0x15,0x00,
  0x02,0xd0,0x08,0x81,0xc3,0x00,0x00,0xf8,0xff,0x81,0xfb,0x00,0x00,0x08,0x00,0x7d,
  0xaa,0x8b,0xc3,0x8b,0xdd,0x8b,0x6c,0x24,0x08,0x0f,0xb6,0x4b,0x2c,0xeb,0x19,0x8b,
  0x53,0x0c,0x8d,0x86,0x01,0x00,0x08,0x00,0x83,0xc2,0x03,0x83,0xe2,0x03,0x89,0x53,
  0x0c,0x8b,0x74,0x93,0x14,0x89,0x73,0x04,0x85,0xc9,0x74,0x1d,0x8b,0x53,0x0c,0x80,
  0x7c,0x1a,0x10,0x03,0x75,0x13,0x3b,0x43,0x30,0x7c,0x0e,0xc6,0x43,0x2d,0x01,0xba,
  0xff,0xff,0xff,0xff,0xe9,0x87,0xfa,0xff,0xff,0x8b,0x53,0x04,0x0f,0xb6,0x14,0x02,
  0x40,0x89,0x03,0xff,0x43,0x08,0xe9,0x75,0xfa,0xff,0xff,0x0f,0x1f,0x44,0x00,0x00,
  0x56,0x57,0x53,0x55,0x83,0xec,0x0c,0x8b,0xf9,0x80,0x7f,0x2d,0x00,0x74,0x0d,0xb8,
  0xff,0xff,0xff,0xff,0x83,0xc4,0x0c,0x5d,0x5b,0x5f,0x5e,0xc3,0x8b,0x1f,0x85,0xdb,
  0x7c,0x60,0x81,0xfb,0x00,0x00,0x08,0x00,0x7c,0x71,0x8b,0x6f,0x0c,0xc6,0x44,0x3d,
  0x10,0x00,0x45,0x83,0xe5,0x03,0x89,0x6f,0x0c,0x8b,0x44,0xaf,0x14,0x89,0x47,0x04,
  0x80,0x7c,0x3d,0x10,0x02,0x73,0x12,0x6a,0xff,0xff,0x77,0x24,0xff,0x15,0x00,0x02,
  0xd0,0x0c,0x80,0x7c,0x3d,0x10,0x02,0x72,0xee,0x45,0x83,0xe5,0x03,0x80,0x7c,0x3d,
  0x10,0x00,0x75,0x0e,0xc6,0x44,0x3d,0x10,0x01,0xff,0x77,0x28,0xff,0x15,0x00,0x02,
  0xd0,0x08,0x81,0xc3,0x00,0x00,0xf8,0xff,0x81,0xfb,0x00,0x00,0x08,0x00,0x7d,0xaa,
  0xeb,0x19,0x8b,0x47,0x0c,0x81,0xc3,0x00,0x00,0x08,0x00,0x83,0xc0,0x03,0x83,0xe0,
  0x03,0x89,0x47,0x0c,0x8b,0x54,0x87,0x14,0x89,0x57,0x04,0x0f,0xb6,0x57,0x2c,0x85,
  0xd2,0x74,0x0a,0x8b,0x47,0x0c,0x80,0x7c,0x38,0x10,0x03,0x74,0x1f,0x81,0xfb,0xfc,
  0xff,0x07,0x00,0x7d,0x30,0x8b,0x47,0x04,0x8b,0x04,0x18,0x83,0xc3,0x04,0x89,0x1f,
  0x83,0x47,0x08,0x04,0x83,0xc4,0x0c,0x5d,0x5b,0x5f,0x5e,0xc3,0x8d,0x43,0x04,0x3b,
  0x47,0x30,0x7e,0xd9,0xc6,0x47,0x2d,0x01,0xb8,0xff,0xff,0xff,0xff,0x83,0xc4,0x0c,
  0x5d,0x5b,0x5f,0x5e,0xc3,0x0f,0xb6,0x4f,0x2d,0x85,0xc9,0x74,0x2b,0xb8,0xff,0xff,
  0xff,0xff,0xbb,0xff,0xff,0xff,0xff,0xbd,0xff,0xff,0xff,0xff,0xba,0xff,0xff,0xff,
  0xff,0xc1,0xe3,0x08,0xc1,0xe5,0x10,0x03,0xc3,0xc1,0xe2,0x18,0x03,0xc5,0x03,0xc2,
  0x83,0xc4,0x0c,0x5d,0x5b,0x5f,0x5e,0xc3,0x8b,0x37,0x85,0xf6,0x7c,0x68,0x81,0xfe,
  0x00,0x00,0x08,0x00,0x7c,0x79,0x8b,0x5f,0x0c,0xc6,0x44,0x3b,0x10,0x00,0x43,0x83,
  0xe3,0x03,0x89,0x5f,0x0c,0x8b,0x44,0x9f,0x14,0x89,0x47,0x04,0x80,0x7c,0x3b,0x10,
  0x02,0x73,0x12,0x6a,0xff,0xff,0x77,0x24,0xff,0x15,0x00,0x02,0xd0,0x0c,0x80,0x7c,
  0x3b,0x10,0x02,0x72,0xee,0x43,0x83,0xe3,0x03,0x80,0x7c,0x3b,0x10,0x00,0x75,0x0e,
  0xc6,0x44,0x3b,0x10,0x01,0xff,0x77,0x28,0xff,0x15,0x00,0x02,0xd0,0x08,0x81,0xc6,
  0x00,0x00,0xf8,0xff,0x81,0xfe,0x00,0x00,0x08,0x00,0x7d,0xaa,0x0f,0xb6,0x4f,0x2d,
  0x0f,0xb6,0x57,0x2c,0xeb,0x19,0x8b,0x47,0x0c,0x81,0xc6,0x00,0x00,0x08,0x00,0x83,
  0xc0,0x03,0x83,0xe0,0x03,0x89,0x47,0x0c,0x8b,0x5c,0x87,0x14,0x89,0x5f,0x04,0x85,
  0xd2,0x74,0x1d,0x8b,0x47,0x0c,0x80,0x7c,0x38,0x10,0x03,0x75,0x13,0x3b,0x77,0x30,
  0x7c,0x0e,0xc6,0x47,0x2d,0x01,0xb8,0xff,0xff,0xff,0xff,0xe9,0x32,0xff,0xff,0xff,
  0x8b,0x47,0x04,0x8d,0x6e,0x01,0x0f,0xb6,0x04,0x30,0xff,0x47,0x08,0x89,0x2f,0x85,
  0xc9,0x0f,0x85,0x1b,0xff,0xff,0xff,0x85,0xed,0x78,0x6c,0x81,0xfd,0x00,0x00,0x08,
  0x00,0x7c,0x7d,0x8b,0xd8,0x8b,0x77,0x0c,0xc6,0x44,0x3e,0x10,0x00,0x46,0x83,0xe6,
  0x03,0x89,0x77,0x0c,0x8b,0x54,0xb7,0x14,0x89,0x57,0x04,0x80,0x7c,0x3e,0x10,0x02,
  0x73,0x12,0x6a,0xff,0xff,0x77,0x24,0xff,0x15,0x00,0x02,0xd0,0x0c,0x80,0x7c,0x3e,
  0x10,0x02,0x72,0xee,0x46,0x83,0xe6,0x03,0x80,0x7c,0x3e,0x10,0x00,0x75,0x0e,0xc6,
  0x44,0x3e,0x10,0x01,0xff,0x77,0x28,0xff,0x15,0x00,0x02,0xd0,0x08,0x81,0xc5,0x00,
  0x00,0xf8,0xff,0x81,0xfd,0x00,0x00,0x08,0x00,0x7d,0xaa,0x0f,0xb6,0x4f,0x2d,0x8b,
  0xc3,0x0f,0xb6,0x57,0x2c,0xeb,0x19,0x8d,0xae,0x01,0x00,0x08,0x00,0x8b,0x77,0x0c,
  0x83,0xc6,0x03,0x83,0xe6,0x03,0x89,0x77,0x0c,0x8b,0x74,0xb7,0x14,0x89,0x77,0x04,
  0x85,0xd2,0x74,0x1d,0x8b,0x77,0x0c,0x80,0x7c,0x3e,0x10,0x03,0x75,0x13,0x3b,0x6f,
  0x30,0x7c,0x0e,0xc6,0x47,0x2d,0x01,0xbb,0xff,0xff,0xff,0xff,0xe9,0x76,0xfe,0xff,
  0xff,0x8b,0x77,0x04,0x0f,0xb6,0x1c,0x2e,0x8d,0x75,0x01,0xff,0x47,0x08,0x89,0x37,
  0x85,0xc9,0x0f,0x85,0x5f,0xfe,0xff,0xff,0x85,0xf6,0x78,0x6e,0x81,0xfe,0x00,0x00,
  0x08,0x00,0x7c,0x7f,0x89,0x04,0x24,0x8b,0x6f,0x0c,0xc6,0x44,0x3d,0x10,0x00,0x45,
  0x83,0xe5,0x03,0x89,0x6f,0x0c,0x8b,0x44,0xaf,0x14,0x89,0x47,0x04,0x80,0x7c,0x3d,
  0x10,0x02,0x73,0x12,0x6a,0xff,0xff,0x77,0x24,0xff,0x15,0x00,0x02,0xd0,0x0c,0x80,
  0x7c,0x3d,0x10,0x02,0x72,0xee,0x45,0x83,0xe5,0x03,0x80,0x7c,0x3d,0x10,0x00,0x75,
  0x0e,0xc6,0x44,0x3d,0x10,0x01,0xff,0x77,0x28,0xff,0x15,0x00,0x02,0xd0,0x08,0x81,
  0xc6,0x00,0x00,0xf8,0xff,0x81,0xfe,0x00,0x00,0x08,0x00,0x7d,0xaa,0x8b,0x04,0x24,
  0x0f,0xb6,0x4f,0x2d,0x0f,0xb6,0x57,0x2c,0xeb,0x19,0x8d,0xb5,0x01,0x00,0x08,0x00,
  0x8b,0x6f,0x0c,0x83,0xc5,0x03,0x83,0xe5,0x03,0x89,0x6f,0x0c,0x8b,0x6c,0xaf,0x14,
  0x89,0x6f,0x04,0x85,0xd2,0x74,0x1d,0x8b,0x6f,0x0c,0x80,0x7c,0x3d,0x10,0x03,0x75,
  0x13,0x3b,0x77,0x30,0x7c,0x0e,0xc6,0x47,0x2d,0x01,0xbd,0xff,0xff,0xff,0xff,0xe9,
  0xb8,0xfd,0xff,0xff,0x8b,0x6f,0x04,0x0f,0xb6,0x6c,0x35,0x00,0x89,0x6c,0x24,0x04,
  0x8d,0x6e,0x01,0xff,0x47,0x08,0x89,0x6c,0x24,0x08,0x89,0x2f,0x8b,0x6c,0x24,0x04,
  0x85,0xc9,0x0f,0x85,0x94,0xfd,0xff,0xff,0x83,0x7c,0x24,0x08,0x00,0x0f,0x88,0x80,
  0x00,0x00,0x00,0x81,0x7c,0x24,0x08,0x00,0x00,0x08,0x00,0x0f,0x8c,0x8f,0x00,0x00,
  0x00,0x89,0x5c,0x24,0x04,0x89,0x04,0x24,0x8b,0x74,0x24,0x08,0x8b,0x5f,0x0c,0xc6,
  0x44,0x3b,0x10,0x00,0x43,0x83,0xe3,0x03,0x89,0x5f,0x0c,0x8b,0x44,0x9f,0x14,0x89,
  0x47,0x04,0x80,0x7c,0x3b,0x10,0x02,0x73,0x12,0x6a,0xff,0xff,0x77,0x24,0xff,0x15,
  0x00,0x02,0xd0,0x0c,0x80,0x7c,0x3b,0x10,0x02,0x72,0xee,0x43,0x83,0xe3,0x03,0x80,
  0x7c,0x3b,0x10,0x00,0x75,0x0e,0xc6,0x44,0x3b,0x10,0x01,0xff,0x77,0x28,0xff,0x15,
  0x00,0x02,0xd0,0x08,0x81,0xc6,0x00,0x00,0xf8,0xff,0x81,0xfe,0x00,0x00,0x08,0x00,
  0x7d,0xaa,0x89,0x74,0x24,0x08,0x8b,0x5c,0x24,0x04,0x8b,0x04,0x24,0x0f,0xb6,0x57,
  0x2c,0xeb,0x1d,0x8d,0x8e,0x01,0x00,0x08,0x00,0x8b,0x77,0x0c,0x83,0xc6,0x03,0x83,
  0xe6,0x03,0x89,0x77,0x0c,0x89,0x4c,0x24,0x08,0x8b,0x4c,0xb7,0x14,0x89,0x4f,0x04,
  0x85,0xd2,0x74,0x21,0x8b,0x57,0x0c,0x80,0x7c,0x3a,0x10,0x03,0x75,0x17,0x8b,0x54,
  0x24,0x08,0x3b,0x57,0x30,0x7c,0x0e,0xc6,0x47,0x2d,0x01,0xba,0xff,0xff,0xff,0xff,
  0xe9,0xcc,0xfc,0xff,0xff,0x8b,0x57,0x04,0x8b,0x4c,0x24,0x08,0x0f,0xb6,0x14,0x0a,
  0x41,0x89,0x0f,0xff,0x47,0x08,0xe9,0xb6,0xfc,0xff,0xff,0x0f,0x1f,0x44,0x00,0x00,
  0x56,0x53,0x55,0x8b,0xe9,0x8b,0xda,0x8b,0x8d,0xd4,0x06,0x00,0x00,0x85,0xc9,0x0f,
  0x8c,0x27,0x01,0x00,0x00,0x3b,0xcb,0x7d,0x28,0x83,0xfb,0x18,0x7e,0x4b,0x8b,0xcd,
  0xba,0x18,0x00,0x00,0x00,0xe8,0x07,0x00,0x80,0xcc,0x8b,0xf0,0x83,0xc3,0xe8,0x8b,
  0xcd,0x8b,0xd3,0xe8,0x07,0x00,0x7f,0x7c,0xc1,0xe0,0x18,0x03,0xc6,0x5d,0x5b,0x5e,
  0xc3,0x8b,0x85,0xd0,0x06,0x00,0x00,0x2b,0xcb,0xba,0x01,0x00,0x00,0x00,0x89,0x8d,
  0xd4,0x06,0x00,0x00,0x8b,0xcb,0xd3,0xe2,0x8b,0xf0,0x4a,0xd3,0xee,0x23,0xc2,0x89,
  0xb5,0xd0,0x06,0x00,0x00,0x5d,0x5b,0x5e,0xc3,0x85,0xc9,0x75,0x18,0xc7,0x85,0xd0,
  0x06,0x00,0x00,0x00,0x00,0x00,0x00,0xeb,0x0c,0x89,0x8d,0xd4,0x06,0x00,0x00,0x89,
  0x85,0xd0,0x06,0x00,0x00,0x8b,0x85,0xb8,0x06,0x00,0x00,0x85,0xc0,0x75,0x2a,0x80,
  0xbd,0xb5,0x06,0x00,0x00,0x00,0x75,0x0b,0x8b,0xcd,0xe8,0x07,0x00,0x26,0x8c,0x85,
  0xc0,0x75,0x10,0xc7,0x85,0xd4,0x06,0x00,0x00,0xff,0xff,0xff,0xff,0x33,0xc0,0x5d,
  0x5b,0x5e,0xc3,0x8b,0x85,0xb8,0x06,0x00,0x00,0x8b,0xb5,0xc0,0x06,0x00,0x00,0x48,
  0xff,0x85,0xdc,0x06,0x00,0x00,0x89,0x85,0xb8,0x06,0x00,0x00,0x3b,0xb5,0xc8,0x06,
  0x00,0x00,0x73,0x39,0x0f,0xb6,0x06,0x46,0x89,0xb5,0xc0,0x06,0x00,0x00,0x8b,0x8d,
  0xd4,0x06,0x00,0x00,0xd3,0xe0,0x83,0xc1,0x08,0x03,0x85,0xd0,0x06,0x00,0x00,0x3b,
  0xcb,0x7c,0x86,0x85,0xc9,0x0f,0x89,0x4c,0xff,0xff,0xff,0x89,0x8d,0xd4,0x06,0x00,
  0x00,0x89,0x85,0xd0,0x06,0x00,0x00,0x33,0xc0,0x5d,0x5b,0x5e,0xc3,0x33,0xd2,0x8b,
  0x4d,0x00,0xe8,0x07,0x00,0x73,0xbc,0x85,0xc0,0x7f,0x0e,0xc7,0x85,0x90,0x00,0x00,
  0x00,0x01,0x00,0x00,0x00,0x33,0xc0,0xeb,0xb5,0x8b,0xcd,0x50,0x8b,0x55,0x00,0xe8,
  0x07,0x00,0x71,0xac,0x8b,0xb5,0xc0,0x06,0x00,0x00,0xeb,0x98,0x33,0xc0,0x5d,0x5b,
  0x5e,0xc3,0x0f,0x1f,0x80,0x00,0x00,0x00,0x00,0x0f,0x1f,0x80,0x00,0x00,0x00,0x00,
  0x56,0x8b,0xd1,0x8b,0x8a,0xd4,0x06,0x00,0x00,0x85,0xc9,0x0f,0x8c,0xf3,0x00,0x00,
  0x00,0x83,0xf9,0x18,0x0f,0x8d,0x95,0x00,0x00,0x00,0x85,0xc9,0x75,0x0a,0xc7,0x82,
  0xd0,0x06,0x00,0x00,0x00,0x00,0x00,0x00,0x89,0x34,0x24,0x8b,0xf2,0xeb,0x0c,0x89,
  0x8e,0xd4,0x06,0x00,0x00,0x89,0x86,0xd0,0x06,0x00,0x00,0x8b,0x86,0xb8,0x06,0x00,
  0x00,0x85,0xc0,0x75,0x2d,0x80,0xbe,0xb5,0x06,0x00,0x00,0x00,0x75,0x0b,0x8b,0xce,
  0xe8,0x07,0x00,0x26,0x8c,0x85,0xc0,0x75,0x13,0x8b,0xd6,0x8b,0x34,0x24,0x33,0xc0,
  0xc7,0x82,0xd4,0x06,0x00,0x00,0xff,0xff,0xff,0xff,0x59,0xc3,0x8b,0x86,0xb8,0x06,
  0x00,0x00,0x8b,0x96,0xc0,0x06,0x00,0x00,0x48,0xff,0x86,0xdc,0x06,0x00,0x00,0x89,
  0x86,0xb8,0x06,0x00,0x00,0x3b,0x96,0xc8,0x06,0x00,0x00,0x73,0x4a,0x0f,0xb6,0x02,
  0x42,0x89,0x96,0xc0,0x06,0x00,0x00,0x8b,0x8e,0xd4,0x06,0x00,0x00,0xd3,0xe0,0x83,
  0xc1,0x08,0x03,0x86,0xd0,0x06,0x00,0x00,0x83,0xf9,0x18,0x7c,0x82,0xeb,0x21,0x8b,
  0x82,0xd0,0x06,0x00,0x00,0x83,0xc1,0xe8,0x89,0x8a,0xd4,0x06,0x00,0x00,0x8b,0xc8,
  0xc1,0xe9,0x18,0x25,0xff,0xff,0xff,0x00,0x89,0x8a,0xd0,0x06,0x00,0x00,0x59,0xc3,
  0x8b,0xd6,0x8b,0x34,0x24,0xeb,0xde,0x33,0xd2,0x8b,0x0e,0xe8,0x07,0x00,0x73,0xbc,
  0x85,0xc0,0x7f,0x0e,0xc7,0x86,0x90,0x00,0x00,0x00,0x01,0x00,0x00,0x00,0x33,0xc0,
  0xeb,0xa5,0x8b,0xce,0x50,0x8b,0x16,0xe8,0x07,0x00,0x71,0xac,0x8b,0x96,0xc0,0x06,
  0x00,0x00,0xeb,0x89,0x33,0xc0,0x59,0xc3,0x0f,0x1f,0x84,0x00,0x00,0x00,0x00,0x00,
  0x56,0x57,0x53,0x55,0x8b,0xf1,0x0f,0xb7,0xda,0x8b,0xc3,0x8b,0x6e,0x6c,0x8b,0xcd,
  0x8b,0x56,0x74,0xd3,0xe0,0x8d,0x7d,0x10,0x08,0x02,0x83,0xff,0x08,0x0f,0x8e,0x8e,
  0x00,0x00,0x00,0x8b,0x46,0x74,0x40,0x89,0x46,0x74,0x3b,0x46,0x78,0x72,0x23,0x80,
  0xbe,0xb5,0x06,0x00,0x00,0x00,0x75,0x13,0x8b,0xce,0xe8,0x07,0x00,0x26,0x8c,0x85,
  0xc0,0x74,0x08,0x01,0x46,0x78,0x8b,0x46,0x74,0xeb,0x07,0x5d,0x5b,0x5f,0x5e,0xc2,
  0x04,0x00,0x8b,0x4e,0x6c,0x8d,0x7d,0x08,0xf7,0xd9,0x83,0xc1,0x08,0xff,0x8e,0xb8,
  0x06,0x00,0x00,0xff,0x8e,0xdc,0x06,0x00,0x00,0xd3,0xeb,0x88,0x18,0x83,0xff,0x08,
  0x7e,0x3f,0x8b,0x46,0x74,0x40,0x89,0x46,0x74,0x3b,0x46,0x78,0x72,0x1a,0x80,0xbe,
  0xb5,0x06,0x00,0x00,0x00,0x75,0xc4,0x8b,0xce,0xe8,0x07,0x00,0x26,0x8c,0x85,0xc0,
  0x74,0xb9,0x01,0x46,0x78,0x8b,0x46,0x74,0x83,0xc7,0xf8,0xff,0x8e,0xb8,0x06,0x00,
  0x00,0xff,0x8e,0xdc,0x06,0x00,0x00,0xc1,0xeb,0x08,0x88,0x18,0x83,0xff,0x08,0x7f,
  0xc1,0x89,0x7e,0x6c,0x5d,0x5b,0x5f,0x5e,0xc2,0x04,0x00,0x0f,0x1f,0x44,0x00,0x00,
  0x56,0x57,0x53,0x55,0x83,0xec,0x14,0x8b,0xf1,0x8b,0x7c,0x24,0x30,0x8b,0xda,0x85,
  0xf6,0x0f,0x84,0x8a,0x00,0x00,0x00,0x8b,0x44,0x24,0x28,0x8b,0x90,0xd4,0x06,0x00,
  0x00,0x85,0xd2,0x0f,0x8c,0xb3,0x03,0x00,0x00,0x3b,0x54,0x24,0x2c,0x7d,0x36,0x83,
  0x7c,0x24,0x2c,0x18,0x0f,0x8e,0x7e,0x02,0x00,0x00,0xba,0x18,0x00,0x00,0x00,0x8b,
  0x4c,0x24,0x28,0xe8,0x07,0x00,0x80,0xcc,0x89,0x04,0x24,0x8b,0x44,0x24,0x2c,0x8b,
  0x4c,0x24,0x28,0x8d,0x50,0xe8,0xe8,0x07,0x00,0x7f,0x7c,0x8b,0xe8,0xc1,0xe5,0x18,
  0x03,0x2c,0x24,0xeb,0x2e,0x8b,0x44,0x24,0x28,0x8b,0xa8,0xd0,0x06,0x00,0x00,0x8b,
  0x44,0x24,0x28,0x8b,0x4c,0x24,0x2c,0x2b,0xd1,0x89,0x90,0xd4,0x06,0x00,0x00,0x8b,
  0xd5,0xd3,0xea,0x89,0x90,0xd0,0x06,0x00,0x00,0xb8,0x01,0x00,0x00,0x00,0xd3,0xe0,
  0x48,0x23,0xe8,0x83,0xfe,0x02,0x0f,0x84,0x1a,0x03,0x00,0x00,0xe9,0x0b,0x02,0x00,
  0x00,0x8b,0xcb,0x0f,0xb6,0x6f,0x08,0x8d,0x54,0x6f,0x0c,0xe8,0x07,0x00,0x28,0xbc,
  0x8b,0xd0,0x8d,0x04,0x6a,0x83,0xe0,0x03,0x88,0x47,0x08,0x85,0xd2,0x0f,0x84,0xed,
  0x00,0x00,0x00,0x0f,0xb6,0x47,0x09,0x8b,0xcb,0x8d,0x54,0x47,0x14,0xe8,0x07,0x00,
  0x28,0xbc,0x8b,0xe8,0x0f,0xb6,0x77,0x0a,0x8b,0xc5,0xc1,0xe6,0x04,0x83,0xe0,0x01,
  0x88,0x47,0x09,0x8d,0x4c,0x3e,0x34,0x89,0x4c,0x24,0x04,0x8d,0x51,0x02,0x8b,0xcb,
  0xe8,0x07,0x00,0x28,0xbc,0x8b,0xcb,0x8d,0x74,0x00,0x04,0x8b,0x44,0x24,0x04,0x89,
  0x34,0x24,0x8d,0x14,0x30,0xe8,0x07,0x00,0x28,0xbc,0x8b,0xf0,0x03,0x34,0x24,0x8b,
  0xcb,0x8b,0x44,0x24,0x04,0x8d,0x14,0x70,0xe8,0x07,0x00,0x28,0xbc,0x8d,0x0c,0x70,
  0x83,0xe1,0x07,0x8d,0xb7,0x34,0x08,0x00,0x00,0x83,0x7c,0x24,0x38,0x00,0x8d,0x94,
  0xcf,0x34,0x08,0x00,0x00,0x0f,0x45,0xf2,0x8d,0x41,0x01,0x89,0x44,0x24,0x08,0x49,
  0x89,0x4c,0x24,0x04,0x0f,0x8c,0xaf,0x02,0x00,0x00,0x8b,0xcb,0x8d,0x56,0x02,0xe8,
  0x07,0x00,0x28,0xbc,0x8b,0xc8,0x89,0x2c,0x24,0x8d,0x41,0x02,0xba,0x02,0x00,0x00,
  0x00,0x8b,0xe8,0x8b,0xc2,0x8b,0xd6,0x8b,0xf3,0x8b,0xdd,0x8b,0x6c,0x24,0x04,0xeb,
  0x08,0x8b,0x44,0x24,0x0c,0x8b,0x54,0x24,0x04,0x03,0xc1,0x8b,0xf8,0x83,0xe7,0x03,
  0x89,0x54,0x24,0x04,0x8d,0x04,0x3f,0x89,0x44,0x24,0x0c,0x8d,0x0c,0x7a,0x89,0x4c,
  0x24,0x10,0x4d,0x0f,0x88,0x4a,0x02,0x00,0x00,0x8b,0xce,0x8b,0x54,0x24,0x10,0xe8,
  0x07,0x00,0x28,0xbc,0x8b,0xc8,0x8d,0x1c,0x59,0x83,0xff,0x02,0x73,0xe4,0xeb,0xc1,
  0x33,0xc0,0x89,0x44,0x24,0x08,0x33,0xed,0x8b,0x4c,0x24,0x08,0x88,0x4f,0x0a,0x83,
  0x7c,0x24,0x3c,0x00,0x74,0x11,0x83,0x7c,0x24,0x3c,0x01,0x7e,0x06,0x03,0x6f,0x04,
  0x89,0x6f,0x04,0x03,0x2f,0x89,0x2f,0x8b,0x54,0x24,0x28,0x8b,0xdd,0x8b,0x7c,0x24,
  0x2c,0x8b,0x72,0x6c,0x8b,0xce,0x23,0x1c,0xbd,0x00,0x02,0xd1,0xa0,0x8b,0x42,0x74,
  0x8b,0xd3,0xd3,0xe2,0x03,0xfe,0x08,0x10,0x83,0xff,0x08,0x0f,0x8e,0xa4,0x00,0x00,
  0x00,0x8b,0x7c,0x24,0x28,0x8b,0x57,0x74,0x42,0x89,0x57,0x74,0x3b,0x57,0x78,0x72,
  0x28,0x8b,0x54,0x24,0x28,0x80,0xba,0xb5,0x06,0x00,0x00,0x00,0x0f,0x85,0x8a,0x00,
  0x00,0x00,0x8b,0x4c,0x24,0x28,0xe8,0x07,0x00,0x26,0x8c,0x85,0xc0,0x74,0x7d,0x8b,
  0x54,0x24,0x28,0x01,0x42,0x78,0x8b,0x52,0x74,0x8b,0x7c,0x24,0x2c,0x8d,0x7c,0x37,
  0xf8,0x8b,0x74,0x24,0x28,0x8b,0x4e,0x6c,0xf7,0xd9,0x83,0xc1,0x08,0xff,0x8e,0xb8,
  0x06,0x00,0x00,0xff,0x8e,0xdc,0x06,0x00,0x00,0xd3,0xeb,0x88,0x1a,0x83,0xff,0x08,
  0x7e,0x43,0x8b,0x74,0x24,0x28,0x8b,0x56,0x74,0x42,0x89,0x56,0x74,0x3b,0x56,0x78,
  0x72,0x1a,0x80,0xbe,0xb5,0x06,0x00,0x00,0x00,0x75,0x31,0x8b,0xce,0xe8,0x07,0x00,
  0x26,0x8c,0x85,0xc0,0x74,0x26,0x01,0x46,0x78,0x8b,0x56,0x74,0x83,0xc7,0xf8,0xff,
  0x8e,0xb8,0x06,0x00,0x00,0xff,0x8e,0xdc,0x06,0x00,0x00,0xc1,0xeb,0x08,0x88,0x1a,
  0x83,0xff,0x08,0x7f,0xc1,0x8b,0x54,0x24,0x28,0x89,0x7a,0x6c,0x8b,0xc5,0x83,0xc4,
  0x14,0x5d,0x5b,0x5f,0x5e,0xc2,0x18,0x00,0x85,0xd2,0x75,0x0e,0x8b,0x44,0x24,0x28,
  0xc7,0x80,0xd0,0x06,0x00,0x00,0x00,0x00,0x00,0x00,0x89,0x1c,0x24,0x8b,0x6c,0x24,
  0x2c,0x8b,0x5c,0x24,0x28,0xeb,0x0c,0x89,0x8b,0xd4,0x06,0x00,0x00,0x89,0x83,0xd0,
  0x06,0x00,0x00,0x8b,0x83,0xb8,0x06,0x00,0x00,0x85,0xc0,0x75,0x32,0x80,0xbb,0xb5,
  0x06,0x00,0x00,0x00,0x75,0x0b,0x8b,0xcb,0xe8,0x07,0x00,0x26,0x8c,0x85,0xc0,0x75,
  0x18,0x8b,0x1c,0x24,0x8b,0x44,0x24,0x28,0x33,0xed,0xc7,0x80,0xd4,0x06,0x00,0x00,
  0xff,0xff,0xff,0xff,0xe9,0x7a,0xfd,0xff,0xff,0x8b,0x83,0xb8,0x06,0x00,0x00,0x8b,
  0x93,0xc0,0x06,0x00,0x00,0x48,0xff,0x83,0xdc,0x06,0x00,0x00,0x89,0x83,0xb8,0x06,
  0x00,0x00,0x3b,0x93,0xc8,0x06,0x00,0x00,0x73,0x49,0x0f,0xb6,0x02,0x42,0x89,0x93,
  0xc0,0x06,0x00,0x00,0x8b,0x8b,0xd4,0x06,0x00,0x00,0xd3,0xe0,0x83,0xc1,0x08,0x03,
  0x83,0xd0,0x06,0x00,0x00,0x3b,0xcd,0x0f,0x8c,0x7a,0xff,0xff,0xff,0x8b,0xd1,0x8b,
  0xe8,0x8b,0x1c,0x24,0x85,0xd2,0x0f,0x89,0x03,0xfd,0xff,0xff,0x8b,0x44,0x24,0x28,
  0x89,0x90,0xd4,0x06,0x00,0x00,0x89,0xa8,0xd0,0x06,0x00,0x00,0x33,0xed,0xe9,0x10,
  0xfd,0xff,0xff,0x33,0xd2,0x8b,0x0b,0xe8,0x07,0x00,0x73,0xbc,0x85,0xc0,0x7f,0x14,
  0xc7,0x83,0x90,0x00,0x00,0x00,0x01,0x00,0x00,0x00,0x33,0xc0,0x8b,0x8b,0xd4,0x06,
  0x00,0x00,0xeb,0xa6,0x8b,0xcb,0x50,0x8b,0x13,0xe8,0x07,0x00,0x71,0xac,0x8b,0x93,
  0xc0,0x06,0x00,0x00,0xeb,0x84,0xff,0x74,0x24,0x3c,0xff,0x74,0x24,0x3c,0x8b,0xcb,
  0x8b,0xd7,0x55,0xe8,0x07,0x01,0x26,0x4c,0x8b,0x4c,0x24,0x34,0x8b,0x54,0x24,0x2c,
  0x01,0x14,0x8d,0x00,0x03,0x95,0xe0,0xe9,0xd0,0xfe,0xff,0xff,0x33,0xed,0xe9,0xb0,
  0xfc,0xff,0xff,0x8b,0x2c,0x24,0x8b,0xc3,0x8b,0x7c,0x24,0x30,0x8b,0xcd,0xf7,0xd9,
  0x33,0xc1,0x03,0xe8,0xe9,0xbf,0xfd,0xff,0xff,0xb8,0x01,0x00,0x00,0x00,0xeb,0xec,
  0x56,0x57,0x53,0x55,0x83,0xec,0x10,0x8b,0xf1,0x8b,0x7c,0x24,0x2c,0x8b,0xda,0x85,
  0xf6,0x0f,0x84,0x8a,0x00,0x00,0x00,0x8b,0x44,0x24,0x24,0x8b,0x90,0xd4,0x06,0x00,
  0x00,0x85,0xd2,0x0f,0x8c,0x6b,0x03,0x00,0x00,0x3b,0x54,0x24,0x28,0x7d,0x36,0x83,
  0x7c,0x24,0x28,0x18,0x0f,0x8e,0x36,0x02,0x00,0x00,0xba,0x18,0x00,0x00,0x00,0x8b,
  0x4c,0x24,0x24,0xe8,0x07,0x00,0x80,0xcc,0x89,0x04,0x24,0x8b,0x44,0x24,0x28,0x8b,
  0x4c,0x24,0x24,0x8d,0x50,0xe8,0xe8,0x07,0x00,0x7f,0x7c,0x8b,0xe8,0xc1,0xe5,0x18,
  0x03,0x2c,0x24,0xeb,0x2e,0x8b,0x44,0x24,0x24,0x8b,0xa8,0xd0,0x06,0x00,0x00,0x8b,
  0x44,0x24,0x24,0x8b,0x4c,0x24,0x28,0x2b,0xd1,0x89,0x90,0xd4,0x06,0x00,0x00,0x8b,
  0xd5,0xd3,0xea,0x89,0x90,0xd0,0x06,0x00,0x00,0xb8,0x01,0x00,0x00,0x00,0xd3,0xe0,
  0x48,0x23,0xe8,0x83,0xfe,0x02,0x0f,0x84,0xd2,0x02,0x00,0x00,0xe9,0xc3,0x01,0x00,
  0x00,0x8b,0xcb,0x0f,0xb6,0x6f,0x08,0x8d,0x54,0x6f,0x0c,0xe8,0x07,0x00,0x28,0xbc,
  0x8b,0xf0,0x8d,0x04,0x6e,0x83,0xe0,0x03,0x88,0x47,0x08,0x85,0xf6,0x0f,0x84,0xad,
  0x00,0x00,0x00,0x0f,0xb6,0x47,0x09,0x8b,0xcb,0x8d,0x54,0x47,0x14,0xe8,0x07,0x00,
  0x28,0xbc,0x8b,0xe8,0x0f,0xb6,0x77,0x0a,0x8b,0xc5,0x8b,0xcb,0x83,0xe0,0x01,0x88,
  0x47,0x09,0x8d,0x74,0xf7,0x34,0x8d,0x56,0x02,0xe8,0x07,0x00,0x28,0xbc,0x8b,0xcb,
  0x8d,0x44,0x00,0x04,0x03,0xf0,0x8b,0xd6,0x89,0x04,0x24,0xe8,0x07,0x00,0x28,0xbc,
  0x8b,0xd0,0x03,0x14,0x24,0x83,0xe2,0x03,0x8d,0xb4,0x97,0x34,0x08,0x00,0x00,0x89,
  0x74,0x24,0x08,0xbe,0x01,0x00,0x00,0x00,0x8d,0x42,0x01,0x89,0x74,0x24,0x0c,0x4a,
  0x7c,0x40,0x83,0x7c,0x24,0x34,0x00,0x8d,0xb7,0x34,0x08,0x00,0x00,0x89,0x6c,0x24,
  0x04,0x8b,0xfb,0x0f,0x45,0x74,0x24,0x08,0x8b,0xda,0x8b,0x6c,0x24,0x0c,0x83,0xc6,
  0x02,0x89,0x04,0x24,0x8b,0xcf,0x8b,0xd6,0xe8,0x07,0x00,0x28,0xbc,0x4b,0x8d,0x2c,
  0x68,0x79,0xf1,0x89,0x6c,0x24,0x0c,0x8b,0x6c,0x24,0x04,0x8b,0x04,0x24,0x8b,0x7c,
  0x24,0x2c,0x8b,0xcd,0xf7,0xd9,0x8b,0x5c,0x24,0x0c,0x33,0xd9,0x03,0xeb,0xeb,0x04,
  0x33,0xc0,0x33,0xed,0x88,0x47,0x0a,0x83,0x7c,0x24,0x38,0x00,0x74,0x11,0x83,0x7c,
  0x24,0x38,0x01,0x7e,0x06,0x03,0x6f,0x04,0x89,0x6f,0x04,0x03,0x2f,0x89,0x2f,0x8b,
  0x54,0x24,0x24,0x8b,0xdd,0x8b,0x7c,0x24,0x28,0x8b,0x72,0x6c,0x8b,0xce,0x23,0x1c,
  0xbd,0x00,0x02,0xd1,0xa0,0x8b,0x42,0x74,0x8b,0xd3,0xd3,0xe2,0x03,0xfe,0x08,0x10,
  0x83,0xff,0x08,0x0f,0x8e,0xa4,0x00,0x00,0x00,0x8b,0x7c,0x24,0x24,0x8b,0x57,0x74,
  0x42,0x89,0x57,0x74,0x3b,0x57,0x78,0x72,0x28,0x8b,0x54,0x24,0x24,0x80,0xba,0xb5,
  0x06,0x00,0x00,0x00,0x0f,0x85,0x8a,0x00,0x00,0x00,0x8b,0x4c,0x24,0x24,0xe8,0x07,
  0x00,0x26,0x8c,0x85,0xc0,0x74,0x7d,0x8b,0x54,0x24,0x24,0x01,0x42,0x78,0x8b,0x52,
  0x74,0x8b,0x7c,0x24,0x28,0x8d,0x7c,0x37,0xf8,0x8b,0x74,0x24,0x24,0x8b,0x4e,0x6c,
  0xf7,0xd9,0x83,0xc1,0x08,0xff,0x8e,0xb8,0x06,0x00,0x00,0xff,0x8e,0xdc,0x06,0x00,
  0x00,0xd3,0xeb,0x88,0x1a,0x83,0xff,0x08,0x7e,0x43,0x8b,0x74,0x24,0x24,0x8b,0x56,
  0x74,0x42,0x89,0x56,0x74,0x3b,0x56,0x78,0x72,0x1a,0x80,0xbe,0xb5,0x06,0x00,0x00,
  0x00,0x75,0x31,0x8b,0xce,0xe8,0x07,0x00,0x26,0x8c,0x85,0xc0,0x74,0x26,0x01,0x46,
  0x78,0x8b,0x56,0x74,0x83,0xc7,0xf8,0xff,0x8e,0xb8,0x06,0x00,0x00,0xff,0x8e,0xdc,
  0x06,0x00,0x00,0xc1,0xeb,0x08,0x88,0x1a,0x83,0xff,0x08,0x7f,0xc1,0x8b,0x54,0x24,
  0x24,0x89,0x7a,0x6c,0x8b,0xc5,0x83,0xc4,0x10,0x5d,0x5b,0x5f,0x5e,0xc2,0x18,0x00,
  0x85,0xd2,0x75,0x0e,0x8b,0x44,0x24,0x24,0xc7,0x80,0xd0,0x06,0x00,0x00,0x00,0x00,
  0x00,0x00,0x89,0x1c,0x24,0x8b,0x6c,0x24,0x28,0x8b,0x5c,0x24,0x24,0xeb,0x0c,0x89,
  0x8b,0xd4,0x06,0x00,0x00,0x89,0x83,0xd0,0x06,0x00,0x00,0x8b,0x83,0xb8,0x06,0x00,
  0x00,0x85,0xc0,0x75,0x32,0x80,0xbb,0xb5,0x06,0x00,0x00,0x00,0x75,0x0b,0x8b,0xcb,
  0xe8,0x07,0x00,0x26,0x8c,0x85,0xc0,0x75,0x18,0x8b,0x1c,0x24,0x8b,0x44,0x24,0x24,
  0x33,0xed,0xc7,0x80,0xd4,0x06,0x00,0x00,0xff,0xff,0xff,0xff,0xe9,0xc2,0xfd,0xff,
  0xff,0x8b,0x83,0xb8,0x06,0x00,0x00,0x8b,0x93,0xc0,0x06,0x00,0x00,0x48,0xff,0x83,
  0xdc,0x06,0x00,0x00,0x89,0x83,0xb8,0x06,0x00,0x00,0x3b,0x93,0xc8,0x06,0x00,0x00,
  0x73,0x49,0x0f,0xb6,0x02,0x42,0x89,0x93,0xc0,0x06,0x00,0x00,0x8b,0x8b,0xd4,0x06,
  0x00,0x00,0xd3,0xe0,0x83,0xc1,0x08,0x03,0x83,0xd0,0x06,0x00,0x00,0x3b,0xcd,0x0f,
  0x8c,0x7a,0xff,0xff,0xff,0x8b,0xd1,0x8b,0xe8,0x8b,0x1c,0x24,0x85,0xd2,0x0f,0x89,
  0x4b,0xfd,0xff,0xff,0x8b,0x44,0x24,0x24,0x89,0x90,0xd4,0x06,0x00,0x00,0x89,0xa8,
  0xd0,0x06,0x00,0x00,0x33,0xed,0xe9,0x58,0xfd,0xff,0xff,0x33,0xd2,0x8b,0x0b,0xe8,
  0x07,0x00,0x73,0xbc,0x85,0xc0,0x7f,0x14,0xc7,0x83,0x90,0x00,0x00,0x00,0x01,0x00,
  0x00,0x00,0x33,0xc0,0x8b,0x8b,0xd4,0x06,0x00,0x00,0xeb,0xa6,0x8b,0xcb,0x50,0x8b,
  0x13,0xe8,0x07,0x00,0x71,0xac,0x8b,0x93,0xc0,0x06,0x00,0x00,0xeb,0x84,0xff,0x74,
  0x24,0x38,0xff,0x74,0x24,0x38,0x8b,0xcb,0x8b,0xd7,0x55,0xe8,0x07,0x00,0x8a,0x3c,
  0x8b,0x4c,0x24,0x30,0x8b,0x54,0x24,0x28,0x01,0x14,0x8d,0x00,0x03,0x95,0xe0,0xe9,
  0xd0,0xfe,0xff,0xff,0x33,0xed,0xe9,0xf8,0xfc,0xff,0xff,0x0f,0x1f,0x44,0x00,0x00,
  0x56,0x57,0x53,0x55,0x83,0xec,0x20,0x8b,0xd9,0x8b,0x4c,0x24,0x3c,0x8b,0x74,0x24,
  0x34,0x85,0xc9,0x74,0x13,0x8b,0xc6,0x2b,0x32,0x89,0x02,0x83,0xf9,0x01,0x7e,0x08,
  0x8b,0xc6,0x2b,0x72,0x04,0x89,0x42,0x04,0x33,0xc0,0x85,0xf6,0x0f,0xb6,0x7a,0x08,
  0x8d,0x6a,0x0c,0x0f,0x97,0xc0,0x8d,0x0c,0x78,0x83,0xe1,0x03,0x88,0x4a,0x08,0x0f,
  0xb7,0x44,0x7d,0x00,0x0f,0xb7,0x4b,0x06,0x0f,0xaf,0xc8,0x89,0x4c,0x24,0x04,0x85,
  0xf6,0x0f,0x85,0x8d,0x00,0x00,0x00,0x8b,0xc8,0xf7,0xd9,0x81,0xc1,0xff,0xff,0x00,
  0x00,0xc1,0xe9,0x06,0x03,0xc1,0x66,0x89,0x44,0x7d,0x00,0x8b,0x44,0x24,0x04,0x89,
  0x43,0x04,0x3d,0x00,0x00,0x00,0x01,0x0f,0x83,0x5b,0x01,0x00,0x00,0x8b,0x43,0x14,
  0x8b,0x7b,0x08,0x89,0x74,0x24,0x1c,0x89,0x54,0x24,0x04,0xc1,0xe8,0x18,0x88,0x07,
  0x47,0x3b,0x7b,0x10,0x72,0x2f,0x8b,0x43,0x0c,0x2b,0xf8,0x75,0x04,0x33,0xc9,0xeb,
  0x04,0x0f,0xbd,0xcf,0x41,0x83,0xc1,0x1e,0xbe,0x01,0x00,0x00,0x00,0xd3,0xe6,0x03,
  0xf7,0x56,0x50,0xe8,0x07,0x02,0x43,0x32,0x83,0xc4,0x08,0x03,0xf0,0x03,0xf8,0x89,
  0x43,0x0c,0x89,0x73,0x10,0x8b,0x53,0x04,0xc1,0xe2,0x08,0x8b,0x43,0x14,0xc1,0xe0,
  0x08,0x89,0x43,0x14,0x89,0x53,0x04,0x81,0xfa,0x00,0x00,0x00,0x01,0x72,0xac,0xe9,
  0xe9,0x00,0x00,0x00,0x8b,0xc8,0xc1,0xe9,0x06,0x2b,0xc1,0x66,0x89,0x44,0x7d,0x00,
  0x89,0x2c,0x24,0x8b,0x7b,0x14,0x8b,0x6c,0x24,0x04,0x8b,0x43,0x04,0x2b,0xc5,0x89,
  0x43,0x04,0x8d,0x4c,0x3d,0x00,0x89,0x4b,0x14,0x8b,0x2c,0x24,0x3b,0xf9,0x76,0x54,
  0x8b,0x4b,0x08,0x49,0x8b,0xf9,0x0f,0xb6,0x01,0x3d,0xff,0x00,0x00,0x00,0x75,0x3e,
  0x89,0x5c,0x24,0x10,0x33,0xc9,0x89,0x54,0x24,0x04,0x41,0x8d,0x1c,0x09,0xf7,0xdb,
  0x03,0xdf,0x0f,0xb6,0x43,0x01,0x8d,0x53,0x01,0xc6,0x43,0x02,0x00,0x3d,0xff,0x00,
  0x00,0x00,0x75,0x10,0x0f,0xb6,0x03,0x8b,0xd3,0xc6,0x43,0x01,0x00,0x3d,0xff,0x00,
  0x00,0x00,0x74,0xd6,0x8b,0xca,0x8b,0x5c,0x24,0x10,0x8b,0x54,0x24,0x04,0x40,0x88,
  0x01,0x8b,0x43,0x04,0x3d,0x00,0x00,0x00,0x01,0x73,0x6d,0x8b,0x43,0x14,0x8b,0x7b,
  0x08,0x89,0x74,0x24,0x1c,0x89,0x54,0x24,0x04,0xc1,0xe8,0x18,0x88,0x07,0x47,0x3b,
  0x7b,0x10,0x72,0x2f,0x8b,0x43,0x0c,0x2b,0xf8,0x75,0x04,0x33,0xc9,0xeb,0x04,0x0f,
  0xbd,0xcf,0x41,0x83,0xc1,0x1e,0xbe,0x01,0x00,0x00,0x00,0xd3,0xe6,0x03,0xf7,0x56,
  0x50,0xe8,0x07,0x02,0x43,0x32,0x83,0xc4,0x08,0x03,0xf0,0x03,0xf8,0x89,0x43,0x0c,
  0x89,0x73,0x10,0x8b,0x53,0x04,0xc1,0xe2,0x08,0x8b,0x43,0x14,0xc1,0xe0,0x08,0x89,
  0x43,0x14,0x89,0x53,0x04,0x81,0xfa,0x00,0x00,0x00,0x01,0x72,0xac,0x8b,0x74,0x24,
  0x1c,0x8b,0x54,0x24,0x04,0x89,0x7b,0x08,0x85,0xf6,0x0f,0x84,0x77,0x05,0x00,0x00,
  0x78,0x09,0xc7,0x04,0x24,0x00,0x00,0x00,0x00,0xeb,0x09,0xc7,0x04,0x24,0x01,0x00,
  0x00,0x00,0xf7,0xde,0x0f,0xb6,0x4a,0x09,0x8b,0x04,0x24,0x88,0x42,0x09,0x89,0x4c,
  0x24,0x08,0x0f,0xb7,0x4c,0x4d,0x08,0x0f,0xb7,0x7b,0x06,0x0f,0xaf,0xf9,0x85,0xc0,
  0x0f,0x85,0x8a,0x00,0x00,0x00,0x8b,0xc1,0xf7,0xd8,0x05,0xff,0xff,0x00,0x00,0xc1,
  0xe8,0x06,0x03,0xc8,0x8b,0x44,0x24,0x08,0x66,0x89,0x4c,0x45,0x08,0x89,0x7b,0x04,
  0x81,0xff,0x00,0x00,0x00,0x01,0x0f,0x83,0x41,0x01,0x00,0x00,0x8b,0x6b,0x08,0x8b,
  0x43,0x14,0x89,0x54,0x24,0x04,0xc1,0xe8,0x18,0x88,0x45,0x00,0x45,0x3b,0x6b,0x10,
  0x72,0x2f,0x8b,0x43,0x0c,0x2b,0xe8,0x75,0x04,0x33,0xc9,0xeb,0x04,0x0f,0xbd,0xcd,
  0x41,0x83,0xc1,0x1e,0xbf,0x01,0x00,0x00,0x00,0xd3,0xe7,0x03,0xfd,0x57,0x50,0xe8,
  0x07,0x02,0x43,0x32,0x83,0xc4,0x08,0x03,0xf8,0x03,0xe8,0x89,0x43,0x0c,0x89,0x7b,
  0x10,0x8b,0x7b,0x04,0xc1,0xe7,0x08,0x8b,0x43,0x14,0xc1,0xe0,0x08,0x89,0x43,0x14,
  0x89,0x7b,0x04,0x81,0xff,0x00,0x00,0x00,0x01,0x72,0xab,0xe9,0xd6,0x00,0x00,0x00,
  0x8b,0xc1,0xc1,0xe8,0x06,0x2b,0xc8,0x8b,0x44,0x24,0x08,0x66,0x89,0x4c,0x45,0x08,
  0x8b,0x4b,0x14,0x8d,0x2c,0x0f,0xf7,0xdf,0x03,0x7b,0x04,0x89,0x6b,0x14,0x89,0x7b,
  0x04,0x3b,0xcd,0x76,0x4a,0x8b,0x7b,0x08,0x4f,0x8b,0xef,0x0f,0xb6,0x07,0x3d,0xff,
  0x00,0x00,0x00,0x75,0x34,0x89,0x54,0x24,0x04,0x33,0xc9,0x41,0x8d,0x14,0x09,0xf7,
  0xda,0x03,0xd5,0x0f,0xb6,0x42,0x01,0x8d,0x7a,0x01,0xc6,0x42,0x02,0x00,0x3d,0xff,
  0x00,0x00,0x00,0x75,0x10,0x0f,0xb6,0x02,0x8b,0xfa,0xc6,0x42,0x01,0x00,0x3d,0xff,
  0x00,0x00,0x00,0x74,0xd6,0x8b,0x54,0x24,0x04,0x40,0x88,0x07,0x8b,0x7b,0x04,0x81,
  0xff,0x00,0x00,0x00,0x01,0x73,0x66,0x8b,0x6b,0x08,0x8b,0x43,0x14,0x89,0x54,0x24,
  0x04,0xc1,0xe8,0x18,0x88,0x45,0x00,0x45,0x3b,0x6b,0x10,0x72,0x2f,0x8b,0x43,0x0c,
  0x2b,0xe8,0x75,0x04,0x33,0xc9,0xeb,0x04,0x0f,0xbd,0xcd,0x41,0x83,0xc1,0x1e,0xbf,
  0x01,0x00,0x00,0x00,0xd3,0xe7,0x03,0xfd,0x57,0x50,0xe8,0x07,0x02,0x43,0x32,0x83,
  0xc4,0x08,0x03,0xf8,0x03,0xe8,0x89,0x43,0x0c,0x89,0x7b,0x10,0x8b,0x7b,0x04,0xc1,
  0xe7,0x08,0x8b,0x43,0x14,0xc1,0xe0,0x08,0x89,0x43,0x14,0x89,0x7b,0x04,0x81,0xff,
  0x00,0x00,0x00,0x01,0x72,0xab,0x8b,0x54,0x24,0x04,0x89,0x6b,0x08,0x85,0xf6,0x75,
  0x04,0x33,0xc0,0xeb,0x04,0x0f,0xbd,0xc6,0x40,0x0f,0xb6,0x4a,0x0a,0x8d,0x68,0xff,
  0xc7,0x44,0x24,0x0c,0x01,0x00,0x00,0x00,0xc7,0x04,0x24,0x00,0x00,0x00,0x00,0x89,
  0x74,0x24,0x1c,0x8d,0x4c,0xca,0x0c,0x89,0x54,0x24,0x04,0x89,0x6c,0x24,0x14,0x89,
  0x4c,0x24,0x18,0x89,0x44,0x24,0x08,0x8b,0x14,0x24,0x8b,0x74,0x24,0x0c,0x8b,0xca,
  0x8b,0x44,0x24,0x18,0xf7,0xd9,0x41,0x8b,0x6c,0x24,0x14,0xc1,0xef,0x10,0xd3,0xed,
  0x0f,0xb7,0x44,0x70,0x28,0x0f,0xaf,0xf8,0x83,0xe5,0x01,0x0f,0x85,0x9d,0x00,0x00,
  0x00,0x8b,0xc8,0xf7,0xd9,0x81,0xc1,0xff,0xff,0x00,0x00,0xc1,0xe9,0x06,0x03,0xc1,
  0x8b,0x4c,0x24,0x18,0x66,0x89,0x44,0x71,0x28,0x89,0x7b,0x04,0x81,0xff,0x00,0x00,
  0x00,0x01,0x0f,0x83,0x66,0x01,0x00,0x00,0x8b,0x43,0x14,0x8b,0x4b,0x08,0x8b,0xf9,
  0x89,0x14,0x24,0x89,0x74,0x24,0x0c,0xc1,0xe8,0x18,0x88,0x07,0x47,0x3b,0x7b,0x10,
  0x72,0x2f,0x8b,0x43,0x0c,0x2b,0xf8,0x75,0x04,0x33,0xc9,0xeb,0x04,0x0f,0xbd,0xcf,
  0x41,0x83,0xc1,0x1e,0xbe,0x01,0x00,0x00,0x00,0xd3,0xe6,0x03,0xf7,0x56,0x50,0xe8,
  0x07,0x02,0x43,0x32,0x83,0xc4,0x08,0x03,0xf0,0x03,0xf8,0x89,0x43,0x0c,0x89,0x73,
  0x10,0x8b,0x53,0x04,0xc1,0xe2,0x08,0x8b,0x43,0x14,0xc1,0xe0,0x08,0x89,0x43,0x14,
  0x89,0x53,0x04,0x81,0xfa,0x00,0x00,0x00,0x01,0x72,0xac,0x8b,0xcf,0x8b,0xfa,0x8b,
  0x14,0x24,0x8b,0x74,0x24,0x0c,0x89,0x4b,0x08,0xe9,0xf0,0x00,0x00,0x00,0x8b,0xc8,
  0xc1,0xe9,0x06,0x2b,0xc1,0x8b,0x4c,0x24,0x18,0x66,0x89,0x44,0x71,0x28,0x8b,0x43,
  0x14,0x8d,0x0c,0x07,0xf7,0xdf,0x03,0x7b,0x04,0x89,0x4b,0x14,0x89,0x7b,0x04,0x3b,
  0xc1,0x76,0x54,0x8b,0x4b,0x08,0x49,0x8b,0xf9,0x0f,0xb6,0x01,0x3d,0xff,0x00,0x00,
  0x00,0x75,0x3e,0x89,0x74,0x24,0x0c,0x33,0xc9,0x89,0x5c,0x24,0x10,0x41,0x8d,0x34,
  0x09,0xf7,0xde,0x03,0xf7,0x0f,0xb6,0x46,0x01,0x8d,0x5e,0x01,0xc6,0x46,0x02,0x00,
  0x3d,0xff,0x00,0x00,0x00,0x75,0x10,0x0f,0xb6,0x06,0x8b,0xde,0xc6,0x46,0x01,0x00,
  0x3d,0xff,0x00,0x00,0x00,0x74,0xd6,0x8b,0xcb,0x8b,0x74,0x24,0x0c,0x8b,0x5c,0x24,
  0x10,0x40,0x88,0x01,0x8b,0x7b,0x04,0x81,0xff,0x00,0x00,0x00,0x01,0x73,0x6f,0x8b,
  0x43,0x14,0x8b,0x4b,0x08,0x89,0x14,0x24,0x89,0x74,0x24,0x0c,0x8b,0xf1,0xc1,0xe8,
  0x18,0x88,0x06,0x46,0x3b,0x73,0x10,0x72,0x2f,0x8b,0x43,0x0c,0x2b,0xf0,0x75,0x04,
  0x33,0xc9,0xeb,0x04,0x0f,0xbd,0xce,0x41,0x83,0xc1,0x1e,0xbf,0x01,0x00,0x00,0x00,
  0xd3,0xe7,0x03,0xfe,0x57,0x50,0xe8,0x07,0x02,0x43,0x32,0x83,0xc4,0x08,0x03,0xf8,
  0x03,0xf0,0x89,0x43,0x0c,0x89,0x7b,0x10,0x8b,0x7b,0x04,0xc1,0xe7,0x08,0x8b,0x43,
  0x14,0xc1,0xe0,0x08,0x89,0x43,0x14,0x89,0x7b,0x04,0x81,0xff,0x00,0x00,0x00,0x01,
  0x72,0xac,0x8b,0xce,0x8b,0x14,0x24,0x8b,0x74,0x24,0x0c,0x89,0x4b,0x08,0x03,0xf6,
  0x42,0x0b,0xf5,0x83,0xfa,0x02,0x0f,0x82,0x42,0xfe,0xff,0xff,0x83,0x7c,0x24,0x38,
  0x00,0x8b,0x44,0x24,0x08,0x8b,0x54,0x24,0x04,0x8d,0x8c,0x82,0x30,0x08,0x00,0x00,
  0x8b,0x74,0x24,0x1c,0x8d,0xaa,0x34,0x08,0x00,0x00,0x0f,0x45,0xe9,0x8b,0xc8,0x89,
  0x6c,0x24,0x14,0x83,0xc1,0xfe,0x0f,0x88,0xad,0x01,0x00,0x00,0x89,0x44,0x24,0x08,
  0x8d,0x68,0xff,0x89,0x6c,0x24,0x0c,0x33,0xed,0x89,0x74,0x24,0x1c,0x89,0x54,0x24,
  0x04,0x8b,0x44,0x24,0x14,0x8b,0x54,0x24,0x1c,0xc1,0xef,0x10,0xd3,0xea,0x0f,0xb7,
  0x40,0x02,0x0f,0xaf,0xf8,0xf6,0xc2,0x01,0x0f,0x85,0x88,0x00,0x00,0x00,0x8b,0xd0,
  0xf7,0xda,0x8b,0x74,0x24,0x14,0x81,0xc2,0xff,0xff,0x00,0x00,0xc1,0xea,0x06,0x03,
  0xc2,0x66,0x89,0x46,0x02,0x89,0x7b,0x04,0x81,0xff,0x00,0x00,0x00,0x01,0x0f,0x83,
  0x3d,0x01,0x00,0x00,0x8b,0x43,0x14,0x8b,0x73,0x08,0x89,0x0c,0x24,0xc1,0xe8,0x18,
  0x88,0x06,0x46,0x3b,0x73,0x10,0x72,0x2f,0x8b,0x43,0x0c,0x2b,0xf0,0x75,0x04,0x33,
  0xc9,0xeb,0x04,0x0f,0xbd,0xce,0x41,0x83,0xc1,0x1e,0xbf,0x01,0x00,0x00,0x00,0xd3,
  0xe7,0x03,0xfe,0x57,0x50,0xe8,0x07,0x02,0x43,0x32,0x83,0xc4,0x08,0x03,0xf8,0x03,
  0xf0,0x89,0x43,0x0c,0x89,0x7b,0x10,0x8b,0x7b,0x04,0xc1,0xe7,0x08,0x8b,0x43,0x14,
  0xc1,0xe0,0x08,0x89,0x43,0x14,0x89,0x7b,0x04,0x81,0xff,0x00,0x00,0x00,0x01,0x72,
  0xac,0xe9,0xd3,0x00,0x00,0x00,0x8b,0x74,0x24,0x14,0x8b,0xd0,0xc1,0xea,0x06,0x2b,
  0xc2,0x66,0x89,0x46,0x02,0x8b,0x43,0x14,0x8d,0x14,0x07,0xf7,0xdf,0x03,0x7b,0x04,
  0x89,0x53,0x14,0x89,0x7b,0x04,0x3b,0xc2,0x76,0x4a,0x8b,0x53,0x08,0x4a,0x8b,0xf2,
  0x0f,0xb6,0x02,0x3d,0xff,0x00,0x00,0x00,0x75,0x34,0x89,0x5c,0x24,0x10,0x33,0xff,
  0x47,0x8d,0x1c,0x3f,0xf7,0xdb,0x03,0xde,0x0f,0xb6,0x43,0x01,0x8d,0x53,0x01,0xc6,
  0x43,0x02,0x00,0x3d,0xff,0x00,0x00,0x00,0x75,0x10,0x0f,0xb6,0x03,0x8b,0xd3,0xc6,
  0x43,0x01,0x00,0x3d,0xff,0x00,0x00,0x00,0x74,0xd6,0x8b,0x5c,0x24,0x10,0x40,0x88,
  0x02,0x8b,0x7b,0x04,0x81,0xff,0x00,0x00,0x00,0x01,0x73,0x65,0x8b,0x43,0x14,0x8b,
  0x73,0x08,0x89,0x0c,0x24,0xc1,0xe8,0x18,0x88,0x06,0x46,0x3b,0x73,0x10,0x72,0x2f,
  0x8b,0x43,0x0c,0x2b,0xf0,0x75,0x04,0x33,0xc9,0xeb,0x04,0x0f,0xbd,0xce,0x41,0x83,
  0xc1,0x1e,0xbf,0x01,0x00,0x00,0x00,0xd3,0xe7,0x03,0xfe,0x57,0x50,0xe8,0x07,0x02,
  0x43,0x32,0x83,0xc4,0x08,0x03,0xf8,0x03,0xf0,0x89,0x43,0x0c,0x89,0x7b,0x10,0x8b,
  0x7b,0x04,0xc1,0xe7,0x08,0x8b,0x43,0x14,0xc1,0xe0,0x08,0x89,0x43,0x14,0x89,0x7b,
  0x04,0x81,0xff,0x00,0x00,0x00,0x01,0x72,0xac,0x66,0x90,0x8b,0x0c,0x24,0x89,0x73,
  0x08,0x45,0x49,0x3b,0x6c,0x24,0x0c,0x0f,0x82,0x74,0xfe,0xff,0xff,0x8b,0x44,0x24,
  0x08,0x8b,0x54,0x24,0x04,0xeb,0x02,0x33,0xc0,0x88,0x42,0x0a,0x33,0xc0,0x83,0xc4,
  0x20,0x5d,0x5b,0x5f,0x5e,0xc2,0x0c,0x00,0x0f,0x1f,0x84,0x00,0x00,0x00,0x00,0x00,
  0x56,0x57,0x53,0x55,0x83,0xec,0x14,0x8b,0xe9,0x8b,0xda,0x85,0xed,0x0f,0x84,0x8a,
  0x00,0x00,0x00,0x8b,0x44,0x24,0x28,0x8b,0x88,0xd4,0x06,0x00,0x00,0x85,0xc9,0x0f,
  0x8c,0xc7,0x03,0x00,0x00,0x3b,0x4c,0x24,0x2c,0x7d,0x34,0x83,0x7c,0x24,0x2c,0x18,
  0x0f,0x8e,0x9f,0x02,0x00,0x00,0xba,0x18,0x00,0x00,0x00,0x8b,0x4c,0x24,0x28,0xe8,
  0x07,0x00,0x80,0xcc,0x8b,0xf8,0x8b,0x44,0x24,0x2c,0x8b,0x4c,0x24,0x28,0x8d,0x50,
  0xe8,0xe8,0x07,0x00,0x7f,0x7c,0x8b,0xf0,0xc1,0xe6,0x18,0x03,0xf7,0xeb,0x30,0x8b,
  0x44,0x24,0x28,0x8b,0xb0,0xd0,0x06,0x00,0x00,0x8b,0x54,0x24,0x28,0x8b,0xfe,0x8b,
  0x44,0x24,0x2c,0x2b,0xc8,0x89,0x8a,0xd4,0x06,0x00,0x00,0x8b,0xc8,0xd3,0xef,0x89,
  0xba,0xd0,0x06,0x00,0x00,0xba,0x01,0x00,0x00,0x00,0xd3,0xe2,0x4a,0x23,0xf2,0x83,
  0xfd,0x02,0x0f,0x84,0x2c,0x03,0x00,0x00,0xe9,0x2c,0x02,0x00,0x00,0x8b,0x44,0x24,
  0x30,0x8b,0xcb,0x0f,0xb6,0x70,0x08,0x8d,0x54,0x70,0x0c,0xe8,0x07,0x00,0x28,0xbc,
  0x8b,0xf8,0x8b,0x54,0x24,0x30,0x8d,0x04,0x77,0x83,0xe0,0x03,0x88,0x42,0x08,0x85,
  0xff,0x0f,0x84,0xfa,0x00,0x00,0x00,0x8b,0x44,0x24,0x30,0x8b,0xcb,0x0f,0xb6,0x70,
  0x09,0x8d,0x54,0x70,0x14,0xe8,0x07,0x00,0x28,0xbc,0x8b,0xf0,0x8b,0x6c,0x24,0x30,
  0x8b,0xd6,0x83,0xe2,0x01,0x8b,0xcb,0x0f,0xb6,0x7d,0x0a,0xc1,0xe7,0x05,0x88,0x55,
  0x09,0x8d,0x6c,0x2f,0x34,0x8d,0x55,0x02,0xe8,0x07,0x00,0x28,0xbc,0x8b,0xcb,0x8d,
  0x7c,0x00,0x04,0x89,0x3c,0x24,0x8d,0x54,0x3d,0x00,0xe8,0x07,0x00,0x28,0xbc,0x8b,
  0xf8,0x03,0x3c,0x24,0x8b,0xcb,0x8d,0x54,0x7d,0x00,0xe8,0x07,0x00,0x28,0xbc,0x8b,
  0xcb,0x8d,0x3c,0x78,0x8d,0x54,0x7d,0x00,0xe8,0x07,0x00,0x28,0xbc,0x8b,0x6c,0x24,
  0x30,0x8d,0x3c,0x78,0x83,0xe7,0x0f,0x8d,0x57,0x01,0x89,0x54,0x24,0x04,0x8b,0xd7,
  0xc1,0xe2,0x05,0x83,0x7c,0x24,0x38,0x00,0x8d,0x84,0x2a,0x34,0x08,0x00,0x00,0x8d,
  0xad,0x34,0x08,0x00,0x00,0x0f,0x45,0xe8,0x4f,0x0f,0x8c,0xa6,0x02,0x00,0x00,0x8b,
  0xcb,0x8d,0x55,0x02,0xe8,0x07,0x00,0x28,0xbc,0x8b,0xc8,0x89,0x34,0x24,0x8d,0x41,
  0x02,0xba,0x02,0x00,0x00,0x00,0x8b,0xf0,0x8b,0xc2,0x8b,0xd5,0x8b,0xeb,0x8b,0xde,
  0xeb,0x08,0x8b,0x44,0x24,0x0c,0x8b,0x54,0x24,0x08,0x03,0xc1,0x8b,0xf0,0x83,0xe6,
  0x0f,0x89,0x54,0x24,0x08,0x8d,0x04,0x36,0x89,0x44,0x24,0x0c,0x8d,0x0c,0x72,0x89,
  0x4c,0x24,0x10,0x4f,0x0f,0x88,0x49,0x02,0x00,0x00,0x8b,0xcd,0x8b,0x54,0x24,0x10,
  0xe8,0x07,0x00,0x28,0xbc,0x8b,0xc8,0x8d,0x1c,0x59,0x83,0xfe,0x08,0x73,0xe4,0xeb,
  0xc1,0x33,0xc0,0x89,0x44,0x24,0x04,0x33,0xf6,0x8b,0x4c,0x24,0x30,0x8b,0x54,0x24,
  0x04,0x83,0x7c,0x24,0x3c,0x00,0x88,0x51,0x0a,0x74,0x19,0x83,0x7c,0x24,0x3c,0x01,
  0x7e,0x0a,0x8b,0x54,0x24,0x30,0x03,0x72,0x04,0x89,0x72,0x04,0x8b,0x54,0x24,0x30,
  0x03,0x32,0x89,0x32,0x8b,0x54,0x24,0x28,0x8b,0xde,0x8b,0x7c,0x24,0x2c,0x8b,0x6a,
  0x6c,0x8b,0xcd,0x23,0x1c,0xbd,0x00,0x02,0xd1,0xa0,0x8b,0x42,0x74,0x8b,0xd3,0xd3,
  0xe2,0x03,0xfd,0x08,0x10,0x83,0xff,0x08,0x0f,0x8e,0xa4,0x00,0x00,0x00,0x8b,0x7c,
  0x24,0x28,0x8b,0x57,0x74,0x42,0x89,0x57,0x74,0x3b,0x57,0x78,0x72,0x28,0x8b,0x54,
  0x24,0x28,0x80,0xba,0xb5,0x06,0x00,0x00,0x00,0x0f,0x85,0x8a,0x00,0x00,0x00,0x8b,
  0x4c,0x24,0x28,0xe8,0x07,0x00,0x26,0x8c,0x85,0xc0,0x74,0x7d,0x8b,0x54,0x24,0x28,
  0x01,0x42,0x78,0x8b,0x52,0x74,0x8b,0x7c,0x24,0x2c,0x8d,0x7c,0x2f,0xf8,0x8b,0x6c,
  0x24,0x28,0x8b,0x4d,0x6c,0xf7,0xd9,0x83,0xc1,0x08,0xff,0x8d,0xb8,0x06,0x00,0x00,
  0xff,0x8d,0xdc,0x06,0x00,0x00,0xd3,0xeb,0x88,0x1a,0x83,0xff,0x08,0x7e,0x43,0x8b,
  0x6c,0x24,0x28,0x8b,0x55,0x74,0x42,0x89,0x55,0x74,0x3b,0x55,0x78,0x72,0x1a,0x80,
  0xbd,0xb5,0x06,0x00,0x00,0x00,0x75,0x31,0x8b,0xcd,0xe8,0x07,0x00,0x26,0x8c,0x85,
  0xc0,0x74,0x26,0x01,0x45,0x78,0x8b,0x55,0x74,0x83,0xc7,0xf8,0xff,0x8d,0xb8,0x06,
  0x00,0x00,0xff,0x8d,0xdc,0x06,0x00,0x00,0xc1,0xeb,0x08,0x88,0x1a,0x83,0xff,0x08,
  0x7f,0xc1,0x8b,0x54,0x24,0x28,0x89,0x7a,0x6c,0x8b,0xc6,0x83,0xc4,0x14,0x5d,0x5b,
  0x5f,0x5e,0xc2,0x18,0x00,0x85,0xc9,0x75,0x0e,0x8b,0x44,0x24,0x28,0xc7,0x80,0xd0,
  0x06,0x00,0x00,0x00,0x00,0x00,0x00,0x8b,0x74,0x24,0x2c,0x8b,0x7c,0x24,0x28,0xeb,
  0x0c,0x89,0x8f,0xd4,0x06,0x00,0x00,0x89,0x87,0xd0,0x06,0x00,0x00,0x8b,0x87,0xb8,
  0x06,0x00,0x00,0x85,0xc0,0x75,0x2f,0x80,0xbf,0xb5,0x06,0x00,0x00,0x00,0x75,0x0b,
  0x8b,0xcf,0xe8,0x07,0x00,0x26,0x8c,0x85,0xc0,0x75,0x15,0x8b,0x44,0x24,0x28,0x33,
  0xf6,0xc7,0x80,0xd4,0x06,0x00,0x00,0xff,0xff,0xff,0xff,0xe9,0x5f,0xfd,0xff,0xff,
  0x8b,0x87,0xb8,0x06,0x00,0x00,0x8b,0x97,0xc0,0x06,0x00,0x00,0x48,0xff,0x87,0xdc,
  0x06,0x00,0x00,0x89,0x87,0xb8,0x06,0x00,0x00,0x3b,0x97,0xc8,0x06,0x00,0x00,0x73,
  0x40,0x0f,0xb6,0x02,0x42,0x89,0x97,0xc0,0x06,0x00,0x00,0x8b,0x8f,0xd4,0x06,0x00,
  0x00,0xd3,0xe0,0x83,0xc1,0x08,0x03,0x87,0xd0,0x06,0x00,0x00,0x3b,0xce,0x7c,0x81,
  0x8b,0xf0,0x85,0xc9,0x0f,0x89,0xef,0xfc,0xff,0xff,0x8b,0x54,0x24,0x28,0x89,0x8a,
  0xd4,0x06,0x00,0x00,0x89,0xb2,0xd0,0x06,0x00,0x00,0x33,0xf6,0xe9,0xfe,0xfc,0xff,
  0xff,0x33,0xd2,0x8b,0x0f,0xe8,0x07,0x00,0x73,0xbc,0x85,0xc0,0x7f,0x14,0xc7,0x87,
  0x90,0x00,0x00,0x00,0x01,0x00,0x00,0x00,0x33,0xc0,0x8b,0x8f,0xd4,0x06,0x00,0x00,
  0xeb,0xaf,0x8b,0xcf,0x50,0x8b,0x17,0xe8,0x07,0x00,0x71,0xac,0x8b,0x97,0xc0,0x06,
  0x00,0x00,0xeb,0x8d,0xff,0x74,0x24,0x3c,0xff,0x74,0x24,0x3c,0x56,0x8b,0xcb,0x8b,
  0x54,0x24,0x3c,0xe8,0x07,0x00,0xee,0x7c,0x8b,0x4c,0x24,0x34,0x8b,0x54,0x24,0x2c,
  0x01,0x14,0x8d,0x00,0x03,0x95,0xe0,0xe9,0xdd,0xfe,0xff,0xff,0x33,0xf6,0xe9,0x9c,
  0xfc,0xff,0xff,0x8b,0x34,0x24,0x8b,0xc3,0x8b,0xd6,0xf7,0xda,0x33,0xc2,0x03,0xf0,
  0xe9,0xc4,0xfd,0xff,0xff,0xb8,0x01,0x00,0x00,0x00,0xeb,0xec,0x0f,0x1f,0x40,0x00,
  0x56,0x57,0x53,0x55,0x83,0xec,0x08,0x8b,0x1d,0x00,0x03,0x93,0x1c,0x8b,0xeb,0xc1,
  0xeb,0x18,0x83,0xf3,0x67,0xc1,0xe5,0x08,0x89,0x51,0x0e,0x0f,0xb6,0x41,0x05,0x33,
  0x2c,0x9d,0x00,0x03,0x91,0xe0,0x8b,0xf5,0xc1,0xed,0x18,0x83,0xf5,0x67,0xc1,0xe6,
  0x08,0xc7,0x41,0x16,0x00,0x00,0x00,0x00,0x33,0x34,0xad,0x00,0x03,0x91,0xe0,0x8b,
  0xfe,0xc1,0xee,0x18,0x83,0xf6,0x53,0xc1,0xe7,0x08,0x33,0x3c,0xb5,0x00,0x03,0x91,
  0xe0,0x8b,0xdf,0xc1,0xef,0x18,0xc1,0xe3,0x08,0x33,0x1c,0xbd,0x00,0x03,0x91,0xe0,
  0x8b,0xd3,0xc1,0xeb,0x18,0x33,0xc3,0xc1,0xe2,0x08,0x33,0x14,0x85,0x00,0x03,0x91,
  0xe0,0x33,0xc0,0x8b,0xea,0xc1,0xea,0x18,0x0f,0xb6,0x5c,0x41,0x06,0x33,0xda,0xc1,
  0xe5,0x08,0x0f,0xb6,0x74,0x41,0x07,0x40,0x33,0x2c,0x9d,0x00,0x03,0x91,0xe0,0x8b,
  0xd5,0xc1,0xed,0x18,0x33,0xf5,0xc1,0xe2,0x08,0x33,0x14,0xb5,0x00,0x03,0x91,0xe0,
  0x83,0xf8,0x0a,0x72,0xce,0x8b,0xda,0xc1,0xea,0x18,0x0f,0xb6,0x69,0x1a,0x33,0xd5,
  0xc1,0xe3,0x08,0x33,0x1c,0x95,0x00,0x03,0x91,0xe0,0x85,0xed,0x0f,0x86,0xea,0x00,
  0x00,0x00,0x8b,0xd5,0x33,0xc0,0xd1,0xea,0x33,0xf6,0x85,0xd2,0x76,0x4f,0x89,0x54,
  0x24,0x04,0x33,0xff,0x89,0x2c,0x24,0x8b,0xd3,0xc1,0xeb,0x18,0x0f,0xb6,0x6c,0x71,
  0x1b,0x03,0xc5,0x33,0xeb,0xc1,0xe2,0x08,0x33,0x14,0xad,0x00,0x03,0x91,0xe0,0x8b,
  0xda,0xc1,0xea,0x18,0x0f,0xb6,0x6c,0x71,0x1c,0x03,0xfd,0x33,0xea,0x46,0xc1,0xe3,
  0x08,0x33,0x1c,0xad,0x00,0x03,0x91,0xe0,0x3b,0x74,0x24,0x04,0x72,0xc9,0x8b,0x2c,
  0x24,0x8d,0x54,0x71,0x1b,0x03,0xc7,0xd1,0xe6,0x3b,0xf5,0x73,0x1e,0x0f,0xb6,0x7c,
  0x31,0x1b,0x8d,0x54,0x31,0x1c,0x8b,0xf3,0x03,0xc7,0xc1,0xeb,0x18,0x33,0xfb,0xc1,
  0xe6,0x08,0x8b,0xde,0x33,0x1c,0xbd,0x00,0x03,0x91,0xe0,0x85,0xc0,0x7e,0x6f,0x8b,
  0xf0,0xd1,0xee,0x85,0xf6,0x76,0x76,0x89,0x2c,0x24,0x33,0xff,0x89,0x4c,0x24,0x04,
  0x8b,0xcb,0xc1,0xeb,0x18,0x0f,0xb6,0x2c,0x7a,0x33,0xeb,0xc1,0xe1,0x08,0x33,0x0c,
  0xad,0x00,0x03,0x91,0xe0,0x8b,0xd9,0xc1,0xe9,0x18,0x0f,0xb6,0x6c,0x7a,0x01,0x47,
  0x33,0xe9,0xc1,0xe3,0x08,0x33,0x1c,0xad,0x00,0x03,0x91,0xe0,0x3b,0xfe,0x72,0xd0,
  0x8b,0x2c,0x24,0x8d,0x7c,0x3f,0x01,0x8b,0x4c,0x24,0x04,0x8d,0x77,0xff,0x3b,0xf0,
  0x73,0x1c,0x0f,0xb6,0x74,0x3a,0xff,0x8b,0xd3,0xc1,0xeb,0x18,0x33,0xf3,0xc1,0xe2,
  0x08,0x8b,0xda,0x33,0x1c,0xb5,0x00,0x03,0x91,0xe0,0xeb,0x02,0x33,0xc0,0x89,0x59,
  0x16,0x8d,0x44,0x05,0x1b,0x83,0xc4,0x08,0x5d,0x5b,0x5f,0x5e,0xc3,0xbf,0x01,0x00,
  0x00,0x00,0xeb,0xc7,0x0f,0x1f,0x44,0x00,0x00,0x0f,0x1f,0x80,0x00,0x00,0x00,0x00,
  0x56,0x57,0x53,0x55,0x83,0xec,0x14,0x8b,0xe9,0x8b,0x74,0x24,0x28,0x8b,0xda,0x85,
  0xed,0x74,0x2a,0x8b,0x96,0xc0,0x06,0x00,0x00,0x3b,0x96,0xc8,0x06,0x00,0x00,0x0f,
  0x83,0x9a,0x02,0x00,0x00,0x0f,0xb6,0x02,0x42,0x89,0x96,0xc0,0x06,0x00,0x00,0x83,
  0xfd,0x02,0x0f,0x84,0x9d,0x00,0x00,0x00,0xe9,0x8e,0x00,0x00,0x00,0x8b,0x44,0x24,
  0x2c,0x8b,0xcb,0x8b,0xae,0x88,0x00,0x00,0x00,0x8d,0x6c,0x45,0x00,0x8d,0x55,0x02,
  0xe8,0x07,0x00,0x28,0xbc,0x8b,0xcb,0x8d,0x44,0x00,0x04,0x89,0x04,0x24,0x8d,0x54,
  0x05,0x00,0xe8,0x07,0x00,0x28,0xbc,0x8b,0xf8,0x03,0x3c,0x24,0x8b,0xcb,0x8d,0x54,
  0x7d,0x00,0xe8,0x07,0x00,0x28,0xbc,0x8b,0xcb,0x8d,0x3c,0x78,0x8d,0x54,0x7d,0x00,
  0xe8,0x07,0x00,0x28,0xbc,0x8b,0xcb,0x8d,0x3c,0x78,0x8d,0x54,0x7d,0x00,0xe8,0x07,
  0x00,0x28,0xbc,0x8b,0xcb,0x8d,0x3c,0x78,0x8d,0x54,0x7d,0x00,0xe8,0x07,0x00,0x28,
  0xbc,0x8b,0xcb,0x8d,0x3c,0x78,0x8d,0x54,0x7d,0x00,0xe8,0x07,0x00,0x28,0xbc,0x8b,
  0xcb,0x8d,0x3c,0x78,0x8d,0x54,0x7d,0x00,0xe8,0x07,0x00,0x28,0xbc,0x8b,0x56,0x74,
  0x8d,0x04,0x78,0x0f,0xb6,0xc0,0x88,0x02,0xff,0x46,0x74,0x83,0xc4,0x14,0x5d,0x5b,
  0x5f,0x5e,0xc2,0x0c,0x00,0x8b,0x96,0x88,0x00,0x00,0x00,0xbe,0x01,0x00,0x00,0x00,
  0x8b,0x6c,0x24,0x2c,0x8b,0x7b,0x04,0x89,0x44,0x24,0x0c,0x8d,0x2c,0x6a,0x33,0xd2,
  0x89,0x6c,0x24,0x10,0x8b,0xca,0x8b,0x44,0x24,0x10,0xf7,0xd9,0x83,0xc1,0x07,0x8b,
  0x6c,0x24,0x0c,0xc1,0xef,0x10,0xd3,0xed,0x0f,0xb7,0x04,0x70,0x0f,0xaf,0xf8,0x83,
  0xe5,0x01,0x0f,0x85,0x8e,0x00,0x00,0x00,0x8b,0xc8,0xf7,0xd9,0x81,0xc1,0xff,0xff,
  0x00,0x00,0xc1,0xe9,0x06,0x03,0xc1,0x8b,0x4c,0x24,0x10,0x66,0x89,0x04,0x71,0x89,
  0x7b,0x04,0x81,0xff,0x00,0x00,0x00,0x01,0x0f,0x83,0x59,0x01,0x00,0x00,0x8b,0x43,
  0x14,0x8b,0x4b,0x08,0x8b,0xf9,0x89,0x14,0x24,0x89,0x74,0x24,0x04,0xc1,0xe8,0x18,
  0x88,0x07,0x47,0x3b,0x7b,0x10,0x72,0x2f,0x8b,0x43,0x0c,0x2b,0xf8,0x75,0x04,0x33,
  0xc9,0xeb,0x04,0x0f,0xbd,0xcf,0x41,0x83,0xc1,0x1e,0xbe,0x01,0x00,0x00,0x00,0xd3,
  0xe6,0x03,0xf7,0x56,0x50,0xe8,0x07,0x02,0x43,0x32,0x83,0xc4,0x08,0x03,0xf0,0x03,
  0xf8,0x89,0x43,0x0c,0x89,0x73,0x10,0x8b,0x53,0x04,0xc1,0xe2,0x08,0x8b,0x43,0x14,
  0xc1,0xe0,0x08,0x89,0x43,0x14,0x89,0x53,0x04,0x81,0xfa,0x00,0x00,0x00,0x01,0x72,
  0xac,0xe9,0xe3,0x00,0x00,0x00,0x8b,0xc8,0xc1,0xe9,0x06,0x2b,0xc1,0x8b,0x4c,0x24,
  0x10,0x66,0x89,0x04,0x71,0x8b,0x43,0x14,0x8d,0x0c,0x07,0xf7,0xdf,0x03,0x7b,0x04,
  0x89,0x4b,0x14,0x89,0x7b,0x04,0x3b,0xc1,0x76,0x54,0x8b,0x7b,0x08,0x4f,0x8b,0xcf,
  0x0f,0xb6,0x07,0x3d,0xff,0x00,0x00,0x00,0x75,0x3e,0x89,0x74,0x24,0x04,0x33,0xff,
  0x89,0x5c,0x24,0x08,0x47,0x8d,0x34,0x3f,0xf7,0xde,0x03,0xf1,0x0f,0xb6,0x46,0x01,
  0x8d,0x5e,0x01,0xc6,0x46,0x02,0x00,0x3d,0xff,0x00,0x00,0x00,0x75,0x10,0x0f,0xb6,
  0x06,0x8b,0xde,0xc6,0x46,0x01,0x00,0x3d,0xff,0x00,0x00,0x00,0x74,0xd6,0x8b,0xfb,
  0x8b,0x74,0x24,0x04,0x8b,0x5c,0x24,0x08,0x40,0x88,0x07,0x8b,0x7b,0x04,0x81,0xff,
  0x00,0x00,0x00,0x01,0x73,0x71,0x8b,0x43,0x14,0x8b,0x4b,0x08,0x8b,0xf9,0x89,0x14,
  0x24,0x89,0x74,0x24,0x04,0xc1,0xe8,0x18,0x88,0x07,0x47,0x3b,0x7b,0x10,0x72,0x2f,
  0x8b,0x43,0x0c,0x2b,0xf8,0x75,0x04,0x33,0xc9,0xeb,0x04,0x0f,0xbd,0xcf,0x41,0x83,
  0xc1,0x1e,0xbe,0x01,0x00,0x00,0x00,0xd3,0xe6,0x03,0xf7,0x56,0x50,0xe8,0x07,0x02,
  0x43,0x32,0x83,0xc4,0x08,0x03,0xf0,0x03,0xf8,0x89,0x43,0x0c,0x89,0x73,0x10,0x8b,
  0x53,0x04,0xc1,0xe2,0x08,0x8b,0x43,0x14,0xc1,0xe0,0x08,0x89,0x43,0x14,0x89,0x53,
  0x04,0x81,0xfa,0x00,0x00,0x00,0x01,0x72,0xac,0x8b,0xcf,0x8b,0xfa,0x8b,0x14,0x24,
  0x8b,0x74,0x24,0x04,0x89,0x4b,0x08,0x03,0xf6,0x42,0x0b,0xf5,0x83,0xfa,0x08,0x0f,
  0x82,0x4f,0xfe,0xff,0xff,0x8b,0x54,0x24,0x30,0x8b,0x44,0x24,0x0c,0x83,0x04,0x95,
  0x00,0x03,0x95,0xe0,0x08,0x83,0xc4,0x14,0x5d,0x5b,0x5f,0x5e,0xc2,0x0c,0x00,0x33,
  0xd2,0x8b,0x0e,0xe8,0x07,0x00,0x73,0xbc,0x85,0xc0,0x7f,0x11,0xc7,0x86,0x90,0x00,
  0x00,0x00,0x01,0x00,0x00,0x00,0x33,0xc0,0xe9,0x52,0xfd,0xff,0xff,0x8b,0xce,0x50,
  0x8b,0x16,0xe8,0x07,0x00,0x71,0xac,0x8b,0x96,0xc0,0x06,0x00,0x00,0xe9,0x33,0xfd,
  0xff,0xff,0x0f,0x1f,0x80,0x00,0x00,0x00,0x00,0x0f,0x1f,0x80,0x00,0x00,0x00,0x00,
  0x56,0x57,0x53,0x55,0x8b,0xe9,0x68,0x00,0x08,0x00,0x00,0x68,0xff,0x00,0x00,0x00,
  0x8d,0x45,0x30,0x50,0xe8,0x07,0x01,0xfc,0xac,0x83,0xc4,0x0c,0x80,0x7d,0x17,0x00,
  0x8b,0x4d,0x04,0x0f,0x45,0x8d,0x38,0x08,0x00,0x00,0xb8,0xff,0x7f,0x00,0x00,0x81,
  0xf9,0xff,0x7f,0x00,0x00,0x0f,0x4f,0xc8,0x85,0xc9,0x0f,0x8e,0xd6,0x00,0x00,0x00,
  0x8b,0x55,0x08,0x33,0xc0,0x8b,0xf1,0x80,0x3c,0x02,0x0a,0x0f,0x87,0xb1,0x00,0x00,
  0x00,0x80,0x7d,0x17,0x00,0x75,0x08,0x8b,0x5d,0x2c,0x8b,0x1c,0x83,0xeb,0x63,0x8b,
  0x9d,0x30,0x08,0x00,0x00,0x8b,0x3c,0x83,0x8b,0xdf,0x81,0xe3,0xaa,0xaa,0xaa,0xaa,
  0x81,0xe7,0x55,0x55,0x55,0xd5,0xd1,0xeb,0x03,0xff,0x0b,0xdf,0x8b,0xfb,0x81,0xe3,
  0x33,0x33,0x33,0xf3,0x81,0xe7,0xcc,0xcc,0xcc,0xcc,0xc1,0xef,0x02,0xc1,0xe3,0x02,
  0x0b,0xfb,0x8b,0xcf,0x81,0xe7,0x0f,0x0f,0x0f,0xff,0x81,0xe1,0xf0,0xf0,0xf0,0xf0,
  0xc1,0xe9,0x04,0xc1,0xe7,0x04,0x0b,0xcf,0x8b,0xd9,0x81,0xe1,0xff,0x00,0xff,0xff,
  0x81,0xe3,0x00,0xff,0x00,0xff,0xc1,0xeb,0x08,0xc1,0xe1,0x08,0x0b,0xd9,0x0f,0xa4,
  0xdb,0x10,0x81,0xfb,0x00,0x04,0x00,0x00,0x73,0x38,0x66,0x89,0x44,0x5d,0x30,0xbf,
  0x01,0x00,0x00,0x00,0x8b,0x55,0x08,0x0f,0xb6,0x0c,0x02,0xd3,0xe7,0x03,0xdf,0x81,
  0xfb,0x00,0x04,0x00,0x00,0x73,0x1b,0x33,0xff,0x47,0x66,0x89,0x44,0x5d,0x30,0x8b,
  0x55,0x08,0x0f,0xb6,0x0c,0x02,0xd3,0xe7,0x03,0xdf,0x81,0xfb,0x00,0x04,0x00,0x00,
  0x72,0xc8,0x0f,0x1f,0x40,0x00,0x0f,0x1f,0x80,0x00,0x00,0x00,0x00,0x40,0x3b,0xc6,
  0x0f,0x82,0x31,0xff,0xff,0xff,0x5d,0x5b,0x5f,0x5e,0xc3,0x0f,0x1f,0x44,0x00,0x00,
  0x56,0x57,0x53,0x83,0xec,0x20,0x8b,0xf1,0x8b,0xfa,0x80,0x7e,0x17,0x00,0x0f,0x85,
  0xa7,0x00,0x00,0x00,0x8b,0x4e,0x04,0x85,0xc9,0x0f,0x8e,0x91,0x00,0x00,0x00,0x33,
  0xd2,0x33,0xc0,0x80,0x7e,0x17,0x00,0x75,0x11,0x0f,0xb6,0x1c,0x38,0x81,0xfb,0xff,
  0x00,0x00,0x00,0x74,0x72,0x83,0xfb,0x0a,0x7e,0x6d,0x8b,0x4e,0x2c,0x8b,0x0c,0x81,
  0x8b,0xd9,0x81,0xe3,0xaa,0xaa,0xaa,0xaa,0x81,0xe1,0x55,0x55,0x55,0xd5,0xd1,0xeb,
  0x03,0xc9,0x0b,0xd9,0x8b,0xcb,0x81,0xe3,0x33,0x33,0x33,0xf3,0x81,0xe1,0xcc,0xcc,
  0xcc,0xcc,0xc1,0xe9,0x02,0xc1,0xe3,0x02,0x0b,0xcb,0x8b,0xd9,0x81,0xe1,0x0f,0x0f,
  0x0f,0xff,0x81,0xe3,0xf0,0xf0,0xf0,0xf0,0xc1,0xeb,0x04,0xc1,0xe1,0x04,0x0b,0xd9,
  0x8b,0xcb,0x81,0xe3,0xff,0x00,0xff,0xff,0x81,0xe1,0x00,0xff,0x00,0xff,0xc1,0xe9,
  0x08,0xc1,0xe3,0x08,0x0b,0xcb,0x8b,0x9e,0x30,0x08,0x00,0x00,0x0f,0xa4,0xc9,0x10,
  0x89,0x0c,0x93,0x42,0x8b,0x4e,0x04,0x40,0x3b,0xc1,0x0f,0x8c,0x73,0xff,0xff,0xff,
  0x8b,0x96,0x38,0x08,0x00,0x00,0xe9,0x06,0x01,0x00,0x00,0x8b,0x96,0x38,0x08,0x00,
  0x00,0x85,0xd2,0x0f,0x8e,0xf8,0x00,0x00,0x00,0x33,0xc0,0x40,0x8b,0x56,0x2c,0x8b,
  0x5c,0xc2,0xf8,0x8b,0xcb,0x81,0xe1,0xaa,0xaa,0xaa,0xaa,0x81,0xe3,0x55,0x55,0x55,
  0xd5,0xd1,0xe9,0x03,0xdb,0x0b,0xcb,0x8b,0xd1,0x81,0xe1,0x33,0x33,0x33,0xf3,0x81,
  0xe2,0xcc,0xcc,0xcc,0xcc,0xc1,0xea,0x02,0xc1,0xe1,0x02,0x0b,0xd1,0x8b,0xda,0x81,
  0xe2,0x0f,0x0f,0x0f,0xff,0x81,0xe3,0xf0,0xf0,0xf0,0xf0,0xc1,0xeb,0x04,0xc1,0xe2,
  0x04,0x0b,0xda,0x8b,0xd3,0x81,0xe3,0xff,0x00,0xff,0xff,0x81,0xe2,0x00,0xff,0x00,
  0xff,0xc1,0xea,0x08,0xc1,0xe3,0x08,0x8b,0x8e,0x30,0x08,0x00,0x00,0x0b,0xd3,0x0f,
  0xa4,0xd2,0x10,0x89,0x54,0xc1,0xf8,0x8d,0x4c,0x00,0xff,0x8b,0x96,0x38,0x08,0x00,
  0x00,0x8d,0x1c,0x00,0x3b,0xd1,0x7e,0x79,0x8b,0x56,0x2c,0x8b,0x54,0xc2,0xfc,0x8b,
  0xca,0x81,0xe1,0xaa,0xaa,0xaa,0xaa,0x81,0xe2,0x55,0x55,0x55,0xd5,0xd1,0xe9,0x03,
  0xd2,0x0b,0xca,0x8b,0xd1,0x81,0xe1,0x33,0x33,0x33,0xf3,0x81,0xe2,0xcc,0xcc,0xcc,
  0xcc,0xc1,0xea,0x02,0xc1,0xe1,0x02,0x0b,0xd1,0x8b,0xca,0x81,0xe2,0x0f,0x0f,0x0f,
  0xff,0x81,0xe1,0xf0,0xf0,0xf0,0xf0,0xc1,0xe9,0x04,0xc1,0xe2,0x04,0x0b,0xca,0x8b,
  0xd1,0x81,0xe1,0xff,0x00,0xff,0xff,0x81,0xe2,0x00,0xff,0x00,0xff,0xc1,0xea,0x08,
  0xc1,0xe1,0x08,0x0b,0xd1,0x8b,0x8e,0x30,0x08,0x00,0x00,0x0f,0xa4,0xd2,0x10,0x89,
  0x54,0xc1,0xfc,0x8b,0x96,0x38,0x08,0x00,0x00,0x3b,0xd3,0x0f,0x8f,0x0a,0xff,0xff,
  0xff,0x68,0x00,0x01,0x8f,0x10,0x6a,0x04,0x52,0xff,0xb6,0x30,0x08,0x00,0x00,0xe8,
  0x07,0x02,0x43,0x8c,0x83,0xc4,0x10,0x8b,0x96,0x38,0x08,0x00,0x00,0x8b,0x86,0x30,
  0x08,0x00,0x00,0xc7,0x04,0x90,0xff,0xff,0xff,0xff,0x80,0x7e,0x17,0x00,0x8b,0x56,
  0x04,0x0f,0x45,0x96,0x38,0x08,0x00,0x00,0x85,0xd2,0x0f,0x8e,0x44,0x01,0x00,0x00,
  0x33,0xc9,0x89,0x54,0x24,0x1c,0x89,0x2c,0x24,0x0f,0xb6,0x56,0x17,0x85,0xd2,0x74,
  0x0f,0x8b,0x44,0x24,0x30,0x8b,0x1c,0x88,0x0f,0xb6,0x04,0x3b,0x75,0x1c,0xeb,0x06,
  0x0f,0xb6,0x04,0x39,0x75,0x14,0x3d,0xff,0x00,0x00,0x00,0x0f,0x84,0x05,0x01,0x00,
  0x00,0x83,0xf8,0x0a,0x0f,0x8e,0xfc,0x00,0x00,0x00,0x8b,0x5e,0x2c,0x8b,0x1c,0x8b,
  0x8b,0xeb,0x81,0xe5,0xaa,0xaa,0xaa,0xaa,0x81,0xe3,0x55,0x55,0x55,0xd5,0xd1,0xed,
  0x03,0xdb,0x0b,0xeb,0x8b,0xdd,0x81,0xe5,0x33,0x33,0x33,0xf3,0x81,0xe3,0xcc,0xcc,
  0xcc,0xcc,0xc1,0xeb,0x02,0xc1,0xe5,0x02,0x0b,0xdd,0x8b,0xeb,0x81,0xe3,0x0f,0x0f,
  0x0f,0xff,0x81,0xe5,0xf0,0xf0,0xf0,0xf0,0xc1,0xed,0x04,0xc1,0xe3,0x04,0x0b,0xeb,
  0x8b,0xdd,0x81,0xe5,0xff,0x00,0xff,0xff,0x81,0xe3,0x00,0xff,0x00,0xff,0xc1,0xeb,
  0x08,0xc1,0xe5,0x08,0x0b,0xdd,0x0f,0xa4,0xdb,0x10,0x8b,0xae,0x38,0x08,0x00,0x00,
  0x89,0x5c,0x24,0x14,0x89,0x6c,0x24,0x10,0x83,0xfd,0x01,0xbd,0x00,0x00,0x00,0x00,
  0x7e,0x5e,0x8b,0x9e,0x30,0x08,0x00,0x00,0x89,0x44,0x24,0x18,0x89,0x74,0x24,0x08,
  0x89,0x4c,0x24,0x04,0x89,0x7c,0x24,0x0c,0x8b,0x74,0x24,0x10,0x8b,0x44,0x24,0x14,
  0x8b,0xce,0xd1,0xf9,0x2b,0xf1,0x8d,0x7c,0x0d,0x00,0x3b,0x04,0xbb,0x0f,0x43,0xce,
  0x0f,0x43,0xef,0x83,0xf9,0x01,0x7e,0x18,0x8b,0xf1,0xd1,0xfe,0x2b,0xce,0x8d,0x7c,
  0x35,0x00,0x3b,0x04,0xbb,0x0f,0x43,0xf1,0x0f,0x43,0xef,0x83,0xfe,0x01,0x7f,0xd0,
  0x8b,0x44,0x24,0x18,0x8b,0x4c,0x24,0x04,0x8b,0x74,0x24,0x08,0x8b,0x7c,0x24,0x0c,
  0x85,0xd2,0x74,0x19,0x8b,0x5c,0x24,0x30,0x8b,0x96,0x34,0x08,0x00,0x00,0x8b,0x1c,
  0x8b,0x89,0x1c,0xaa,0x8b,0x56,0x08,0x88,0x44,0x15,0x00,0xeb,0x09,0x8b,0x86,0x34,
  0x08,0x00,0x00,0x89,0x0c,0xa8,0x41,0x3b,0x4c,0x24,0x1c,0x0f,0x82,0xc8,0xfe,0xff,
  0xff,0x8b,0x2c,0x24,0x83,0x7c,0x24,0x34,0x02,0x0f,0x8d,0xfe,0x00,0x00,0x00,0x80,
  0x7e,0x17,0x00,0x0f,0x84,0xf4,0x00,0x00,0x00,0x83,0xbe,0x38,0x08,0x00,0x00,0x00,
  0x0f,0x8e,0xe7,0x00,0x00,0x00,0x33,0xff,0x47,0x8b,0x8e,0x30,0x08,0x00,0x00,0x8b,
  0x44,0xf9,0xf8,0x8b,0xd0,0x81,0xe2,0xaa,0xaa,0xaa,0xaa,0x25,0x55,0x55,0x55,0xd5,
  0xd1,0xea,0x03,0xc0,0x0b,0xd0,0x8b,0xda,0x81,0xe2,0x33,0x33,0x33,0xf3,0x81,0xe3,
  0xcc,0xcc,0xcc,0xcc,0xc1,0xeb,0x02,0xc1,0xe2,0x02,0x0b,0xda,0x8b,0xc3,0x81,0xe3,
  0x0f,0x0f,0x0f,0xff,0x25,0xf0,0xf0,0xf0,0xf0,0xc1,0xe8,0x04,0xc1,0xe3,0x04,0x0b,
  0xc3,0x8d,0x5c,0x3f,0xff,0x8b,0xd0,0x25,0xff,0x00,0xff,0xff,0x81,0xe2,0x00,0xff,
  0x00,0xff,0xc1,0xea,0x08,0xc1,0xe0,0x08,0x0b,0xd0,0x0f,0xa4,0xd2,0x10,0x89,0x54,
  0xf9,0xf8,0x8d,0x0c,0x3f,0x3b,0x9e,0x38,0x08,0x00,0x00,0x7d,0x70,0x8b,0x96,0x30,
  0x08,0x00,0x00,0x8b,0x44,0xfa,0xfc,0x8b,0xd8,0x81,0xe3,0xaa,0xaa,0xaa,0xaa,0x25,
  0x55,0x55,0x55,0xd5,0xd1,0xeb,0x03,0xc0,0x0b,0xd8,0x8b,0xc3,0x81,0xe3,0x33,0x33,
  0x33,0xf3,0x25,0xcc,0xcc,0xcc,0xcc,0xc1,0xe8,0x02,0xc1,0xe3,0x02,0x0b,0xc3,0x8b,
  0xd8,0x25,0x0f,0x0f,0x0f,0xff,0x81,0xe3,0xf0,0xf0,0xf0,0xf0,0xc1,0xeb,0x04,0xc1,
  0xe0,0x04,0x0b,0xd8,0x8b,0xc3,0x81,0xe3,0xff,0x00,0xff,0xff,0x25,0x00,0xff,0x00,
  0xff,0xc1,0xe8,0x08,0xc1,0xe3,0x08,0x0b,0xc3,0x0f,0xa4,0xc0,0x10,0x89,0x44,0xfa,
  0xfc,0x3b,0x8e,0x38,0x08,0x00,0x00,0x0f,0x8c,0x1b,0xff,0xff,0xff,0x83,0xc4,0x20,
  0x5b,0x5f,0x5e,0xc2,0x08,0x00,0x0f,0x1f,0x00,0x0f,0x1f,0x80,0x00,0x00,0x00,0x00,
  0x55,0x8b,0xec,0x83,0xe4,0xf0,0x56,0x57,0x53,0x81,0xec,0xc4,0x00,0x00,0x00,0x8b,
  0xda,0x8b,0xc1,0xba,0x80,0x00,0x00,0x00,0x66,0x0f,0xef,0xc0,0x0f,0x11,0x44,0x14,
  0xf0,0x0f,0x11,0x44,0x14,0xe0,0x0f,0x11,0x44,0x14,0xd0,0x0f,0x11,0x44,0x14,0xc0,
  0x83,0xea,0x40,0x75,0xe7,0x8b,0x75,0x08,0x85,0xf6,0x7e,0x53,0x83,0xfe,0x10,0x7c,
  0x38,0x8b,0xfb,0x83,0xe7,0x0f,0x8b,0xd7,0xf7,0xda,0x83,0xc2,0x10,0x85,0xff,0x0f,
  0x45,0xfa,0x8d,0x4f,0x10,0x3b,0xf1,0x7c,0x20,0x8b,0xce,0x2b,0xcf,0x83,0xe1,0x0f,
  0xf7,0xd9,0x03,0xce,0x85,0xff,0x0f,0x86,0x97,0x03,0x00,0x00,0x33,0xd2,0x80,0x3c,
  0x1a,0xff,0x72,0x1d,0xe9,0x81,0x03,0x00,0x00,0x33,0xd2,0x33,0xc9,0x3b,0xce,0x73,
  0x10,0x80,0x3c,0x19,0xff,0x0f,0x83,0xab,0x03,0x00,0x00,0x8b,0xd1,0xeb,0x02,0x33,
  0xd2,0x3b,0xd6,0x0f,0x84,0x4d,0x03,0x00,0x00,0x0f,0xb6,0x0c,0x1a,0x89,0x8c,0x24,
  0x80,0x00,0x00,0x00,0x80,0x78,0x17,0x00,0x75,0x0c,0x8b,0x48,0x2c,0xc7,0x04,0x91,
  0x00,0x00,0x00,0x00,0xeb,0x1a,0x8b,0x48,0x2c,0x8b,0x7d,0x0c,0xc7,0x01,0x00,0x00,
  0x00,0x00,0x89,0x17,0x8b,0x78,0x08,0x8b,0x8c,0x24,0x80,0x00,0x00,0x00,0x88,0x0f,
  0x0f,0xb6,0x0c,0x1a,0x85,0xc9,0x0f,0x8e,0xa4,0x00,0x00,0x00,0x8b,0xf9,0xd1,0xef,
  0x89,0xbc,0x24,0x84,0x00,0x00,0x00,0x85,0xff,0x0f,0x86,0x6f,0x03,0x00,0x00,0x33,
  0xff,0x89,0x94,0x24,0x8c,0x00,0x00,0x00,0x89,0x9c,0x24,0x80,0x00,0x00,0x00,0x89,
  0x84,0x24,0x9c,0x00,0x00,0x00,0x8b,0xc1,0x8b,0xdf,0x8b,0x94,0x24,0x84,0x00,0x00,
  0x00,0xbe,0x01,0x00,0x00,0x00,0x8d,0x4b,0x1f,0xd3,0xe6,0x8d,0x4b,0x1e,0x89,0x74,
  0xfc,0x04,0xbe,0x01,0x00,0x00,0x00,0xd3,0xe6,0x83,0xc3,0xfe,0x89,0x74,0xfc,0x08,
  0x47,0x3b,0xfa,0x72,0xdc,0x8b,0x94,0x24,0x8c,0x00,0x00,0x00,0x8d,0x7c,0x3f,0x01,
  0x8b,0x9c,0x24,0x80,0x00,0x00,0x00,0x8b,0xc8,0x8b,0x84,0x24,0x9c,0x00,0x00,0x00,
  0x8b,0x75,0x08,0x89,0xbc,0x24,0x84,0x00,0x00,0x00,0x8b,0xbc,0x24,0x84,0x00,0x00,
  0x00,0x8d,0x7f,0xff,0x3b,0xf9,0x73,0x18,0x8b,0xb4,0x24,0x84,0x00,0x00,0x00,0xbf,
  0x01,0x00,0x00,0x00,0x8b,0xce,0xf7,0xd9,0xd3,0xe7,0x89,0x3c,0xb4,0x8b,0x75,0x08,
  0x8d,0x4a,0x01,0x3b,0xce,0x0f,0x8d,0x5b,0x02,0x00,0x00,0x2b,0xf1,0xbf,0x01,0x00,
  0x00,0x00,0x89,0xb4,0x24,0xb0,0x00,0x00,0x00,0x8d,0x0c,0x95,0x04,0x00,0x00,0x00,
  0x89,0x8c,0x24,0x98,0x00,0x00,0x00,0x8d,0x5c,0x13,0x01,0x89,0xbc,0x24,0xa0,0x00,
  0x00,0x00,0x33,0xf6,0x89,0x94,0x24,0x8c,0x00,0x00,0x00,0x89,0x84,0x24,0x9c,0x00,
  0x00,0x00,0x0f,0xb6,0x03,0x8b,0xf8,0x3d,0xff,0x00,0x00,0x00,0x0f,0x84,0x05,0x02,
  0x00,0x00,0x85,0xc0,0x7e,0x0e,0x33,0xd2,0x83,0x3c,0xbc,0x00,0x75,0x06,0x42,0x4f,
  0x3b,0xd0,0x72,0xf4,0x85,0xff,0x0f,0x84,0x82,0x02,0x00,0x00,0x8d,0x14,0xbc,0x89,
  0x94,0x24,0xa8,0x00,0x00,0x00,0x8b,0x0a,0xc7,0x02,0x00,0x00,0x00,0x00,0x8b,0xd1,
  0x89,0x8c,0x24,0xa4,0x00,0x00,0x00,0x81,0xe2,0xaa,0xaa,0xaa,0xaa,0x81,0xe1,0x55,
  0x55,0x55,0xd5,0xd1,0xea,0x03,0xc9,0x0b,0xd1,0x8b,0xca,0x81,0xe2,0x33,0x33,0x33,
  0xf3,0x81,0xe1,0xcc,0xcc,0xcc,0xcc,0xc1,0xe9,0x02,0xc1,0xe2,0x02,0x0b,0xca,0x8b,
  0xd1,0x81,0xe1,0x0f,0x0f,0x0f,0xff,0x81,0xe2,0xf0,0xf0,0xf0,0xf0,0xc1,0xea,0x04,
  0xc1,0xe1,0x04,0x0b,0xd1,0x8b,0xca,0x81,0xe2,0xff,0x00,0xff,0xff,0x81,0xe1,0x00,
  0xff,0x00,0xff,0xc1,0xe9,0x08,0xc1,0xe2,0x08,0x0b,0xca,0x8b,0x94,0x24,0xa0,0x00,
  0x00,0x00,0x89,0x94,0x24,0xac,0x00,0x00,0x00,0x42,0x89,0x94,0x24,0xa0,0x00,0x00,
  0x00,0x8b,0x94,0x24,0x9c,0x00,0x00,0x00,0x0f,0xa4,0xc9,0x10,0x80,0x7a,0x17,0x00,
  0x75,0x11,0x8b,0xc2,0x8b,0x50,0x2c,0x03,0x94,0x24,0x98,0x00,0x00,0x00,0x89,0x0c,
  0xb2,0xeb,0x42,0x89,0xbc,0x24,0x90,0x00,0x00,0x00,0x8b,0xfa,0x89,0x9c,0x24,0x94,
  0x00,0x00,0x00,0x8b,0x94,0x24,0xac,0x00,0x00,0x00,0x8b,0x5f,0x2c,0x89,0x0c,0x93,
  0x8b,0x4f,0x08,0x8b,0xbc,0x24,0x90,0x00,0x00,0x00,0x8b,0x9c,0x24,0x94,0x00,0x00,
  0x00,0x88,0x04,0x11,0x8b,0x84,0x24,0x8c,0x00,0x00,0x00,0x8b,0x4d,0x0c,0x8d,0x44,
  0x06,0x01,0x89,0x04,0x91,0x0f,0xb6,0x13,0x3b,0xfa,0x0f,0x84,0xf7,0x00,0x00,0x00,
  0x3b,0xd7,0x0f,0x8e,0xef,0x00,0x00,0x00,0x2b,0xd7,0x8b,0xc2,0xd1,0xe8,0x89,0x84,
  0x24,0xbc,0x00,0x00,0x00,0x85,0xc0,0x0f,0x86,0x57,0x01,0x00,0x00,0x8b,0xcf,0xf7,
  0xd9,0xc7,0x84,0x24,0x88,0x00,0x00,0x00,0x00,0x00,0x00,0x00,0x89,0x94,0x24,0x80,
  0x00,0x00,0x00,0x89,0xb4,0x24,0x84,0x00,0x00,0x00,0x89,0xbc,0x24,0x90,0x00,0x00,
  0x00,0x8d,0x41,0x1f,0x89,0x84,0x24,0xb4,0x00,0x00,0x00,0x83,0xc1,0x1e,0x89,0x8c,
  0x24,0xb8,0x00,0x00,0x00,0x89,0x9c,0x24,0x94,0x00,0x00,0x00,0x8b,0xb4,0x24,0x88,
  0x00,0x00,0x00,0x8b,0x94,0x24,0xa4,0x00,0x00,0x00,0x8b,0x84,0x24,0xa8,0x00,0x00,
  0x00,0x8b,0x8c,0x24,0xb4,0x00,0x00,0x00,0x8d,0x1c,0x36,0x2b,0xcb,0xbf,0x01,0x00,
  0x00,0x00,0xf7,0xdb,0xd3,0xe7,0x03,0x9c,0x24,0xb8,0x00,0x00,0x00,0x03,0xfa,0x89,
  0x7c,0xf0,0x04,0x8b,0xcb,0xbf,0x01,0x00,0x00,0x00,0xd3,0xe7,0x03,0xfa,0x89,0x7c,
  0xf0,0x08,0x46,0x3b,0xb4,0x24,0xbc,0x00,0x00,0x00,0x72,0xc5,0x89,0xb4,0x24,0x88,
  0x00,0x00,0x00,0x8b,0xc6,0x8b,0x94,0x24,0x80,0x00,0x00,0x00,0x8b,0xbc,0x24,0x90,
  0x00,0x00,0x00,0x8b,0x9c,0x24,0x94,0x00,0x00,0x00,0x8d,0x44,0x00,0x01,0x8b,0xb4,
  0x24,0x84,0x00,0x00,0x00,0x8d,0x48,0xff,0x3b,0xca,0x73,0x1b,0x8b,0xcf,0xba,0x01,
  0x00,0x00,0x00,0xf7,0xd9,0x2b,0xc8,0x03,0xc7,0xd3,0xe2,0x8b,0xbc,0x24,0xa4,0x00,
  0x00,0x00,0x03,0xfa,0x89,0x3c,0x84,0x46,0x43,0x3b,0xb4,0x24,0xb0,0x00,0x00,0x00,
  0x0f,0x82,0xdc,0xfd,0xff,0xff,0xb8,0x01,0x00,0x00,0x00,0x81,0xc4,0xc4,0x00,0x00,
  0x00,0x5b,0x5f,0x5e,0x8b,0xe5,0x5d,0xc2,0x08,0x00,0x42,0x3b,0xd7,0x0f,0x82,0x6b,
  0xfc,0xff,0xff,0xf3,0x0f,0x6f,0x0d,0x00,0x02,0xd2,0x90,0x66,0x0f,0x76,0xc0,0x66,
  0x0f,0xf8,0xc1,0xf3,0x0f,0x6f,0x14,0x3b,0x66,0x0f,0x6f,0xd8,0x66,0x0f,0xf8,0xd1,
  0x66,0x0f,0x64,0xda,0x66,0x0f,0xd7,0xd3,0x85,0xd2,0x74,0x1a,0x0f,0xbc,0xd2,0x03,
  0xd7,0xe9,0x5b,0xfc,0xff,0xff,0x41,0x8b,0xd1,0x3b,0xce,0x0f,0x82,0x40,0xfc,0xff,
  0xff,0xe9,0x4b,0xfc,0xff,0xff,0x8d,0x57,0x10,0x8b,0xfa,0x3b,0xd1,0x72,0xc4,0xe9,
  0x29,0xfc,0xff,0xff,0xb8,0x01,0x00,0x00,0x00,0xe9,0x57,0xff,0xff,0xff,0xc7,0x84,
  0x24,0x84,0x00,0x00,0x00,0x01,0x00,0x00,0x00,0xe9,0xec,0xfc,0xff,0xff,0x33,0xc0,
  0x81,0xc4,0xc4,0x00,0x00,0x00,0x5b,0x5f,0x5e,0x8b,0xe5,0x5d,0xc2,0x08,0x00,0x90,
  0x56,0x57,0x53,0x55,0x83,0xec,0x10,0x8b,0xd9,0x8b,0xf2,0x85,0xdb,0x0f,0x84,0x8a,
  0x00,0x00,0x00,0x8b,0x44,0x24,0x24,0x8b,0x88,0xd4,0x06,0x00,0x00,0x85,0xc9,0x0f,
  0x8c,0x89,0x03,0x00,0x00,0x3b,0x4c,0x24,0x28,0x7d,0x34,0x83,0x7c,0x24,0x28,0x18,
  0x0f,0x8e,0x5f,0x02,0x00,0x00,0xba,0x18,0x00,0x00,0x00,0x8b,0x4c,0x24,0x24,0xe8,
  0x07,0x00,0x80,0xcc,0x8b,0xf8,0x8b,0x44,0x24,0x28,0x8b,0x4c,0x24,0x24,0x8d,0x50,
  0xe8,0xe8,0x07,0x00,0x7f,0x7c,0x8b,0xe8,0xc1,0xe5,0x18,0x03,0xef,0xeb,0x30,0x8b,
  0x44,0x24,0x24,0x8b,0xa8,0xd0,0x06,0x00,0x00,0x8b,0x54,0x24,0x24,0x8b,0xc5,0x8b,
  0x7c,0x24,0x28,0x2b,0xcf,0x89,0x8a,0xd4,0x06,0x00,0x00,0x8b,0xcf,0xd3,0xe8,0x89,
  0x82,0xd0,0x06,0x00,0x00,0xba,0x01,0x00,0x00,0x00,0xd3,0xe2,0x4a,0x23,0xea,0x83,
  0xfb,0x02,0x0f,0x84,0xee,0x02,0x00,0x00,0xe9,0xec,0x01,0x00,0x00,0x8b,0x44,0x24,
  0x2c,0x8b,0xce,0x0f,0xb6,0x58,0x08,0x8d,0x54,0x58,0x0c,0xe8,0x07,0x00,0x28,0xbc,
  0x8b,0xe8,0x8b,0x54,0x24,0x2c,0x8d,0x44,0x5d,0x00,0x83,0xe0,0x03,0x88,0x42,0x08,
  0x85,0xed,0x0f,0x84,0xbb,0x00,0x00,0x00,0x8b,0x5c,0x24,0x2c,0x8b,0xce,0x0f,0xb6,
  0x43,0x0a,0xc1,0xe0,0x04,0x8d,0x7c,0x18,0x34,0x8d,0x57,0x02,0xe8,0x07,0x00,0x28,
  0xbc,0x8b,0xce,0x8d,0x6c,0x00,0x04,0x8d,0x14,0x2f,0xe8,0x07,0x00,0x28,0xbc,0x8b,
  0xd8,0x03,0xdd,0x8b,0xce,0x8d,0x14,0x5f,0xe8,0x07,0x00,0x28,0xbc,0x8b,0x6c,0x24,
  0x2c,0x8d,0x1c,0x58,0x83,0xe3,0x07,0x8b,0xd3,0xc1,0xe2,0x05,0x8d,0xbd,0x34,0x08,
  0x00,0x00,0x83,0x7c,0x24,0x34,0x00,0x8d,0x43,0x01,0x89,0x04,0x24,0x8d,0x94,0x2a,
  0x34,0x08,0x00,0x00,0x0f,0x45,0xfa,0x4b,0x0f,0x8c,0x87,0x02,0x00,0x00,0x8b,0xce,
  0x8d,0x57,0x02,0xe8,0x07,0x00,0x28,0xbc,0xba,0x02,0x00,0x00,0x00,0x8d,0x68,0x02,
  0x8b,0xc8,0x8b,0xc7,0x8b,0xfe,0xeb,0x08,0x8b,0x54,0x24,0x08,0x8b,0x44,0x24,0x04,
  0x03,0xd1,0x8b,0xf2,0x83,0xe6,0x0f,0x89,0x44,0x24,0x04,0x8d,0x14,0x36,0x89,0x54,
  0x24,0x08,0x8d,0x0c,0x70,0x89,0x4c,0x24,0x0c,0x4b,0x78,0x1e,0x8b,0xcf,0x8b,0x54,
  0x24,0x0c,0xe8,0x07,0x00,0x28,0xbc,0x8b,0xc8,0x8d,0x2c,0x69,0x83,0xfe,0x08,0x73,
  0xe8,0xeb,0xc5,0x33,0xc0,0x89,0x04,0x24,0x33,0xed,0x8b,0x4c,0x24,0x2c,0x8b,0x14,
  0x24,0x83,0x7c,0x24,0x38,0x00,0x88,0x51,0x0a,0x74,0x19,0x83,0x7c,0x24,0x38,0x01,
  0x7e,0x0a,0x8b,0x54,0x24,0x2c,0x03,0x6a,0x04,0x89,0x6a,0x04,0x8b,0x54,0x24,0x2c,
  0x03,0x2a,0x89,0x2a,0x8b,0x54,0x24,0x24,0x8b,0xdd,0x8b,0x7c,0x24,0x28,0x8b,0x72,
  0x6c,0x8b,0xce,0x23,0x1c,0xbd,0x00,0x02,0xd1,0xa0,0x8b,0x42,0x74,0x8b,0xd3,0xd3,
  0xe2,0x03,0xfe,0x08,0x10,0x83,0xff,0x08,0x0f,0x8e,0xa4,0x00,0x00,0x00,0x8b,0x7c,
  0x24,0x24,0x8b,0x57,0x74,0x42,0x89,0x57,0x74,0x3b,0x57,0x78,0x72,0x28,0x8b,0x54,
  0x24,0x24,0x80,0xba,0xb5,0x06,0x00,0x00,0x00,0x0f,0x85,0x8a,0x00,0x00,0x00,0x8b,
  0x4c,0x24,0x24,0xe8,0x07,0x00,0x26,0x8c,0x85,0xc0,0x74,0x7d,0x8b,0x54,0x24,0x24,
  0x01,0x42,0x78,0x8b,0x52,0x74,0x8b,0x7c,0x24,0x28,0x8d,0x7c,0x37,0xf8,0x8b,0x74,
  0x24,0x24,0x8b,0x4e,0x6c,0xf7,0xd9,0x83,0xc1,0x08,0xff,0x8e,0xb8,0x06,0x00,0x00,
  0xff,0x8e,0xdc,0x06,0x00,0x00,0xd3,0xeb,0x88,0x1a,0x83,0xff,0x08,0x7e,0x43,0x8b,
  0x74,0x24,0x24,0x8b,0x56,0x74,0x42,0x89,0x56,0x74,0x3b,0x56,0x78,0x72,0x1a,0x80,
  0xbe,0xb5,0x06,0x00,0x00,0x00,0x75,0x31,0x8b,0xce,0xe8,0x07,0x00,0x26,0x8c,0x85,
  0xc0,0x74,0x26,0x01,0x46,0x78,0x8b,0x56,0x74,0x83,0xc7,0xf8,0xff,0x8e,0xb8,0x06,
  0x00,0x00,0xff,0x8e,0xdc,0x06,0x00,0x00,0xc1,0xeb,0x08,0x88,0x1a,0x83,0xff,0x08,
  0x7f,0xc1,0x8b,0x54,0x24,0x24,0x89,0x7a,0x6c,0x8b,0xc5,0x83,0xc4,0x10,0x5d,0x5b,
  0x5f,0x5e,0xc2,0x18,0x00,0x85,0xc9,0x75,0x0e,0x8b,0x44,0x24,0x24,0xc7,0x80,0xd0,
  0x06,0x00,0x00,0x00,0x00,0x00,0x00,0x8b,0x7c,0x24,0x28,0x8b,0x6c,0x24,0x24,0xeb,
  0x0c,0x89,0x8d,0xd4,0x06,0x00,0x00,0x89,0x85,0xd0,0x06,0x00,0x00,0x8b,0x85,0xb8,
  0x06,0x00,0x00,0x85,0xc0,0x75,0x2f,0x80,0xbd,0xb5,0x06,0x00,0x00,0x00,0x75,0x0b,
  0x8b,0xcd,0xe8,0x07,0x00,0x26,0x8c,0x85,0xc0,0x75,0x15,0x8b,0x44,0x24,0x24,0x33,
  0xed,0xc7,0x80,0xd4,0x06,0x00,0x00,0xff,0xff,0xff,0xff,0xe9,0x9f,0xfd,0xff,0xff,
  0x8b,0x85,0xb8,0x06,0x00,0x00,0x8b,0x95,0xc0,0x06,0x00,0x00,0x48,0xff,0x85,0xdc,
  0x06,0x00,0x00,0x89,0x85,0xb8,0x06,0x00,0x00,0x3b,0x95,0xc8,0x06,0x00,0x00,0x73,
  0x40,0x0f,0xb6,0x02,0x42,0x89,0x95,0xc0,0x06,0x00,0x00,0x8b,0x8d,0xd4,0x06,0x00,
  0x00,0xd3,0xe0,0x83,0xc1,0x08,0x03,0x85,0xd0,0x06,0x00,0x00,0x3b,0xcf,0x7c,0x81,
  0x8b,0xe8,0x85,0xc9,0x0f,0x89,0x2f,0xfd,0xff,0xff,0x8b,0x54,0x24,0x24,0x89,0x8a,
  0xd4,0x06,0x00,0x00,0x89,0xaa,0xd0,0x06,0x00,0x00,0x33,0xed,0xe9,0x3e,0xfd,0xff,
  0xff,0x33,0xd2,0x8b,0x4d,0x00,0xe8,0x07,0x00,0x73,0xbc,0x85,0xc0,0x7f,0x14,0xc7,
  0x85,0x90,0x00,0x00,0x00,0x01,0x00,0x00,0x00,0x33,0xc0,0x8b,0x8d,0xd4,0x06,0x00,
  0x00,0xeb,0xae,0x8b,0xcd,0x50,0x8b,0x55,0x00,0xe8,0x07,0x00,0x71,0xac,0x8b,0x95,
  0xc0,0x06,0x00,0x00,0xeb,0x8b,0xff,0x74,0x24,0x38,0xff,0x74,0x24,0x38,0x55,0x8b,
  0xce,0x8b,0x54,0x24,0x38,0xe8,0x07,0x00,0xa8,0x4c,0x8b,0x4c,0x24,0x30,0x8b,0x54,
  0x24,0x28,0x01,0x14,0x8d,0x00,0x03,0x95,0xe0,0xe9,0xdb,0xfe,0xff,0xff,0x33,0xed,
  0xe9,0xda,0xfc,0xff,0xff,0xbd,0x01,0x00,0x00,0x00,0xe9,0xcb,0xfd,0xff,0xff,0x90,
  0x56,0x57,0x53,0x55,0x83,0xec,0x28,0x8b,0xf9,0x8b,0x4c,0x24,0x44,0x8b,0x5c,0x24,
  0x3c,0x85,0xc9,0x74,0x13,0x8b,0xc3,0x2b,0x1a,0x89,0x02,0x83,0xf9,0x01,0x7e,0x08,
  0x8b,0xc3,0x2b,0x5a,0x04,0x89,0x42,0x04,0x33,0xc0,0x85,0xdb,0x0f,0xb6,0x6a,0x08,
  0x8d,0x72,0x0c,0x0f,0x97,0xc0,0x89,0x34,0x24,0x8d,0x0c,0x68,0x83,0xe1,0x03,0x88,
  0x4a,0x08,0x0f,0xb7,0x04,0x6e,0x0f,0xb7,0x77,0x06,0x0f,0xaf,0xf0,0x85,0xdb,0x0f,
  0x85,0x89,0x00,0x00,0x00,0x8b,0xc8,0xf7,0xd9,0x81,0xc1,0xff,0xff,0x00,0x00,0xc1,
  0xe9,0x06,0x03,0xc1,0x8b,0x0c,0x24,0x66,0x89,0x04,0x69,0x89,0x77,0x04,0x81,0xfe,
  0x00,0x00,0x00,0x01,0x0f,0x83,0x3f,0x01,0x00,0x00,0x8b,0x6f,0x08,0x8b,0x47,0x14,
  0x89,0x54,0x24,0x04,0xc1,0xe8,0x18,0x88,0x45,0x00,0x45,0x3b,0x6f,0x10,0x72,0x2f,
  0x8b,0x47,0x0c,0x2b,0xe8,0x75,0x04,0x33,0xc9,0xeb,0x04,0x0f,0xbd,0xcd,0x41,0x83,
  0xc1,0x1e,0xbe,0x01,0x00,0x00,0x00,0xd3,0xe6,0x03,0xf5,0x56,0x50,0xe8,0x07,0x02,
  0x43,0x32,0x83,0xc4,0x08,0x03,0xf0,0x03,0xe8,0x89,0x47,0x0c,0x89,0x77,0x10,0x8b,
  0x77,0x04,0xc1,0xe6,0x08,0x8b,0x47,0x14,0xc1,0xe0,0x08,0x89,0x47,0x14,0x89,0x77,
  0x04,0x81,0xfe,0x00,0x00,0x00,0x01,0x72,0xab,0xe9,0xd4,0x00,0x00,0x00,0x8b,0xc8,
  0xc1,0xe9,0x06,0x2b,0xc1,0x8b,0x0c,0x24,0x66,0x89,0x04,0x69,0x8b,0x47,0x14,0x8d,
  0x2c,0x06,0xf7,0xde,0x03,0x77,0x04,0x89,0x6f,0x14,0x89,0x77,0x04,0x3b,0xc5,0x76,
  0x4a,0x8b,0x77,0x08,0x4e,0x8b,0xee,0x0f,0xb6,0x06,0x3d,0xff,0x00,0x00,0x00,0x75,
  0x34,0x89,0x54,0x24,0x04,0x33,0xc9,0x41,0x8d,0x14,0x09,0xf7,0xda,0x03,0xd5,0x0f,
  0xb6,0x42,0x01,0x8d,0x72,0x01,0xc6,0x42,0x02,0x00,0x3d,0xff,0x00,0x00,0x00,0x75,
  0x10,0x0f,0xb6,0x02,0x8b,0xf2,0xc6,0x42,0x01,0x00,0x3d,0xff,0x00,0x00,0x00,0x74,
  0xd6,0x8b,0x54,0x24,0x04,0x40,0x88,0x06,0x8b,0x77,0x04,0x81,0xfe,0x00,0x00,0x00,
  0x01,0x73,0x66,0x8b,0x6f,0x08,0x8b,0x47,0x14,0x89,0x54,0x24,0x04,0xc1,0xe8,0x18,
  0x88,0x45,0x00,0x45,0x3b,0x6f,0x10,0x72,0x2f,0x8b,0x47,0x0c,0x2b,0xe8,0x75,0x04,
  0x33,0xc9,0xeb,0x04,0x0f,0xbd,0xcd,0x41,0x83,0xc1,0x1e,0xbe,0x01,0x00,0x00,0x00,
  0xd3,0xe6,0x03,0xf5,0x56,0x50,0xe8,0x07,0x02,0x43,0x32,0x83,0xc4,0x08,0x03,0xf0,
  0x03,0xe8,0x89,0x47,0x0c,0x89,0x77,0x10,0x8b,0x77,0x04,0xc1,0xe6,0x08,0x8b,0x47,
  0x14,0xc1,0xe0,0x08,0x89,0x47,0x14,0x89,0x77,0x04,0x81,0xfe,0x00,0x00,0x00,0x01,
  0x72,0xab,0x8b,0x54,0x24,0x04,0x89,0x6f,0x08,0x85,0xdb,0x0f,0x84,0x3f,0x04,0x00,
  0x00,0x75,0x04,0x33,0xc0,0xeb,0x04,0x0f,0xbd,0xc3,0x40,0x0f,0xb6,0x4a,0x0a,0xc1,
  0xe1,0x04,0xc7,0x04,0x24,0x00,0x00,0x00,0x00,0x89,0x54,0x24,0x04,0x89,0x44,0x24,
  0x08,0x89,0x5c,0x24,0x1c,0x8d,0x6c,0x11,0x0c,0xb9,0x01,0x00,0x00,0x00,0x8b,0xdf,
  0x89,0x6c,0x24,0x10,0x8d,0x68,0xff,0x89,0x6c,0x24,0x18,0x8b,0xf9,0x8b,0x14,0x24,
  0x8b,0xca,0x8b,0x44,0x24,0x10,0xf7,0xd9,0x83,0xc1,0x02,0x8b,0x6c,0x24,0x18,0xc1,
  0xee,0x10,0xd3,0xed,0x0f,0xb7,0x44,0x78,0x28,0x0f,0xaf,0xf0,0x83,0xe5,0x01,0x0f,
  0x85,0x8f,0x00,0x00,0x00,0x8b,0xc8,0xf7,0xd9,0x81,0xc1,0xff,0xff,0x00,0x00,0xc1,
  0xe9,0x06,0x03,0xc1,0x8b,0x4c,0x24,0x10,0x66,0x89,0x44,0x79,0x28,0x89,0x73,0x04,
  0x81,0xfe,0x00,0x00,0x00,0x01,0x0f,0x83,0x5a,0x01,0x00,0x00,0x8b,0x43,0x14,0x8b,
  0x4b,0x08,0x8b,0xf1,0x89,0x14,0x24,0x89,0x7c,0x24,0x0c,0xc1,0xe8,0x18,0x88,0x06,
  0x46,0x3b,0x73,0x10,0x72,0x2f,0x8b,0x43,0x0c,0x2b,0xf0,0x75,0x04,0x33,0xc9,0xeb,
  0x04,0x0f,0xbd,0xce,0x41,0x83,0xc1,0x1e,0xbf,0x01,0x00,0x00,0x00,0xd3,0xe7,0x03,
  0xfe,0x57,0x50,0xe8,0x07,0x02,0x43,0x32,0x83,0xc4,0x08,0x03,0xf8,0x03,0xf0,0x89,
  0x43,0x0c,0x89,0x7b,0x10,0x8b,0x53,0x04,0xc1,0xe2,0x08,0x8b,0x43,0x14,0xc1,0xe0,
  0x08,0x89,0x43,0x14,0x89,0x53,0x04,0x81,0xfa,0x00,0x00,0x00,0x01,0x72,0xac,0xe9,
  0xe4,0x00,0x00,0x00,0x8b,0xc8,0xc1,0xe9,0x06,0x2b,0xc1,0x8b,0x4c,0x24,0x10,0x66,
  0x89,0x44,0x79,0x28,0x8b,0x43,0x14,0x8d,0x0c,0x06,0xf7,0xde,0x03,0x73,0x04,0x89,
  0x4b,0x14,0x89,0x73,0x04,0x3b,0xc1,0x76,0x54,0x8b,0x4b,0x08,0x49,0x8b,0xf1,0x0f,
  0xb6,0x01,0x3d,0xff,0x00,0x00,0x00,0x75,0x3e,0x89,0x7c,0x24,0x0c,0x33,0xc9,0x89,
  0x5c,0x24,0x14,0x41,0x8d,0x3c,0x09,0xf7,0xdf,0x03,0xfe,0x0f,0xb6,0x47,0x01,0x8d,
  0x5f,0x01,0xc6,0x47,0x02,0x00,0x3d,0xff,0x00,0x00,0x00,0x75,0x10,0x0f,0xb6,0x07,
  0x8b,0xdf,0xc6,0x47,0x01,0x00,0x3d,0xff,0x00,0x00,0x00,0x74,0xd6,0x8b,0xcb,0x8b,
  0x7c,0x24,0x0c,0x8b,0x5c,0x24,0x14,0x40,0x88,0x01,0x8b,0x73,0x04,0x81,0xfe,0x00,
  0x00,0x00,0x01,0x73,0x71,0x8b,0x43,0x14,0x8b,0x4b,0x08,0x8b,0xf1,0x89,0x14,0x24,
  0x89,0x7c,0x24,0x0c,0xc1,0xe8,0x18,0x88,0x06,0x46,0x3b,0x73,0x10,0x72,0x2f,0x8b,
  0x43,0x0c,0x2b,0xf0,0x75,0x04,0x33,0xc9,0xeb,0x04,0x0f,0xbd,0xce,0x41,0x83,0xc1,
  0x1e,0xbf,0x01,0x00,0x00,0x00,0xd3,0xe7,0x03,0xfe,0x57,0x50,0xe8,0x07,0x02,0x43,
  0x32,0x83,0xc4,0x08,0x03,0xf8,0x03,0xf0,0x89,0x43,0x0c,0x89,0x7b,0x10,0x8b,0x53,
  0x04,0xc1,0xe2,0x08,0x8b,0x43,0x14,0xc1,0xe0,0x08,0x89,0x43,0x14,0x89,0x53,0x04,
  0x81,0xfa,0x00,0x00,0x00,0x01,0x72,0xac,0x8b,0xce,0x8b,0xf2,0x8b,0x14,0x24,0x8b,
  0x7c,0x24,0x0c,0x89,0x4b,0x08,0x03,0xff,0x42,0x0b,0xfd,0x83,0xfa,0x03,0x0f,0x82,
  0x4c,0xfe,0xff,0xff,0x8b,0x44,0x24,0x08,0x8b,0xc8,0xc1,0xe1,0x05,0x8b,0xfb,0x83,
  0x7c,0x24,0x40,0x00,0x8b,0x54,0x24,0x04,0x8b,0x5c,0x24,0x1c,0x8d,0xac,0x11,0x14,
  0x08,0x00,0x00,0x8d,0x8a,0x34,0x08,0x00,0x00,0x0f,0x45,0xcd,0x89,0x4c,0x24,0x24,
  0x8b,0xc8,0x83,0xc1,0xfe,0x0f,0x88,0x17,0x02,0x00,0x00,0xc7,0x04,0x24,0x00,0x00,
  0x00,0x00,0x8d,0x68,0xff,0x89,0x54,0x24,0x04,0x89,0x6c,0x24,0x20,0xbd,0x01,0x00,
  0x00,0x00,0x89,0x44,0x24,0x08,0x89,0x5c,0x24,0x1c,0x89,0x7c,0x24,0x14,0x8b,0x14,
  0x24,0x8b,0x44,0x24,0x24,0x8b,0x5c,0x24,0x1c,0xc1,0xee,0x10,0xd3,0xeb,0x0f,0xb7,
  0x04,0x68,0x0f,0xaf,0xf0,0x83,0xe3,0x01,0x0f,0x85,0x98,0x00,0x00,0x00,0x8b,0xf8,
  0xf7,0xdf,0x81,0xc7,0xff,0xff,0x00,0x00,0xc1,0xef,0x06,0x03,0xc7,0x8b,0x7c,0x24,
  0x24,0x66,0x89,0x04,0x6f,0x8b,0x44,0x24,0x14,0x89,0x70,0x04,0x81,0xfe,0x00,0x00,
  0x00,0x01,0x0f,0x83,0x86,0x01,0x00,0x00,0x8b,0xf0,0x89,0x14,0x24,0x89,0x6c,0x24,
  0x0c,0x8b,0xee,0x8b,0x46,0x14,0x8b,0x7e,0x08,0x89,0x4c,0x24,0x10,0xc1,0xe8,0x18,
  0x88,0x07,0x47,0x3b,0x7d,0x10,0x72,0x2f,0x8b,0x45,0x0c,0x2b,0xf8,0x75,0x04,0x33,
  0xc9,0xeb,0x04,0x0f,0xbd,0xcf,0x41,0x83,0xc1,0x1e,0xbe,0x01,0x00,0x00,0x00,0xd3,
  0xe6,0x03,0xf7,0x56,0x50,0xe8,0x07,0x02,0x43,0x32,0x83,0xc4,0x08,0x03,0xf0,0x03,
  0xf8,0x89,0x45,0x0c,0x89,0x75,0x10,0x8b,0x75,0x04,0xc1,0xe6,0x08,0x8b,0x45,0x14,
  0xc1,0xe0,0x08,0x89,0x45,0x14,0x89,0x75,0x04,0x81,0xfe,0x00,0x00,0x00,0x01,0x72,
  0xac,0xe9,0x04,0x01,0x00,0x00,0x8b,0x7c,0x24,0x24,0x89,0x5c,0x24,0x18,0x8b,0xd8,
  0xc1,0xeb,0x06,0x2b,0xc3,0x66,0x89,0x04,0x6f,0x8b,0x7c,0x24,0x14,0x8b,0x47,0x14,
  0x8d,0x1c,0x06,0xf7,0xde,0x03,0x77,0x04,0x89,0x5f,0x14,0x89,0x77,0x04,0x3b,0xc3,
  0x8b,0x5c,0x24,0x18,0x76,0x5b,0x8b,0xf7,0x8b,0x76,0x08,0x4e,0x8b,0xfe,0x0f,0xb6,
  0x06,0x3d,0xff,0x00,0x00,0x00,0x75,0x3f,0x89,0x6c,0x24,0x0c,0x33,0xf6,0x89,0x4c,
  0x24,0x10,0x46,0x8d,0x2c,0x36,0xf7,0xdd,0x03,0xef,0x0f,0xb6,0x45,0x01,0x8d,0x4d,
  0x01,0xc6,0x45,0x02,0x00,0x3d,0xff,0x00,0x00,0x00,0x75,0x11,0x0f,0xb6,0x45,0x00,
  0x8b,0xcd,0xc6,0x45,0x01,0x00,0x3d,0xff,0x00,0x00,0x00,0x74,0xd5,0x8b,0xf1,0x8b,
  0x6c,0x24,0x0c,0x8b,0x4c,0x24,0x10,0x40,0x88,0x06,0x8b,0x74,0x24,0x14,0x8b,0x76,
  0x04,0x81,0xfe,0x00,0x00,0x00,0x01,0x0f,0x83,0x81,0x00,0x00,0x00,0x8b,0x44,0x24,
  0x14,0x89,0x6c,0x24,0x0c,0x89,0x14,0x24,0x8b,0x78,0x08,0x8b,0x40,0x14,0x89,0x4c,
  0x24,0x10,0x8b,0x6c,0x24,0x14,0xc1,0xe8,0x18,0x88,0x07,0x47,0x3b,0x7d,0x10,0x72,
  0x2f,0x8b,0x45,0x0c,0x2b,0xf8,0x75,0x04,0x33,0xc9,0xeb,0x04,0x0f,0xbd,0xcf,0x41,
  0x83,0xc1,0x1e,0xbe,0x01,0x00,0x00,0x00,0xd3,0xe6,0x03,0xf7,0x56,0x50,0xe8,0x07,
  0x02,0x43,0x32,0x83,0xc4,0x08,0x03,0xf0,0x03,0xf8,0x89,0x45,0x0c,0x89,0x75,0x10,
  0x8b,0x75,0x04,0xc1,0xe6,0x08,0x8b,0x45,0x14,0xc1,0xe0,0x08,0x89,0x45,0x14,0x89,
  0x75,0x04,0x81,0xfe,0x00,0x00,0x00,0x01,0x72,0xac,0x89,0x6c,0x24,0x14,0x8b,0xc5,
  0x8b,0x14,0x24,0x8b,0x6c,0x24,0x0c,0x8b,0x4c,0x24,0x10,0x89,0x78,0x08,0x42,0x8d,
  0x04,0x6b,0x83,0xe0,0x0f,0x83,0xfd,0x08,0x0f,0x42,0xe8,0x49,0x3b,0x54,0x24,0x20,
  0x0f,0x82,0x1b,0xfe,0xff,0xff,0x8b,0x44,0x24,0x08,0x8b,0x54,0x24,0x04,0xeb,0x02,
  0x33,0xc0,0x88,0x42,0x0a,0x33,0xc0,0x83,0xc4,0x28,0x5d,0x5b,0x5f,0x5e,0xc2,0x0c,
  0x00,0x0f,0x1f,0x84,0x00,0x00,0x00,0x00,0x00,0x0f,0x1f,0x80,0x00,0x00,0x00,0x00,
  0x56,0x57,0x53,0x55,0x83,0xec,0x10,0x8b,0xd9,0x8b,0xf2,0x85,0xdb,0x0f,0x84,0x8a,
  0x00,0x00,0x00,0x8b,0x44,0x24,0x24,0x8b,0x88,0xd4,0x06,0x00,0x00,0x85,0xc9,0x0f,
  0x8c,0xa3,0x03,0x00,0x00,0x3b,0x4c,0x24,0x28,0x7d,0x34,0x83,0x7c,0x24,0x28,0x18,
  0x0f,0x8e,0x79,0x02,0x00,0x00,0xba,0x18,0x00,0x00,0x00,0x8b,0x4c,0x24,0x24,0xe8,
  0x07,0x00,0x80,0xcc,0x8b,0xf8,0x8b,0x44,0x24,0x28,0x8b,0x4c,0x24,0x24,0x8d,0x50,
  0xe8,0xe8,0x07,0x00,0x7f,0x7c,0x8b,0xe8,0xc1,0xe5,0x18,0x03,0xef,0xeb,0x30,0x8b,
  0x44,0x24,0x24,0x8b,0xa8,0xd0,0x06,0x00,0x00,0x8b,0x54,0x24,0x24,0x8b,0xc5,0x8b,
  0x7c,0x24,0x28,0x2b,0xcf,0x89,0x8a,0xd4,0x06,0x00,0x00,0x8b,0xcf,0xd3,0xe8,0x89,
  0x82,0xd0,0x06,0x00,0x00,0xba,0x01,0x00,0x00,0x00,0xd3,0xe2,0x4a,0x23,0xea,0x83,
  0xfb,0x02,0x0f,0x84,0x08,0x03,0x00,0x00,0xe9,0x06,0x02,0x00,0x00,0x8b,0x44,0x24,
  0x2c,0x8b,0xce,0x0f,0xb6,0x58,0x08,0x8d,0x54,0x58,0x0c,0xe8,0x07,0x00,0x28,0xbc,
  0x8b,0xe8,0x8b,0x54,0x24,0x2c,0x8d,0x44,0x5d,0x00,0x83,0xe0,0x03,0x88,0x42,0x08,
  0x85,0xed,0x0f,0x84,0xd5,0x00,0x00,0x00,0x8b,0x44,0x24,0x2c,0x8b,0xce,0x0f,0xb6,
  0x58,0x0a,0xc1,0xe3,0x06,0x8d,0x5c,0x03,0x34,0x8d,0x53,0x02,0xe8,0x07,0x00,0x28,
  0xbc,0x8b,0xce,0x8d,0x7c,0x00,0x04,0x8d,0x14,0x3b,0xe8,0x07,0x00,0x28,0xbc,0x8b,
  0xe8,0x03,0xef,0x8b,0xce,0x8d,0x14,0x6b,0xe8,0x07,0x00,0x28,0xbc,0x8b,0xce,0x8d,
  0x2c,0x68,0x8d,0x14,0x6b,0xe8,0x07,0x00,0x28,0xbc,0x8b,0xce,0x8d,0x2c,0x68,0x8d,
  0x14,0x6b,0xe8,0x07,0x00,0x28,0xbc,0x8d,0x1c,0x68,0x8b,0x6c,0x24,0x2c,0x83,0xe3,
  0x1f,0x8b,0xd3,0xc1,0xe2,0x07,0x8d,0xbd,0x34,0x08,0x00,0x00,0x83,0x7c,0x24,0x34,
  0x00,0x8d,0x43,0x01,0x89,0x04,0x24,0x8d,0x94,0x2a,0x34,0x08,0x00,0x00,0x0f,0x45,
  0xfa,0x4b,0x0f,0x8c,0x87,0x02,0x00,0x00,0x8b,0xce,0x8d,0x57,0x02,0xe8,0x07,0x00,
  0x28,0xbc,0xba,0x02,0x00,0x00,0x00,0x8d,0x68,0x02,0x8b,0xc8,0x8b,0xc7,0x8b,0xfe,
  0xeb,0x08,0x8b,0x54,0x24,0x08,0x8b,0x44,0x24,0x04,0x03,0xd1,0x8b,0xf2,0x83,0xe6,
  0x3f,0x89,0x44,0x24,0x04,0x8d,0x14,0x36,0x89,0x54,0x24,0x08,0x8d,0x0c,0x70,0x89,
  0x4c,0x24,0x0c,0x4b,0x78,0x1e,0x8b,0xcf,0x8b,0x54,0x24,0x0c,0xe8,0x07,0x00,0x28,
  0xbc,0x8b,0xc8,0x8d,0x2c,0x69,0x83,0xfe,0x20,0x73,0xe8,0xeb,0xc5,0x33,0xc0,0x89,
  0x04,0x24,0x33,0xed,0x8b,0x4c,0x24,0x2c,0x8b,0x14,0x24,0x83,0x7c,0x24,0x38,0x00,
  0x88,0x51,0x0a,0x74,0x19,0x83,0x7c,0x24,0x38,0x01,0x7e,0x0a,0x8b,0x54,0x24,0x2c,
  0x03,0x6a,0x04,0x89,0x6a,0x04,0x8b,0x54,0x24,0x2c,0x03,0x2a,0x89,0x2a,0x8b,0x54,
  0x24,0x24,0x8b,0xdd,0x8b,0x7c,0x24,0x28,0x8b,0x72,0x6c,0x8b,0xce,0x23,0x1c,0xbd,
  0x00,0x02,0xd1,0xa0,0x8b,0x42,0x74,0x8b,0xd3,0xd3,0xe2,0x03,0xfe,0x08,0x10,0x83,
  0xff,0x08,0x0f,0x8e,0xa4,0x00,0x00,0x00,0x8b,0x7c,0x24,0x24,0x8b,0x57,0x74,0x42,
  0x89,0x57,0x74,0x3b,0x57,0x78,0x72,0x28,0x8b,0x54,0x24,0x24,0x80,0xba,0xb5,0x06,
  0x00,0x00,0x00,0x0f,0x85,0x8a,0x00,0x00,0x00,0x8b,0x4c,0x24,0x24,0xe8,0x07,0x00,
  0x26,0x8c,0x85,0xc0,0x74,0x7d,0x8b,0x54,0x24,0x24,0x01,0x42,0x78,0x8b,0x52,0x74,
  0x8b,0x7c,0x24,0x28,0x8d,0x7c,0x37,0xf8,0x8b,0x74,0x24,0x24,0x8b,0x4e,0x6c,0xf7,
  0xd9,0x83,0xc1,0x08,0xff,0x8e,0xb8,0x06,0x00,0x00,0xff,0x8e,0xdc,0x06,0x00,0x00,
  0xd3,0xeb,0x88,0x1a,0x83,0xff,0x08,0x7e,0x43,0x8b,0x74,0x24,0x24,0x8b,0x56,0x74,
  0x42,0x89,0x56,0x74,0x3b,0x56,0x78,0x72,0x1a,0x80,0xbe,0xb5,0x06,0x00,0x00,0x00,
  0x75,0x31,0x8b,0xce,0xe8,0x07,0x00,0x26,0x8c,0x85,0xc0,0x74,0x26,0x01,0x46,0x78,
  0x8b,0x56,0x74,0x83,0xc7,0xf8,0xff,0x8e,0xb8,0x06,0x00,0x00,0xff,0x8e,0xdc,0x06,
  0x00,0x00,0xc1,0xeb,0x08,0x88,0x1a,0x83,0xff,0x08,0x7f,0xc1,0x8b,0x54,0x24,0x24,
  0x89,0x7a,0x6c,0x8b,0xc5,0x83,0xc4,0x10,0x5d,0x5b,0x5f,0x5e,0xc2,0x18,0x00,0x85,
  0xc9,0x75,0x0e,0x8b,0x44,0x24,0x24,0xc7,0x80,0xd0,0x06,0x00,0x00,0x00,0x00,0x00,
  0x00,0x8b,0x7c,0x24,0x28,0x8b,0x6c,0x24,0x24,0xeb,0x0c,0x89,0x8d,0xd4,0x06,0x00,
  0x00,0x89,0x85,0xd0,0x06,0x00,0x00,0x8b,0x85,0xb8,0x06,0x00,0x00,0x85,0xc0,0x75,
  0x2f,0x80,0xbd,0xb5,0x06,0x00,0x00,0x00,0x75,0x0b,0x8b,0xcd,0xe8,0x07,0x00,0x26,
  0x8c,0x85,0xc0,0x75,0x15,0x8b,0x44,0x24,0x24,0x33,0xed,0xc7,0x80,0xd4,0x06,0x00,
  0x00,0xff,0xff,0xff,0xff,0xe9,0x85,0xfd,0xff,0xff,0x8b,0x85,0xb8,0x06,0x00,0x00,
  0x8b,0x95,0xc0,0x06,0x00,0x00,0x48,0xff,0x85,0xdc,0x06,0x00,0x00,0x89,0x85,0xb8,
  0x06,0x00,0x00,0x3b,0x95,0xc8,0x06,0x00,0x00,0x73,0x40,0x0f,0xb6,0x02,0x42,0x89,
  0x95,0xc0,0x06,0x00,0x00,0x8b,0x8d,0xd4,0x06,0x00,0x00,0xd3,0xe0,0x83,0xc1,0x08,
  0x03,0x85,0xd0,0x06,0x00,0x00,0x3b,0xcf,0x7c,0x81,0x8b,0xe8,0x85,0xc9,0x0f,0x89,
  0x15,0xfd,0xff,0xff,0x8b,0x54,0x24,0x24,0x89,0x8a,0xd4,0x06,0x00,0x00,0x89,0xaa,
  0xd0,0x06,0x00,0x00,0x33,0xed,0xe9,0x24,0xfd,0xff,0xff,0x33,0xd2,0x8b,0x4d,0x00,
  0xe8,0x07,0x00,0x73,0xbc,0x85,0xc0,0x7f,0x14,0xc7,0x85,0x90,0x00,0x00,0x00,0x01,
  0x00,0x00,0x00,0x33,0xc0,0x8b,0x8d,0xd4,0x06,0x00,0x00,0xeb,0xae,0x8b,0xcd,0x50,
  0x8b,0x55,0x00,0xe8,0x07,0x00,0x71,0xac,0x8b,0x95,0xc0,0x06,0x00,0x00,0xeb,0x8b,
  0xff,0x74,0x24,0x38,0xff,0x74,0x24,0x38,0x55,0x8b,0xce,0x8b,0x54,0x24,0x38,0xe8,
  0x07,0x00,0xb2,0x4c,0x8b,0x4c,0x24,0x30,0x8b,0x54,0x24,0x28,0x01,0x14,0x8d,0x00,
  0x03,0x95,0xe0,0xe9,0xdb,0xfe,0xff,0xff,0x33,0xed,0xe9,0xc0,0xfc,0xff,0xff,0xbd,
  0x01,0x00,0x00,0x00,0xe9,0xcb,0xfd,0xff,0xff,0x0f,0x1f,0x80,0x00,0x00,0x00,0x00,
  0x56,0x57,0x53,0x55,0x83,0xec,0x28,0x8b,0xf9,0x8b,0x4c,0x24,0x44,0x8b,0x5c,0x24,
  0x3c,0x85,0xc9,0x74,0x13,0x8b,0xc3,0x2b,0x1a,0x89,0x02,0x83,0xf9,0x01,0x7e,0x08,
  0x8b,0xc3,0x2b,0x5a,0x04,0x89,0x42,0x04,0x33,0xc0,0x85,0xdb,0x0f,0xb6,0x6a,0x08,
  0x8d,0x72,0x0c,0x0f,0x97,0xc0,0x89,0x34,0x24,0x8d,0x0c,0x68,0x83,0xe1,0x03,0x88,
  0x4a,0x08,0x0f,0xb7,0x04,0x6e,0x0f,0xb7,0x77,0x06,0x0f,0xaf,0xf0,0x85,0xdb,0x0f,
  0x85,0x89,0x00,0x00,0x00,0x8b,0xc8,0xf7,0xd9,0x81,0xc1,0xff,0xff,0x00,0x00,0xc1,
  0xe9,0x06,0x03,0xc1,0x8b,0x0c,0x24,0x66,0x89,0x04,0x69,0x89,0x77,0x04,0x81,0xfe,
  0x00,0x00,0x00,0x01,0x0f,0x83,0x3f,0x01,0x00,0x00,0x8b,0x6f,0x08,0x8b,0x47,0x14,
  0x89,0x54,0x24,0x04,0xc1,0xe8,0x18,0x88,0x45,0x00,0x45,0x3b,0x6f,0x10,0x72,0x2f,
  0x8b,0x47,0x0c,0x2b,0xe8,0x75,0x04,0x33,0xc9,0xeb,0x04,0x0f,0xbd,0xcd,0x41,0x83,
  0xc1,0x1e,0xbe,0x01,0x00,0x00,0x00,0xd3,0xe6,0x03,0xf5,0x56,0x50,0xe8,0x07,0x02,
  0x43,0x32,0x83,0xc4,0x08,0x03,0xf0,0x03,0xe8,0x89,0x47,0x0c,0x89,0x77,0x10,0x8b,
  0x77,0x04,0xc1,0xe6,0x08,0x8b,0x47,0x14,0xc1,0xe0,0x08,0x89,0x47,0x14,0x89,0x77,
  0x04,0x81,0xfe,0x00,0x00,0x00,0x01,0x72,0xab,0xe9,0xd4,0x00,0x00,0x00,0x8b,0xc8,
  0xc1,0xe9,0x06,0x2b,0xc1,0x8b,0x0c,0x24,0x66,0x89,0x04,0x69,0x8b,0x47,0x14,0x8d,
  0x2c,0x06,0xf7,0xde,0x03,0x77,0x04,0x89,0x6f,0x14,0x89,0x77,0x04,0x3b,0xc5,0x76,
  0x4a,0x8b,0x77,0x08,0x4e,0x8b,0xee,0x0f,0xb6,0x06,0x3d,0xff,0x00,0x00,0x00,0x75,
  0x34,0x89,0x54,0x24,0x04,0x33,0xc9,0x41,0x8d,0x14,0x09,0xf7,0xda,0x03,0xd5,0x0f,
  0xb6,0x42,0x01,0x8d,0x72,0x01,0xc6,0x42,0x02,0x00,0x3d,0xff,0x00,0x00,0x00,0x75,
  0x10,0x0f,0xb6,0x02,0x8b,0xf2,0xc6,0x42,0x01,0x00,0x3d,0xff,0x00,0x00,0x00,0x74,
  0xd6,0x8b,0x54,0x24,0x04,0x40,0x88,0x06,0x8b,0x77,0x04,0x81,0xfe,0x00,0x00,0x00,
  0x01,0x73,0x66,0x8b,0x6f,0x08,0x8b,0x47,0x14,0x89,0x54,0x24,0x04,0xc1,0xe8,0x18,
  0x88,0x45,0x00,0x45,0x3b,0x6f,0x10,0x72,0x2f,0x8b,0x47,0x0c,0x2b,0xe8,0x75,0x04,
  0x33,0xc9,0xeb,0x04,0x0f,0xbd,0xcd,0x41,0x83,0xc1,0x1e,0xbe,0x01,0x00,0x00,0x00,
  0xd3,0xe6,0x03,0xf5,0x56,0x50,0xe8,0x07,0x02,0x43,0x32,0x83,0xc4,0x08,0x03,0xf0,
  0x03,0xe8,0x89,0x47,0x0c,0x89,0x77,0x10,0x8b,0x77,0x04,0xc1,0xe6,0x08,0x8b,0x47,
  0x14,0xc1,0xe0,0x08,0x89,0x47,0x14,0x89,0x77,0x04,0x81,0xfe,0x00,0x00,0x00,0x01,
  0x72,0xab,0x8b,0x54,0x24,0x04,0x89,0x6f,0x08,0x85,0xdb,0x0f,0x84,0x3f,0x04,0x00,
  0x00,0x75,0x04,0x33,0xc0,0xeb,0x04,0x0f,0xbd,0xc3,0x40,0x0f,0xb6,0x4a,0x0a,0xc1,
  0xe1,0x06,0xc7,0x04,0x24,0x00,0x00,0x00,0x00,0x89,0x54,0x24,0x04,0x89,0x44,0x24,
  0x08,0x89,0x5c,0x24,0x1c,0x8d,0x6c,0x11,0x0c,0xb9,0x01,0x00,0x00,0x00,0x8b,0xdf,
  0x89,0x6c,0x24,0x10,0x8d,0x68,0xff,0x89,0x6c,0x24,0x18,0x8b,0xf9,0x8b,0x14,0x24,
  0x8b,0xca,0x8b,0x44,0x24,0x10,0xf7,0xd9,0x83,0xc1,0x04,0x8b,0x6c,0x24,0x18,0xc1,
  0xee,0x10,0xd3,0xed,0x0f,0xb7,0x44,0x78,0x28,0x0f,0xaf,0xf0,0x83,0xe5,0x01,0x0f,
  0x85,0x8f,0x00,0x00,0x00,0x8b,0xc8,0xf7,0xd9,0x81,0xc1,0xff,0xff,0x00,0x00,0xc1,
  0xe9,0x06,0x03,0xc1,0x8b,0x4c,0x24,0x10,0x66,0x89,0x44,0x79,0x28,0x89,0x73,0x04,
  0x81,0xfe,0x00,0x00,0x00,0x01,0x0f,0x83,0x5a,0x01,0x00,0x00,0x8b,0x43,0x14,0x8b,
  0x4b,0x08,0x8b,0xf1,0x89,0x14,0x24,0x89,0x7c,0x24,0x0c,0xc1,0xe8,0x18,0x88,0x06,
  0x46,0x3b,0x73,0x10,0x72,0x2f,0x8b,0x43,0x0c,0x2b,0xf0,0x75,0x04,0x33,0xc9,0xeb,
  0x04,0x0f,0xbd,0xce,0x41,0x83,0xc1,0x1e,0xbf,0x01,0x00,0x00,0x00,0xd3,0xe7,0x03,
  0xfe,0x57,0x50,0xe8,0x07,0x02,0x43,0x32,0x83,0xc4,0x08,0x03,0xf8,0x03,0xf0,0x89,
  0x43,0x0c,0x89,0x7b,0x10,0x8b,0x53,0x04,0xc1,0xe2,0x08,0x8b,0x43,0x14,0xc1,0xe0,
  0x08,0x89,0x43,0x14,0x89,0x53,0x04,0x81,0xfa,0x00,0x00,0x00,0x01,0x72,0xac,0xe9,
  0xe4,0x00,0x00,0x00,0x8b,0xc8,0xc1,0xe9,0x06,0x2b,0xc1,0x8b,0x4c,0x24,0x10,0x66,
  0x89,0x44,0x79,0x28,0x8b,0x43,0x14,0x8d,0x0c,0x06,0xf7,0xde,0x03,0x73,0x04,0x89,
  0x4b,0x14,0x89,0x73,0x04,0x3b,0xc1,0x76,0x54,0x8b,0x4b,0x08,0x49,0x8b,0xf1,0x0f,
  0xb6,0x01,0x3d,0xff,0x00,0x00,0x00,0x75,0x3e,0x89,0x7c,0x24,0x0c,0x33,0xc9,0x89,
  0x5c,0x24,0x14,0x41,0x8d,0x3c,0x09,0xf7,0xdf,0x03,0xfe,0x0f,0xb6,0x47,0x01,0x8d,
  0x5f,0x01,0xc6,0x47,0x02,0x00,0x3d,0xff,0x00,0x00,0x00,0x75,0x10,0x0f,0xb6,0x07,
  0x8b,0xdf,0xc6,0x47,0x01,0x00,0x3d,0xff,0x00,0x00,0x00,0x74,0xd6,0x8b,0xcb,0x8b,
  0x7c,0x24,0x0c,0x8b,0x5c,0x24,0x14,0x40,0x88,0x01,0x8b,0x73,0x04,0x81,0xfe,0x00,
  0x00,0x00,0x01,0x73,0x71,0x8b,0x43,0x14,0x8b,0x4b,0x08,0x8b,0xf1,0x89,0x14,0x24,
  0x89,0x7c,0x24,0x0c,0xc1,0xe8,0x18,0x88,0x06,0x46,0x3b,0x73,0x10,0x72,0x2f,0x8b,
  0x43,0x0c,0x2b,0xf0,0x75,0x04,0x33,0xc9,0xeb,0x04,0x0f,0xbd,0xce,0x41,0x83,0xc1,
  0x1e,0xbf,0x01,0x00,0x00,0x00,0xd3,0xe7,0x03,0xfe,0x57,0x50,0xe8,0x07,0x02,0x43,
  0x32,0x83,0xc4,0x08,0x03,0xf8,0x03,0xf0,0x89,0x43,0x0c,0x89,0x7b,0x10,0x8b,0x53,
  0x04,0xc1,0xe2,0x08,0x8b,0x43,0x14,0xc1,0xe0,0x08,0x89,0x43,0x14,0x89,0x53,0x04,
  0x81,0xfa,0x00,0x00,0x00,0x01,0x72,0xac,0x8b,0xce,0x8b,0xf2,0x8b,0x14,0x24,0x8b,
  0x7c,0x24,0x0c,0x89,0x4b,0x08,0x03,0xff,0x42,0x0b,0xfd,0x83,0xfa,0x05,0x0f,0x82,
  0x4c,0xfe,0xff,0xff,0x8b,0x44,0x24,0x08,0x8b,0xc8,0xc1,0xe1,0x07,0x8b,0xfb,0x83,
  0x7c,0x24,0x40,0x00,0x8b,0x54,0x24,0x04,0x8b,0x5c,0x24,0x1c,0x8d,0xac,0x11,0xb4,
  0x07,0x00,0x00,0x8d,0x8a,0x34,0x08,0x00,0x00,0x0f,0x45,0xcd,0x89,0x4c,0x24,0x24,
  0x8b,0xc8,0x83,0xc1,0xfe,0x0f,0x88,0x17,0x02,0x00,0x00,0xc7,0x04,0x24,0x00,0x00,
  0x00,0x00,0x8d,0x68,0xff,0x89,0x54,0x24,0x04,0x89,0x6c,0x24,0x20,0xbd,0x01,0x00,
  0x00,0x00,0x89,0x44,0x24,0x08,0x89,0x5c,0x24,0x1c,0x89,0x7c,0x24,0x14,0x8b,0x14,
  0x24,0x8b,0x44,0x24,0x24,0x8b,0x5c,0x24,0x1c,0xc1,0xee,0x10,0xd3,0xeb,0x0f,0xb7,
  0x04,0x68,0x0f,0xaf,0xf0,0x83,0xe3,0x01,0x0f,0x85,0x98,0x00,0x00,0x00,0x8b,0xf8,
  0xf7,0xdf,0x81,0xc7,0xff,0xff,0x00,0x00,0xc1,0xef,0x06,0x03,0xc7,0x8b,0x7c,0x24,
  0x24,0x66,0x89,0x04,0x6f,0x8b,0x44,0x24,0x14,0x89,0x70,0x04,0x81,0xfe,0x00,0x00,
  0x00,0x01,0x0f,0x83,0x86,0x01,0x00,0x00,0x8b,0xf0,0x89,0x14,0x24,0x89,0x6c,0x24,
  0x0c,0x8b,0xee,0x8b,0x46,0x14,0x8b,0x7e,0x08,0x89,0x4c,0x24,0x10,0xc1,0xe8,0x18,
  0x88,0x07,0x47,0x3b,0x7d,0x10,0x72,0x2f,0x8b,0x45,0x0c,0x2b,0xf8,0x75,0x04,0x33,
  0xc9,0xeb,0x04,0x0f,0xbd,0xcf,0x41,0x83,0xc1,0x1e,0xbe,0x01,0x00,0x00,0x00,0xd3,
  0xe6,0x03,0xf7,0x56,0x50,0xe8,0x07,0x02,0x43,0x32,0x83,0xc4,0x08,0x03,0xf0,0x03,
  0xf8,0x89,0x45,0x0c,0x89,0x75,0x10,0x8b,0x75,0x04,0xc1,0xe6,0x08,0x8b,0x45,0x14,
  0xc1,0xe0,0x08,0x89,0x45,0x14,0x89,0x75,0x04,0x81,0xfe,0x00,0x00,0x00,0x01,0x72,
  0xac,0xe9,0x04,0x01,0x00,0x00,0x8b,0x7c,0x24,0x24,0x89,0x5c,0x24,0x18,0x8b,0xd8,
  0xc1,0xeb,0x06,0x2b,0xc3,0x66,0x89,0x04,0x6f,0x8b,0x7c,0x24,0x14,0x8b,0x47,0x14,
  0x8d,0x1c,0x06,0xf7,0xde,0x03,0x77,0x04,0x89,0x5f,0x14,0x89,0x77,0x04,0x3b,0xc3,
  0x8b,0x5c,0x24,0x18,0x76,0x5b,0x8b,0xf7,0x8b,0x76,0x08,0x4e,0x8b,0xfe,0x0f,0xb6,
  0x06,0x3d,0xff,0x00,0x00,0x00,0x75,0x3f,0x89,0x6c,0x24,0x0c,0x33,0xf6,0x89,0x4c,
  0x24,0x10,0x46,0x8d,0x2c,0x36,0xf7,0xdd,0x03,0xef,0x0f,0xb6,0x45,0x01,0x8d,0x4d,
  0x01,0xc6,0x45,0x02,0x00,0x3d,0xff,0x00,0x00,0x00,0x75,0x11,0x0f,0xb6,0x45,0x00,
  0x8b,0xcd,0xc6,0x45,0x01,0x00,0x3d,0xff,0x00,0x00,0x00,0x74,0xd5,0x8b,0xf1,0x8b,
  0x6c,0x24,0x0c,0x8b,0x4c,0x24,0x10,0x40,0x88,0x06,0x8b,0x74,0x24,0x14,0x8b,0x76,
  0x04,0x81,0xfe,0x00,0x00,0x00,0x01,0x0f,0x83,0x81,0x00,0x00,0x00,0x8b,0x44,0x24,
  0x14,0x89,0x6c,0x24,0x0c,0x89,0x14,0x24,0x8b,0x78,0x08,0x8b,0x40,0x14,0x89,0x4c,
  0x24,0x10,0x8b,0x6c,0x24,0x14,0xc1,0xe8,0x18,0x88,0x07,0x47,0x3b,0x7d,0x10,0x72,
  0x2f,0x8b,0x45,0x0c,0x2b,0xf8,0x75,0x04,0x33,0xc9,0xeb,0x04,0x0f,0xbd,0xcf,0x41,
  0x83,0xc1,0x1e,0xbe,0x01,0x00,0x00,0x00,0xd3,0xe6,0x03,0xf7,0x56,0x50,0xe8,0x07,
  0x02,0x43,0x32,0x83,0xc4,0x08,0x03,0xf0,0x03,0xf8,0x89,0x45,0x0c,0x89,0x75,0x10,
  0x8b,0x75,0x04,0xc1,0xe6,0x08,0x8b,0x45,0x14,0xc1,0xe0,0x08,0x89,0x45,0x14,0x89,
  0x75,0x04,0x81,0xfe,0x00,0x00,0x00,0x01,0x72,0xac,0x89,0x6c,0x24,0x14,0x8b,0xc5,
  0x8b,0x14,0x24,0x8b,0x6c,0x24,0x0c,0x8b,0x4c,0x24,0x10,0x89,0x78,0x08,0x42,0x8d,
  0x04,0x6b,0x83,0xe0,0x3f,0x83,0xfd,0x20,0x0f,0x42,0xe8,0x49,0x3b,0x54,0x24,0x20,
  0x0f,0x82,0x1b,0xfe,0xff,0xff,0x8b,0x44,0x24,0x08,0x8b,0x54,0x24,0x04,0xeb,0x02,
  0x33,0xc0,0x88,0x42,0x0a,0x33,0xc0,0x83,0xc4,0x28,0x5d,0x5b,0x5f,0x5e,0xc2,0x0c,
  0x00,0x0f,0x1f,0x84,0x00,0x00,0x00,0x00,0x00,0x0f,0x1f,0x80,0x00,0x00,0x00,0x00,
  0x56,0x57,0x53,0x55,0x83,0xec,0x14,0x8b,0xe9,0x8b,0xda,0x85,0xed,0x0f,0x84,0x8a,
  0x00,0x00,0x00,0x8b,0x44,0x24,0x28,0x8b,0x88,0xd4,0x06,0x00,0x00,0x85,0xc9,0x0f,
  0x8c,0xc8,0x03,0x00,0x00,0x3b,0x4c,0x24,0x2c,0x7d,0x34,0x83,0x7c,0x24,0x2c,0x18,
  0x0f,0x8e,0xa0,0x02,0x00,0x00,0xba,0x18,0x00,0x00,0x00,0x8b,0x4c,0x24,0x28,0xe8,
  0x07,0x00,0x80,0xcc,0x8b,0xf8,0x8b,0x44,0x24,0x2c,0x8b,0x4c,0x24,0x28,0x8d,0x50,
  0xe8,0xe8,0x07,0x00,0x7f,0x7c,0x8b,0xf0,0xc1,0xe6,0x18,0x03,0xf7,0xeb,0x30,0x8b,
  0x44,0x24,0x28,0x8b,0xb0,0xd0,0x06,0x00,0x00,0x8b,0x54,0x24,0x28,0x8b,0xfe,0x8b,
  0x44,0x24,0x2c,0x2b,0xc8,0x89,0x8a,0xd4,0x06,0x00,0x00,0x8b,0xc8,0xd3,0xef,0x89,
  0xba,0xd0,0x06,0x00,0x00,0xba,0x01,0x00,0x00,0x00,0xd3,0xe2,0x4a,0x23,0xf2,0x83,
  0xfd,0x02,0x0f,0x84,0x2d,0x03,0x00,0x00,0xe9,0x2d,0x02,0x00,0x00,0x8b,0x44,0x24,
  0x30,0x8b,0xcb,0x0f,0xb6,0x70,0x08,0x8d,0x54,0x70,0x0c,0xe8,0x07,0x00,0x28,0xbc,
  0x8b,0xf8,0x8b,0x54,0x24,0x30,0x8d,0x04,0x77,0x83,0xe0,0x03,0x88,0x42,0x08,0x85,
  0xff,0x0f,0x84,0xfb,0x00,0x00,0x00,0x8b,0x44,0x24,0x30,0x8b,0xcb,0x0f,0xb6,0x78,
  0x09,0x8d,0x54,0x78,0x14,0xe8,0x07,0x00,0x28,0xbc,0x8b,0xf0,0x8b,0x6c,0x24,0x30,
  0x8d,0x14,0x7e,0x83,0xe2,0x03,0x8b,0xcb,0x0f,0xb6,0x7d,0x0a,0xc1,0xe7,0x05,0x88,
  0x55,0x09,0x8d,0x6c,0x2f,0x34,0x8d,0x55,0x02,0xe8,0x07,0x00,0x28,0xbc,0x8b,0xcb,
  0x8d,0x7c,0x00,0x04,0x89,0x3c,0x24,0x8d,0x54,0x3d,0x00,0xe8,0x07,0x00,0x28,0xbc,
  0x8b,0xf8,0x03,0x3c,0x24,0x8b,0xcb,0x8d,0x54,0x7d,0x00,0xe8,0x07,0x00,0x28,0xbc,
  0x8b,0xcb,0x8d,0x3c,0x78,0x8d,0x54,0x7d,0x00,0xe8,0x07,0x00,0x28,0xbc,0x8b,0x6c,
  0x24,0x30,0x8d,0x3c,0x78,0x83,0xe7,0x0f,0x8d,0x57,0x01,0x89,0x54,0x24,0x04,0x8b,
  0xd7,0xc1,0xe2,0x05,0x83,0x7c,0x24,0x38,0x00,0x8d,0x84,0x2a,0x34,0x08,0x00,0x00,
  0x8d,0xad,0x34,0x08,0x00,0x00,0x0f,0x45,0xe8,0x4f,0x0f,0x8c,0xa6,0x02,0x00,0x00,
  0x8b,0xcb,0x8d,0x55,0x02,0xe8,0x07,0x00,0x28,0xbc,0x8b,0xc8,0x89,0x34,0x24,0x8d,
  0x41,0x02,0xba,0x02,0x00,0x00,0x00,0x8b,0xf0,0x8b,0xc2,0x8b,0xd5,0x8b,0xeb,0x8b,
  0xde,0xeb,0x08,0x8b,0x44,0x24,0x0c,0x8b,0x54,0x24,0x08,0x03,0xc1,0x8b,0xf0,0x83,
  0xe6,0x0f,0x89,0x54,0x24,0x08,0x8d,0x04,0x36,0x89,0x44,0x24,0x0c,0x8d,0x0c,0x72,
  0x89,0x4c,0x24,0x10,0x4f,0x0f,0x88,0x49,0x02,0x00,0x00,0x8b,0xcd,0x8b,0x54,0x24,
  0x10,0xe8,0x07,0x00,0x28,0xbc,0x8b,0xc8,0x8d,0x1c,0x59,0x83,0xfe,0x08,0x73,0xe4,
  0xeb,0xc1,0x33,0xc0,0x89,0x44,0x24,0x04,0x33,0xf6,0x8b,0x4c,0x24,0x30,0x8b,0x54,
  0x24,0x04,0x83,0x7c,0x24,0x3c,0x00,0x88,0x51,0x0a,0x74,0x19,0x83,0x7c,0x24,0x3c,
  0x01,0x7e,0x0a,0x8b,0x54,0x24,0x30,0x03,0x72,0x04,0x89,0x72,0x04,0x8b,0x54,0x24,
  0x30,0x03,0x32,0x89,0x32,0x8b,0x54,0x24,0x28,0x8b,0xde,0x8b,0x7c,0x24,0x2c,0x8b,
  0x6a,0x6c,0x8b,0xcd,0x23,0x1c,0xbd,0x00,0x02,0xd1,0xa0,0x8b,0x42,0x74,0x8b,0xd3,
  0xd3,0xe2,0x03,0xfd,0x08,0x10,0x83,0xff,0x08,0x0f,0x8e,0xa4,0x00,0x00,0x00,0x8b,
  0x7c,0x24,0x28,0x8b,0x57,0x74,0x42,0x89,0x57,0x74,0x3b,0x57,0x78,0x72,0x28,0x8b,
  0x54,0x24,0x28,0x80,0xba,0xb5,0x06,0x00,0x00,0x00,0x0f,0x85,0x8a,0x00,0x00,0x00,
  0x8b,0x4c,0x24,0x28,0xe8,0x07,0x00,0x26,0x8c,0x85,0xc0,0x74,0x7d,0x8b,0x54,0x24,
  0x28,0x01,0x42,0x78,0x8b,0x52,0x74,0x8b,0x7c,0x24,0x2c,0x8d,0x7c,0x2f,0xf8,0x8b,
  0x6c,0x24,0x28,0x8b,0x4d,0x6c,0xf7,0xd9,0x83,0xc1,0x08,0xff,0x8d,0xb8,0x06,0x00,
  0x00,0xff,0x8d,0xdc,0x06,0x00,0x00,0xd3,0xeb,0x88,0x1a,0x83,0xff,0x08,0x7e,0x43,
  0x8b,0x6c,0x24,0x28,0x8b,0x55,0x74,0x42,0x89,0x55,0x74,0x3b,0x55,0x78,0x72,0x1a,
  0x80,0xbd,0xb5,0x06,0x00,0x00,0x00,0x75,0x31,0x8b,0xcd,0xe8,0x07,0x00,0x26,0x8c,
  0x85,0xc0,0x74,0x26,0x01,0x45,0x78,0x8b,0x55,0x74,0x83,0xc7,0xf8,0xff,0x8d,0xb8,
  0x06,0x00,0x00,0xff,0x8d,0xdc,0x06,0x00,0x00,0xc1,0xeb,0x08,0x88,0x1a,0x83,0xff,
  0x08,0x7f,0xc1,0x8b,0x54,0x24,0x28,0x89,0x7a,0x6c,0x8b,0xc6,0x83,0xc4,0x14,0x5d,
  0x5b,0x5f,0x5e,0xc2,0x18,0x00,0x85,0xc9,0x75,0x0e,0x8b,0x44,0x24,0x28,0xc7,0x80,
  0xd0,0x06,0x00,0x00,0x00,0x00,0x00,0x00,0x8b,0x74,0x24,0x2c,0x8b,0x7c,0x24,0x28,
  0xeb,0x0c,0x89,0x8f,0xd4,0x06,0x00,0x00,0x89,0x87,0xd0,0x06,0x00,0x00,0x8b,0x87,
  0xb8,0x06,0x00,0x00,0x85,0xc0,0x75,0x2f,0x80,0xbf,0xb5,0x06,0x00,0x00,0x00,0x75,
  0x0b,0x8b,0xcf,0xe8,0x07,0x00,0x26,0x8c,0x85,0xc0,0x75,0x15,0x8b,0x44,0x24,0x28,
  0x33,0xf6,0xc7,0x80,0xd4,0x06,0x00,0x00,0xff,0xff,0xff,0xff,0xe9,0x5e,0xfd,0xff,
  0xff,0x8b,0x87,0xb8,0x06,0x00,0x00,0x8b,0x97,0xc0,0x06,0x00,0x00,0x48,0xff,0x87,
  0xdc,0x06,0x00,0x00,0x89,0x87,0xb8,0x06,0x00,0x00,0x3b,0x97,0xc8,0x06,0x00,0x00,
  0x73,0x40,0x0f,0xb6,0x02,0x42,0x89,0x97,0xc0,0x06,0x00,0x00,0x8b,0x8f,0xd4,0x06,
  0x00,0x00,0xd3,0xe0,0x83,0xc1,0x08,0x03,0x87,0xd0,0x06,0x00,0x00,0x3b,0xce,0x7c,
  0x81,0x8b,0xf0,0x85,0xc9,0x0f,0x89,0xee,0xfc,0xff,0xff,0x8b,0x54,0x24,0x28,0x89,
  0x8a,0xd4,0x06,0x00,0x00,0x89,0xb2,0xd0,0x06,0x00,0x00,0x33,0xf6,0xe9,0xfd,0xfc,
  0xff,0xff,0x33,0xd2,0x8b,0x0f,0xe8,0x07,0x00,0x73,0xbc,0x85,0xc0,0x7f,0x14,0xc7,
  0x87,0x90,0x00,0x00,0x00,0x01,0x00,0x00,0x00,0x33,0xc0,0x8b,0x8f,0xd4,0x06,0x00,
  0x00,0xeb,0xaf,0x8b,0xcf,0x50,0x8b,0x17,0xe8,0x07,0x00,0x71,0xac,0x8b,0x97,0xc0,
  0x06,0x00,0x00,0xeb,0x8d,0xff,0x74,0x24,0x3c,0xff,0x74,0x24,0x3c,0x56,0x8b,0xcb,
  0x8b,0x54,0x24,0x3c,0xe8,0x07,0x00,0xbc,0x7c,0x8b,0x4c,0x24,0x34,0x8b,0x54,0x24,
  0x2c,0x01,0x14,0x8d,0x00,0x03,0x95,0xe0,0xe9,0xdd,0xfe,0xff,0xff,0x33,0xf6,0xe9,
  0x9b,0xfc,0xff,0xff,0x8b,0x34,0x24,0x8b,0xc3,0x8b,0xd6,0xf7,0xda,0x33,0xc2,0x03,
  0xf0,0xe9,0xc4,0xfd,0xff,0xff,0xb8,0x01,0x00,0x00,0x00,0xeb,0xec,0x0f,0x1f,0x00,
  0x56,0x57,0x53,0x55,0x83,0xec,0x28,0x8b,0xd9,0x8b,0x4c,0x24,0x44,0x8b,0x74,0x24,
  0x3c,0x85,0xc9,0x74,0x13,0x8b,0xc6,0x2b,0x32,0x89,0x02,0x83,0xf9,0x01,0x7e,0x08,
  0x8b,0xc6,0x2b,0x72,0x04,0x89,0x42,0x04,0x33,0xc0,0x85,0xf6,0x0f,0xb6,0x7a,0x08,
  0x8d,0x6a,0x0c,0x0f,0x97,0xc0,0x8d,0x0c,0x78,0x83,0xe1,0x03,0x88,0x4a,0x08,0x0f,
  0xb7,0x44,0x7d,0x00,0x0f,0xb7,0x4b,0x06,0x0f,0xaf,0xc8,0x89,0x4c,0x24,0x04,0x85,
  0xf6,0x0f,0x85,0x8d,0x00,0x00,0x00,0x8b,0xc8,0xf7,0xd9,0x81,0xc1,0xff,0xff,0x00,
  0x00,0xc1,0xe9,0x06,0x03,0xc1,0x66,0x89,0x44,0x7d,0x00,0x8b,0x44,0x24,0x04,0x89,
  0x43,0x04,0x3d,0x00,0x00,0x00,0x01,0x0f,0x83,0x5b,0x01,0x00,0x00,0x8b,0x43,0x14,
  0x8b,0x7b,0x08,0x89,0x74,0x24,0x1c,0x89,0x54,0x24,0x04,0xc1,0xe8,0x18,0x88,0x07,
  0x47,0x3b,0x7b,0x10,0x72,0x2f,0x8b,0x43,0x0c,0x2b,0xf8,0x75,0x04,0x33,0xc9,0xeb,
  0x04,0x0f,0xbd,0xcf,0x41,0x83,0xc1,0x1e,0xbe,0x01,0x00,0x00,0x00,0xd3,0xe6,0x03,
  0xf7,0x56,0x50,0xe8,0x07,0x02,0x43,0x32,0x83,0xc4,0x08,0x03,0xf0,0x03,0xf8,0x89,
  0x43,0x0c,0x89,0x73,0x10,0x8b,0x53,0x04,0xc1,0xe2,0x08,0x8b,0x43,0x14,0xc1,0xe0,
  0x08,0x89,0x43,0x14,0x89,0x53,0x04,0x81,0xfa,0x00,0x00,0x00,0x01,0x72,0xac,0xe9,
  0xe9,0x00,0x00,0x00,0x8b,0xc8,0xc1,0xe9,0x06,0x2b,0xc1,0x66,0x89,0x44,0x7d,0x00,
  0x89,0x2c,0x24,0x8b,0x7b,0x14,0x8b,0x6c,0x24,0x04,0x8b,0x43,0x04,0x2b,0xc5,0x89,
  0x43,0x04,0x8d,0x4c,0x3d,0x00,0x89,0x4b,0x14,0x8b,0x2c,0x24,0x3b,0xf9,0x76,0x54,
  0x8b,0x4b,0x08,0x49,0x8b,0xf9,0x0f,0xb6,0x01,0x3d,0xff,0x00,0x00,0x00,0x75,0x3e,
  0x89,0x5c,0x24,0x14,0x33,0xc9,0x89,0x54,0x24,0x04,0x41,0x8d,0x1c,0x09,0xf7,0xdb,
  0x03,0xdf,0x0f,0xb6,0x43,0x01,0x8d,0x53,0x01,0xc6,0x43,0x02,0x00,0x3d,0xff,0x00,
  0x00,0x00,0x75,0x10,0x0f,0xb6,0x03,0x8b,0xd3,0xc6,0x43,0x01,0x00,0x3d,0xff,0x00,
  0x00,0x00,0x74,0xd6,0x8b,0xca,0x8b,0x5c,0x24,0x14,0x8b,0x54,0x24,0x04,0x40,0x88,
  0x01,0x8b,0x43,0x04,0x3d,0x00,0x00,0x00,0x01,0x73,0x6d,0x8b,0x43,0x14,0x8b,0x7b,
  0x08,0x89,0x74,0x24,0x1c,0x89,0x54,0x24,0x04,0xc1,0xe8,0x18,0x88,0x07,0x47,0x3b,
  0x7b,0x10,0x72,0x2f,0x8b,0x43,0x0c,0x2b,0xf8,0x75,0x04,0x33,0xc9,0xeb,0x04,0x0f,
  0xbd,0xcf,0x41,0x83,0xc1,0x1e,0xbe,0x01,0x00,0x00,0x00,0xd3,0xe6,0x03,0xf7,0x56,
  0x50,0xe8,0x07,0x02,0x43,0x32,0x83,0xc4,0x08,0x03,0xf0,0x03,0xf8,0x89,0x43,0x0c,
  0x89,0x73,0x10,0x8b,0x53,0x04,0xc1,0xe2,0x08,0x8b,0x43,0x14,0xc1,0xe0,0x08,0x89,
  0x43,0x14,0x89,0x53,0x04,0x81,0xfa,0x00,0x00,0x00,0x01,0x72,0xac,0x8b,0x74,0x24,
  0x1c,0x8b,0x54,0x24,0x04,0x89,0x7b,0x08,0x85,0xf6,0x0f,0x84,0xeb,0x05,0x00,0x00,
  0x78,0x04,0x33,0xff,0xeb,0x07,0xf7,0xde,0xbf,0x01,0x00,0x00,0x00,0x0f,0xb6,0x4a,
  0x09,0x89,0x0c,0x24,0x8d,0x04,0x4f,0x83,0xe0,0x03,0x88,0x42,0x09,0x0f,0xb7,0x44,
  0x4d,0x08,0x0f,0xb7,0x4b,0x06,0x0f,0xaf,0xc8,0x85,0xff,0x0f,0x85,0x8a,0x00,0x00,
  0x00,0x8b,0xf8,0xf7,0xdf,0x81,0xc7,0xff,0xff,0x00,0x00,0xc1,0xef,0x06,0x03,0xc7,
  0x8b,0x3c,0x24,0x66,0x89,0x44,0x7d,0x08,0x89,0x4b,0x04,0x81,0xf9,0x00,0x00,0x00,
  0x01,0x0f,0x83,0x40,0x01,0x00,0x00,0x8b,0x6b,0x08,0x8b,0x43,0x14,0x89,0x54,0x24,
  0x04,0xc1,0xe8,0x18,0x88,0x45,0x00,0x45,0x3b,0x6b,0x10,0x72,0x2f,0x8b,0x43,0x0c,
  0x2b,0xe8,0x75,0x04,0x33,0xc9,0xeb,0x04,0x0f,0xbd,0xcd,0x41,0x83,0xc1,0x1e,0xbf,
  0x01,0x00,0x00,0x00,0xd3,0xe7,0x03,0xfd,0x57,0x50,0xe8,0x07,0x02,0x43,0x32,0x83,
  0xc4,0x08,0x03,0xf8,0x03,0xe8,0x89,0x43,0x0c,0x89,0x7b,0x10,0x8b,0x4b,0x04,0xc1,
  0xe1,0x08,0x8b,0x43,0x14,0xc1,0xe0,0x08,0x89,0x43,0x14,0x89,0x4b,0x04,0x81,0xf9,
  0x00,0x00,0x00,0x01,0x72,0xab,0xe9,0xd5,0x00,0x00,0x00,0x8b,0xf8,0xc1,0xef,0x06,
  0x2b,0xc7,0x8b,0x3c,0x24,0x66,0x89,0x44,0x7d,0x08,0x8b,0x6b,0x14,0x8d,0x04,0x29,
  0xf7,0xd9,0x03,0x4b,0x04,0x89,0x43,0x14,0x89,0x4b,0x04,0x3b,0xe8,0x76,0x4a,0x8b,
  0x7b,0x08,0x4f,0x8b,0xef,0x0f,0xb6,0x07,0x3d,0xff,0x00,0x00,0x00,0x75,0x34,0x89,
  0x54,0x24,0x04,0x33,0xc9,0x41,0x8d,0x14,0x09,0xf7,0xda,0x03,0xd5,0x0f,0xb6,0x42,
  0x01,0x8d,0x7a,0x01,0xc6,0x42,0x02,0x00,0x3d,0xff,0x00,0x00,0x00,0x75,0x10,0x0f,
  0xb6,0x02,0x8b,0xfa,0xc6,0x42,0x01,0x00,0x3d,0xff,0x00,0x00,0x00,0x74,0xd6,0x8b,
  0x54,0x24,0x04,0x40,0x88,0x07,0x8b,0x4b,0x04,0x81,0xf9,0x00,0x00,0x00,0x01,0x73,
  0x66,0x8b,0x6b,0x08,0x8b,0x43,0x14,0x89,0x54,0x24,0x04,0xc1,0xe8,0x18,0x88,0x45,
  0x00,0x45,0x3b,0x6b,0x10,0x72,0x2f,0x8b,0x43,0x0c,0x2b,0xe8,0x75,0x04,0x33,0xc9,
  0xeb,0x04,0x0f,0xbd,0xcd,0x41,0x83,0xc1,0x1e,0xbf,0x01,0x00,0x00,0x00,0xd3,0xe7,
  0x03,0xfd,0x57,0x50,0xe8,0x07,0x02,0x43,0x32,0x83,0xc4,0x08,0x03,0xf8,0x03,0xe8,
  0x89,0x43,0x0c,0x89,0x7b,0x10,0x8b,0x4b,0x04,0xc1,0xe1,0x08,0x8b,0x43,0x14,0xc1,
  0xe0,0x08,0x89,0x43,0x14,0x89,0x4b,0x04,0x81,0xf9,0x00,0x00,0x00,0x01,0x72,0xab,
  0x8b,0x54,0x24,0x04,0x89,0x6b,0x08,0x85,0xf6,0x75,0x04,0x33,0xc0,0xeb,0x04,0x0f,
  0xbd,0xc6,0x40,0x0f,0xb6,0x6a,0x0a,0xc1,0xe5,0x05,0xc7,0x44,0x24,0x0c,0x01,0x00,
  0x00,0x00,0xc7,0x04,0x24,0x00,0x00,0x00,0x00,0x89,0x74,0x24,0x1c,0x89,0x54,0x24,
  0x04,0x8d,0x7c,0x15,0x0c,0x89,0x7c,0x24,0x18,0x8d,0x68,0xff,0x89,0x6c,0x24,0x10,
  0x8b,0xf9,0x89,0x44,0x24,0x08,0x8b,0x14,0x24,0x8b,0x74,0x24,0x0c,0x8b,0xca,0x8b,
  0x44,0x24,0x18,0xf7,0xd9,0x83,0xc1,0x03,0x8b,0x6c,0x24,0x10,0xc1,0xef,0x10,0xd3,
  0xed,0x0f,0xb7,0x44,0x70,0x28,0x0f,0xaf,0xf8,0x83,0xe5,0x01,0x0f,0x85,0x9d,0x00,
  0x00,0x00,0x8b,0xc8,0xf7,0xd9,0x81,0xc1,0xff,0xff,0x00,0x00,0xc1,0xe9,0x06,0x03,
  0xc1,0x8b,0x4c,0x24,0x18,0x66,0x89,0x44,0x71,0x28,0x89,0x7b,0x04,0x81,0xff,0x00,
  0x00,0x00,0x01,0x0f,0x83,0x6a,0x01,0x00,0x00,0x8b,0x43,0x14,0x8b,0x4b,0x08,0x8b,
  0xf9,0x89,0x14,0x24,0x89,0x74,0x24,0x0c,0xc1,0xe8,0x18,0x88,0x07,0x47,0x3b,0x7b,
  0x10,0x72,0x2f,0x8b,0x43,0x0c,0x2b,0xf8,0x75,0x04,0x33,0xc9,0xeb,0x04,0x0f,0xbd,
  0xcf,0x41,0x83,0xc1,0x1e,0xbe,0x01,0x00,0x00,0x00,0xd3,0xe6,0x03,0xf7,0x56,0x50,
  0xe8,0x07,0x02,0x43,0x32,0x83,0xc4,0x08,0x03,0xf0,0x03,0xf8,0x89,0x43,0x0c,0x89,
  0x73,0x10,0x8b,0x53,0x04,0xc1,0xe2,0x08,0x8b,0x43,0x14,0xc1,0xe0,0x08,0x89,0x43,
  0x14,0x89,0x53,0x04,0x81,0xfa,0x00,0x00,0x00,0x01,0x72,0xac,0x8b,0xcf,0x8b,0xfa,
  0x8b,0x14,0x24,0x8b,0x74,0x24,0x0c,0x89,0x4b,0x08,0xe9,0xf4,0x00,0x00,0x00,0x8b,
  0xc8,0xc1,0xe9,0x06,0x2b,0xc1,0x8b,0x4c,0x24,0x18,0x66,0x89,0x44,0x71,0x28,0x8b,
  0x43,0x14,0x8d,0x0c,0x07,0xf7,0xdf,0x03,0x7b,0x04,0x89,0x4b,0x14,0x89,0x7b,0x04,
  0x3b,0xc1,0x76,0x54,0x8b,0x4b,0x08,0x49,0x8b,0xf9,0x0f,0xb6,0x01,0x3d,0xff,0x00,
  0x00,0x00,0x75,0x3e,0x89,0x74,0x24,0x0c,0x33,0xc9,0x89,0x5c,0x24,0x14,0x41,0x8d,
  0x34,0x09,0xf7,0xde,0x03,0xf7,0x0f,0xb6,0x46,0x01,0x8d,0x5e,0x01,0xc6,0x46,0x02,
  0x00,0x3d,0xff,0x00,0x00,0x00,0x75,0x10,0x0f,0xb6,0x06,0x8b,0xde,0xc6,0x46,0x01,
  0x00,0x3d,0xff,0x00,0x00,0x00,0x74,0xd6,0x8b,0xcb,0x8b,0x74,0x24,0x0c,0x8b,0x5c,
  0x24,0x14,0x40,0x88,0x01,0x8b,0x7b,0x04,0x81,0xff,0x00,0x00,0x00,0x01,0x73,0x73,
  0x8b,0x43,0x14,0x8b,0x4b,0x08,0x8b,0xf9,0x89,0x14,0x24,0x89,0x74,0x24,0x0c,0xc1,
  0xe8,0x18,0x88,0x07,0x47,0x3b,0x7b,0x10,0x72,0x2f,0x8b,0x43,0x0c,0x2b,0xf8,0x75,
  0x04,0x33,0xc9,0xeb,0x04,0x0f,0xbd,0xcf,0x41,0x83,0xc1,0x1e,0xbe,0x01,0x00,0x00,
  0x00,0xd3,0xe6,0x03,0xf7,0x56,0x50,0xe8,0x07,0x02,0x43,0x32,0x83,0xc4,0x08,0x03,
  0xf0,0x03,0xf8,0x89,0x43,0x0c,0x89,0x73,0x10,0x8b,0x4b,0x04,0xc1,0xe1,0x08,0x8b,
  0x43,0x14,0xc1,0xe0,0x08,0x89,0x43,0x14,0x89,0x4b,0x04,0x81,0xf9,0x00,0x00,0x00,
  0x01,0x72,0xac,0x8b,0xc1,0x8b,0xcf,0x8b,0x14,0x24,0x8b,0xf8,0x8b,0x74,0x24,0x0c,
  0x89,0x4b,0x08,0x03,0xf6,0x42,0x0b,0xf5,0x83,0xfa,0x04,0x0f,0x82,0x3c,0xfe,0xff,
  0xff,0x8b,0x44,0x24,0x08,0x8b,0xe8,0xc1,0xe5,0x05,0x8b,0xcf,0x83,0x7c,0x24,0x40,
  0x00,0x8b,0x54,0x24,0x04,0x8d,0xba,0x34,0x08,0x00,0x00,0x8b,0x74,0x24,0x1c,0x8d,
  0xac,0x15,0x14,0x08,0x00,0x00,0x0f,0x45,0xfd,0x89,0x7c,0x24,0x24,0x8b,0xf8,0x83,
  0xc7,0xfe,0x0f,0x88,0x15,0x02,0x00,0x00,0xc7,0x04,0x24,0x00,0x00,0x00,0x00,0x8d,
  0x68,0xff,0x89,0x44,0x24,0x08,0x8b,0xc1,0x89,0x54,0x24,0x04,0x8b,0xcf,0x89,0x6c,
  0x24,0x20,0xbd,0x01,0x00,0x00,0x00,0x89,0x74,0x24,0x1c,0x8b,0xf8,0x89,0x5c,0x24,
  0x14,0x8b,0x14,0x24,0x8b,0x44,0x24,0x24,0x8b,0x5c,0x24,0x1c,0xc1,0xef,0x10,0xd3,
  0xeb,0x0f,0xb7,0x04,0x68,0x0f,0xaf,0xf8,0x83,0xe3,0x01,0x0f,0x85,0x98,0x00,0x00,
  0x00,0x8b,0xf0,0xf7,0xde,0x81,0xc6,0xff,0xff,0x00,0x00,0xc1,0xee,0x06,0x03,0xc6,
  0x8b,0x74,0x24,0x24,0x66,0x89,0x04,0x6e,0x8b,0x44,0x24,0x14,0x89,0x78,0x04,0x81,
  0xff,0x00,0x00,0x00,0x01,0x0f,0x83,0x7e,0x01,0x00,0x00,0x89,0x6c,0x24,0x0c,0x89,
  0x14,0x24,0x8b,0x70,0x08,0x8b,0x40,0x14,0x89,0x4c,0x24,0x10,0x8b,0x6c,0x24,0x14,
  0xc1,0xe8,0x18,0x88,0x06,0x46,0x3b,0x75,0x10,0x72,0x2f,0x8b,0x45,0x0c,0x2b,0xf0,
  0x75,0x04,0x33,0xc9,0xeb,0x04,0x0f,0xbd,0xce,0x41,0x83,0xc1,0x1e,0xbf,0x01,0x00,
  0x00,0x00,0xd3,0xe7,0x03,0xfe,0x57,0x50,0xe8,0x07,0x02,0x43,0x32,0x83,0xc4,0x08,
  0x03,0xf8,0x03,0xf0,0x89,0x45,0x0c,0x89,0x7d,0x10,0x8b,0x7d,0x04,0xc1,0xe7,0x08,
  0x8b,0x45,0x14,0xc1,0xe0,0x08,0x89,0x45,0x14,0x89,0x7d,0x04,0x81,0xff,0x00,0x00,
  0x00,0x01,0x72,0xac,0xe9,0xfc,0x00,0x00,0x00,0x8b,0x74,0x24,0x24,0x89,0x5c,0x24,
  0x18,0x8b,0xd8,0xc1,0xeb,0x06,0x2b,0xc3,0x66,0x89,0x04,0x6e,0x8b,0x74,0x24,0x14,
  0x8b,0x46,0x14,0x8d,0x1c,0x07,0xf7,0xdf,0x03,0x7e,0x04,0x89,0x5e,0x14,0x89,0x7e,
  0x04,0x3b,0xc3,0x8b,0x5c,0x24,0x18,0x76,0x59,0x8b,0x76,0x08,0x4e,0x8b,0xfe,0x0f,
  0xb6,0x06,0x3d,0xff,0x00,0x00,0x00,0x75,0x3f,0x89,0x6c,0x24,0x0c,0x33,0xf6,0x89,
  0x4c,0x24,0x10,0x46,0x8d,0x2c,0x36,0xf7,0xdd,0x03,0xef,0x0f,0xb6,0x45,0x01,0x8d,
  0x4d,0x01,0xc6,0x45,0x02,0x00,0x3d,0xff,0x00,0x00,0x00,0x75,0x11,0x0f,0xb6,0x45,
  0x00,0x8b,0xcd,0xc6,0x45,0x01,0x00,0x3d,0xff,0x00,0x00,0x00,0x74,0xd5,0x8b,0xf1,
  0x8b,0x6c,0x24,0x0c,0x8b,0x4c,0x24,0x10,0x40,0x88,0x06,0x8b,0x74,0x24,0x14,0x8b,
  0x7e,0x04,0x81,0xff,0x00,0x00,0x00,0x01,0x73,0x7f,0x8b,0xc6,0x89,0x6c,0x24,0x0c,
  0x89,0x14,0x24,0x8b,0x70,0x08,0x8b,0x40,0x14,0x89,0x4c,0x24,0x10,0x8b,0x6c,0x24,
  0x14,0xc1,0xe8,0x18,0x88,0x06,0x46,0x3b,0x75,0x10,0x72,0x2f,0x8b,0x45,0x0c,0x2b,
  0xf0,0x75,0x04,0x33,0xc9,0xeb,0x04,0x0f,0xbd,0xce,0x41,0x83,0xc1,0x1e,0xbf,0x01,
  0x00,0x00,0x00,0xd3,0xe7,0x03,0xfe,0x57,0x50,0xe8,0x07,0x02,0x43,0x32,0x83,0xc4,
  0x08,0x03,0xf8,0x03,0xf0,0x89,0x45,0x0c,0x89,0x7d,0x10,0x8b,0x7d,0x04,0xc1,0xe7,
  0x08,0x8b,0x45,0x14,0xc1,0xe0,0x08,0x89,0x45,0x14,0x89,0x7d,0x04,0x81,0xff,0x00,
  0x00,0x00,0x01,0x72,0xac,0x89,0x6c,0x24,0x14,0x8b,0xc5,0x8b,0x14,0x24,0x8b,0x6c,
  0x24,0x0c,0x8b,0x4c,0x24,0x10,0x89,0x70,0x08,0x42,0x8d,0x04,0x6b,0x83,0xe0,0x0f,
  0x83,0xfd,0x08,0x0f,0x42,0xe8,0x49,0x3b,0x54,0x24,0x20,0x0f,0x82,0x23,0xfe,0xff,
  0xff,0x8b,0x44,0x24,0x08,0x8b,0x54,0x24,0x04,0xeb,0x02,0x33,0xc0,0x88,0x42,0x0a,
  0x33,0xc0,0x83,0xc4,0x28,0x5d,0x5b,0x5f,0x5e,0xc2,0x0c,0x00,0x0f,0x1f,0x40,0x00,
  0x56,0x57,0x53,0x55,0x8b,0xf1,0x8b,0xda,0x81,0xe3,0xff,0xff,0xff,0x00,0x8b,0xc3,
  0x8b,0x6e,0x6c,0x8b,0xcd,0x8b,0x56,0x74,0xd3,0xe0,0x8d,0x7d,0x18,0x08,0x02,0x83,
  0xff,0x08,0x0f,0x8e,0x8e,0x00,0x00,0x00,0x8b,0x46,0x74,0x40,0x89,0x46,0x74,0x3b,
  0x46,0x78,0x72,0x23,0x80,0xbe,0xb5,0x06,0x00,0x00,0x00,0x75,0x13,0x8b,0xce,0xe8,
  0x07,0x00,0x26,0x8c,0x85,0xc0,0x74,0x08,0x01,0x46,0x78,0x8b,0x46,0x74,0xeb,0x07,
  0x5d,0x5b,0x5f,0x5e,0xc2,0x04,0x00,0x8b,0x4e,0x6c,0x8d,0x7d,0x10,0xf7,0xd9,0x83,
  0xc1,0x08,0xff,0x8e,0xb8,0x06,0x00,0x00,0xff,0x8e,0xdc,0x06,0x00,0x00,0xd3,0xeb,
  0x88,0x18,0x83,0xff,0x08,0x7e,0x3f,0x8b,0x46,0x74,0x40,0x89,0x46,0x74,0x3b,0x46,
  0x78,0x72,0x1a,0x80,0xbe,0xb5,0x06,0x00,0x00,0x00,0x75,0xc4,0x8b,0xce,0xe8,0x07,
  0x00,0x26,0x8c,0x85,0xc0,0x74,0xb9,0x01,0x46,0x78,0x8b,0x46,0x74,0x83,0xc7,0xf8,
  0xff,0x8e,0xb8,0x06,0x00,0x00,0xff,0x8e,0xdc,0x06,0x00,0x00,0xc1,0xeb,0x08,0x88,
  0x18,0x83,0xff,0x08,0x7f,0xc1,0x89,0x7e,0x6c,0x5d,0x5b,0x5f,0x5e,0xc2,0x04,0x00,
  0x56,0x57,0x53,0x55,0x83,0xec,0x10,0x8b,0xd9,0x8b,0xf2,0x85,0xdb,0x0f,0x84,0x8a,
  0x00,0x00,0x00,0x8b,0x44,0x24,0x24,0x8b,0x88,0xd4,0x06,0x00,0x00,0x85,0xc9,0x0f,
  0x8c,0x96,0x03,0x00,0x00,0x3b,0x4c,0x24,0x28,0x7d,0x34,0x83,0x7c,0x24,0x28,0x18,
  0x0f,0x8e,0x6c,0x02,0x00,0x00,0xba,0x18,0x00,0x00,0x00,0x8b,0x4c,0x24,0x24,0xe8,
  0x07,0x00,0x80,0xcc,0x8b,0xf8,0x8b,0x44,0x24,0x28,0x8b,0x4c,0x24,0x24,0x8d,0x50,
  0xe8,0xe8,0x07,0x00,0x7f,0x7c,0x8b,0xe8,0xc1,0xe5,0x18,0x03,0xef,0xeb,0x30,0x8b,
  0x44,0x24,0x24,0x8b,0xa8,0xd0,0x06,0x00,0x00,0x8b,0x54,0x24,0x24,0x8b,0xc5,0x8b,
  0x7c,0x24,0x28,0x2b,0xcf,0x89,0x8a,0xd4,0x06,0x00,0x00,0x8b,0xcf,0xd3,0xe8,0x89,
  0x82,0xd0,0x06,0x00,0x00,0xba,0x01,0x00,0x00,0x00,0xd3,0xe2,0x4a,0x23,0xea,0x83,
  0xfb,0x02,0x0f,0x84,0xfb,0x02,0x00,0x00,0xe9,0xf9,0x01,0x00,0x00,0x8b,0x44,0x24,
  0x2c,0x8b,0xce,0x0f,0xb6,0x58,0x08,0x8d,0x54,0x58,0x0c,0xe8,0x07,0x00,0x28,0xbc,
  0x8b,0xe8,0x8b,0x54,0x24,0x2c,0x8d,0x44,0x5d,0x00,0x83,0xe0,0x03,0x88,0x42,0x08,
  0x85,0xed,0x0f,0x84,0xc8,0x00,0x00,0x00,0x8b,0x44,0x24,0x2c,0x8b,0xce,0x0f,0xb6,
  0x58,0x0a,0xc1,0xe3,0x05,0x8d,0x5c,0x03,0x34,0x8d,0x53,0x02,0xe8,0x07,0x00,0x28,
  0xbc,0x8b,0xce,0x8d,0x7c,0x00,0x04,0x8d,0x14,0x3b,0xe8,0x07,0x00,0x28,0xbc,0x8b,
  0xe8,0x03,0xef,0x8b,0xce,0x8d,0x14,0x6b,0xe8,0x07,0x00,0x28,0xbc,0x8b,0xce,0x8d,
  0x2c,0x68,0x8d,0x14,0x6b,0xe8,0x07,0x00,0x28,0xbc,0x8d,0x1c,0x68,0x8b,0x6c,0x24,
  0x2c,0x83,0xe3,0x0f,0x8b,0xd3,0xc1,0xe2,0x05,0x8d,0xbd,0x34,0x08,0x00,0x00,0x83,
  0x7c,0x24,0x34,0x00,0x8d,0x43,0x01,0x89,0x04,0x24,0x8d,0x94,0x2a,0x34,0x08,0x00,
  0x00,0x0f,0x45,0xfa,0x4b,0x0f,0x8c,0x87,0x02,0x00,0x00,0x8b,0xce,0x8d,0x57,0x02,
  0xe8,0x07,0x00,0x28,0xbc,0xba,0x02,0x00,0x00,0x00,0x8d,0x68,0x02,0x8b,0xc8,0x8b,
  0xc7,0x8b,0xfe,0xeb,0x08,0x8b,0x54,0x24,0x08,0x8b,0x44,0x24,0x04,0x03,0xd1,0x8b,
  0xf2,0x83,0xe6,0x0f,0x89,0x44,0x24,0x04,0x8d,0x14,0x36,0x89,0x54,0x24,0x08,0x8d,
  0x0c,0x70,0x89,0x4c,0x24,0x0c,0x4b,0x78,0x1e,0x8b,0xcf,0x8b,0x54,0x24,0x0c,0xe8,
  0x07,0x00,0x28,0xbc,0x8b,0xc8,0x8d,0x2c,0x69,0x83,0xfe,0x08,0x73,0xe8,0xeb,0xc5,
  0x33,0xc0,0x89,0x04,0x24,0x33,0xed,0x8b,0x4c,0x24,0x2c,0x8b,0x14,0x24,0x83,0x7c,
  0x24,0x38,0x00,0x88,0x51,0x0a,0x74,0x19,0x83,0x7c,0x24,0x38,0x01,0x7e,0x0a,0x8b,
  0x54,0x24,0x2c,0x03,0x6a,0x04,0x89,0x6a,0x04,0x8b,0x54,0x24,0x2c,0x03,0x2a,0x89,
  0x2a,0x8b,0x54,0x24,0x24,0x8b,0xdd,0x8b,0x7c,0x24,0x28,0x8b,0x72,0x6c,0x8b,0xce,
  0x23,0x1c,0xbd,0x00,0x02,0xd1,0xa0,0x8b,0x42,0x74,0x8b,0xd3,0xd3,0xe2,0x03,0xfe,
  0x08,0x10,0x83,0xff,0x08,0x0f,0x8e,0xa4,0x00,0x00,0x00,0x8b,0x7c,0x24,0x24,0x8b,
  0x57,0x74,0x42,0x89,0x57,0x74,0x3b,0x57,0x78,0x72,0x28,0x8b,0x54,0x24,0x24,0x80,
  0xba,0xb5,0x06,0x00,0x00,0x00,0x0f,0x85,0x8a,0x00,0x00,0x00,0x8b,0x4c,0x24,0x24,
  0xe8,0x07,0x00,0x26,0x8c,0x85,0xc0,0x74,0x7d,0x8b,0x54,0x24,0x24,0x01,0x42,0x78,
  0x8b,0x52,0x74,0x8b,0x7c,0x24,0x28,0x8d,0x7c,0x37,0xf8,0x8b,0x74,0x24,0x24,0x8b,
  0x4e,0x6c,0xf7,0xd9,0x83,0xc1,0x08,0xff,0x8e,0xb8,0x06,0x00,0x00,0xff,0x8e,0xdc,
  0x06,0x00,0x00,0xd3,0xeb,0x88,0x1a,0x83,0xff,0x08,0x7e,0x43,0x8b,0x74,0x24,0x24,
  0x8b,0x56,0x74,0x42,0x89,0x56,0x74,0x3b,0x56,0x78,0x72,0x1a,0x80,0xbe,0xb5,0x06,
  0x00,0x00,0x00,0x75,0x31,0x8b,0xce,0xe8,0x07,0x00,0x26,0x8c,0x85,0xc0,0x74,0x26,
  0x01,0x46,0x78,0x8b,0x56,0x74,0x83,0xc7,0xf8,0xff,0x8e,0xb8,0x06,0x00,0x00,0xff,
  0x8e,0xdc,0x06,0x00,0x00,0xc1,0xeb,0x08,0x88,0x1a,0x83,0xff,0x08,0x7f,0xc1,0x8b,
  0x54,0x24,0x24,0x89,0x7a,0x6c,0x8b,0xc5,0x83,0xc4,0x10,0x5d,0x5b,0x5f,0x5e,0xc2,
  0x18,0x00,0x85,0xc9,0x75,0x0e,0x8b,0x44,0x24,0x24,0xc7,0x80,0xd0,0x06,0x00,0x00,
  0x00,0x00,0x00,0x00,0x8b,0x7c,0x24,0x28,0x8b,0x6c,0x24,0x24,0xeb,0x0c,0x89,0x8d,
  0xd4,0x06,0x00,0x00,0x89,0x85,0xd0,0x06,0x00,0x00,0x8b,0x85,0xb8,0x06,0x00,0x00,
  0x85,0xc0,0x75,0x2f,0x80,0xbd,0xb5,0x06,0x00,0x00,0x00,0x75,0x0b,0x8b,0xcd,0xe8,
  0x07,0x00,0x26,0x8c,0x85,0xc0,0x75,0x15,0x8b,0x44,0x24,0x24,0x33,0xed,0xc7,0x80,
  0xd4,0x06,0x00,0x00,0xff,0xff,0xff,0xff,0xe9,0x92,0xfd,0xff,0xff,0x8b,0x85,0xb8,
  0x06,0x00,0x00,0x8b,0x95,0xc0,0x06,0x00,0x00,0x48,0xff,0x85,0xdc,0x06,0x00,0x00,
  0x89,0x85,0xb8,0x06,0x00,0x00,0x3b,0x95,0xc8,0x06,0x00,0x00,0x73,0x40,0x0f,0xb6,
  0x02,0x42,0x89,0x95,0xc0,0x06,0x00,0x00,0x8b,0x8d,0xd4,0x06,0x00,0x00,0xd3,0xe0,
  0x83,0xc1,0x08,0x03,0x85,0xd0,0x06,0x00,0x00,0x3b,0xcf,0x7c,0x81,0x8b,0xe8,0x85,
  0xc9,0x0f,0x89,0x22,0xfd,0xff,0xff,0x8b,0x54,0x24,0x24,0x89,0x8a,0xd4,0x06,0x00,
  0x00,0x89,0xaa,0xd0,0x06,0x00,0x00,0x33,0xed,0xe9,0x31,0xfd,0xff,0xff,0x33,0xd2,
  0x8b,0x4d,0x00,0xe8,0x07,0x00,0x73,0xbc,0x85,0xc0,0x7f,0x14,0xc7,0x85,0x90,0x00,
  0x00,0x00,0x01,0x00,0x00,0x00,0x33,0xc0,0x8b,0x8d,0xd4,0x06,0x00,0x00,0xeb,0xae,
  0x8b,0xcd,0x50,0x8b,0x55,0x00,0xe8,0x07,0x00,0x71,0xac,0x8b,0x95,0xc0,0x06,0x00,
  0x00,0xeb,0x8b,0xff,0x74,0x24,0x38,0xff,0x74,0x24,0x38,0x55,0x8b,0xce,0x8b,0x54,
  0x24,0x38,0xe8,0x07,0x00,0xc8,0xec,0x8b,0x4c,0x24,0x30,0x8b,0x54,0x24,0x28,0x01,
  0x14,0x8d,0x00,0x03,0x95,0xe0,0xe9,0xdb,0xfe,0xff,0xff,0x33,0xed,0xe9,0xcd,0xfc,
  0xff,0xff,0xbd,0x01,0x00,0x00,0x00,0xe9,0xcb,0xfd,0xff,0xff,0x0f,0x1f,0x40,0x00,
  0x56,0x57,0x53,0x55,0x83,0xec,0x28,0x8b,0xf9,0x8b,0x4c,0x24,0x44,0x8b,0x5c,0x24,
  0x3c,0x85,0xc9,0x74,0x13,0x8b,0xc3,0x2b,0x1a,0x89,0x02,0x83,0xf9,0x01,0x7e,0x08,
  0x8b,0xc3,0x2b,0x5a,0x04,0x89,0x42,0x04,0x33,0xc0,0x85,0xdb,0x0f,0xb6,0x6a,0x08,
  0x8d,0x72,0x0c,0x0f,0x97,0xc0,0x89,0x34,0x24,0x8d,0x0c,0x68,0x83,0xe1,0x03,0x88,
  0x4a,0x08,0x0f,0xb7,0x04,0x6e,0x0f,0xb7,0x77,0x06,0x0f,0xaf,0xf0,0x85,0xdb,0x0f,
  0x85,0x89,0x00,0x00,0x00,0x8b,0xc8,0xf7,0xd9,0x81,0xc1,0xff,0xff,0x00,0x00,0xc1,
  0xe9,0x06,0x03,0xc1,0x8b,0x0c,0x24,0x66,0x89,0x04,0x69,0x89,0x77,0x04,0x81,0xfe,
  0x00,0x00,0x00,0x01,0x0f,0x83,0x3f,0x01,0x00,0x00,0x8b,0x6f,0x08,0x8b,0x47,0x14,
  0x89,0x54,0x24,0x04,0xc1,0xe8,0x18,0x88,0x45,0x00,0x45,0x3b,0x6f,0x10,0x72,0x2f,
  0x8b,0x47,0x0c,0x2b,0xe8,0x75,0x04,0x33,0xc9,0xeb,0x04,0x0f,0xbd,0xcd,0x41,0x83,
  0xc1,0x1e,0xbe,0x01,0x00,0x00,0x00,0xd3,0xe6,0x03,0xf5,0x56,0x50,0xe8,0x07,0x02,
  0x43,0x32,0x83,0xc4,0x08,0x03,0xf0,0x03,0xe8,0x89,0x47,0x0c,0x89,0x77,0x10,0x8b,
  0x77,0x04,0xc1,0xe6,0x08,0x8b,0x47,0x14,0xc1,0xe0,0x08,0x89,0x47,0x14,0x89,0x77,
  0x04,0x81,0xfe,0x00,0x00,0x00,0x01,0x72,0xab,0xe9,0xd4,0x00,0x00,0x00,0x8b,0xc8,
  0xc1,0xe9,0x06,0x2b,0xc1,0x8b,0x0c,0x24,0x66,0x89,0x04,0x69,0x8b,0x47,0x14,0x8d,
  0x2c,0x06,0xf7,0xde,0x03,0x77,0x04,0x89,0x6f,0x14,0x89,0x77,0x04,0x3b,0xc5,0x76,
  0x4a,0x8b,0x77,0x08,0x4e,0x8b,0xee,0x0f,0xb6,0x06,0x3d,0xff,0x00,0x00,0x00,0x75,
  0x34,0x89,0x54,0x24,0x04,0x33,0xc9,0x41,0x8d,0x14,0x09,0xf7,0xda,0x03,0xd5,0x0f,
  0xb6,0x42,0x01,0x8d,0x72,0x01,0xc6,0x42,0x02,0x00,0x3d,0xff,0x00,0x00,0x00,0x75,
  0x10,0x0f,0xb6,0x02,0x8b,0xf2,0xc6,0x42,0x01,0x00,0x3d,0xff,0x00,0x00,0x00,0x74,
  0xd6,0x8b,0x54,0x24,0x04,0x40,0x88,0x06,0x8b,0x77,0x04,0x81,0xfe,0x00,0x00,0x00,
  0x01,0x73,0x66,0x8b,0x6f,0x08,0x8b,0x47,0x14,0x89,0x54,0x24,0x04,0xc1,0xe8,0x18,
  0x88,0x45,0x00,0x45,0x3b,0x6f,0x10,0x72,0x2f,0x8b,0x47,0x0c,0x2b,0xe8,0x75,0x04,
  0x33,0xc9,0xeb,0x04,0x0f,0xbd,0xcd,0x41,0x83,0xc1,0x1e,0xbe,0x01,0x00,0x00,0x00,
  0xd3,0xe6,0x03,0xf5,0x56,0x50,0xe8,0x07,0x02,0x43,0x32,0x83,0xc4,0x08,0x03,0xf0,
  0x03,0xe8,0x89,0x47,0x0c,0x89,0x77,0x10,0x8b,0x77,0x04,0xc1,0xe6,0x08,0x8b,0x47,
  0x14,0xc1,0xe0,0x08,0x89,0x47,0x14,0x89,0x77,0x04,0x81,0xfe,0x00,0x00,0x00,0x01,
  0x72,0xab,0x8b,0x54,0x24,0x04,0x89,0x6f,0x08,0x85,0xdb,0x0f,0x84,0x3f,0x04,0x00,
  0x00,0x75,0x04,0x33,0xc0,0xeb,0x04,0x0f,0xbd,0xc3,0x40,0x0f,0xb6,0x4a,0x0a,0xc1,
  0xe1,0x05,0xc7,0x04,0x24,0x00,0x00,0x00,0x00,0x89,0x54,0x24,0x04,0x89,0x44,0x24,
  0x08,0x89,0x5c,0x24,0x1c,0x8d,0x6c,0x11,0x0c,0xb9,0x01,0x00,0x00,0x00,0x8b,0xdf,
  0x89,0x6c,0x24,0x10,0x8d,0x68,0xff,0x89,0x6c,0x24,0x18,0x8b,0xf9,0x8b,0x14,0x24,
  0x8b,0xca,0x8b,0x44,0x24,0x10,0xf7,0xd9,0x83,0xc1,0x03,0x8b,0x6c,0x24,0x18,0xc1,
  0xee,0x10,0xd3,0xed,0x0f,0xb7,0x44,0x78,0x28,0x0f,0xaf,0xf0,0x83,0xe5,0x01,0x0f,
  0x85,0x8f,0x00,0x00,0x00,0x8b,0xc8,0xf7,0xd9,0x81,0xc1,0xff,0xff,0x00,0x00,0xc1,
  0xe9,0x06,0x03,0xc1,0x8b,0x4c,0x24,0x10,0x66,0x89,0x44,0x79,0x28,0x89,0x73,0x04,
  0x81,0xfe,0x00,0x00,0x00,0x01,0x0f,0x83,0x5a,0x01,0x00,0x00,0x8b,0x43,0x14,0x8b,
  0x4b,0x08,0x8b,0xf1,0x89,0x14,0x24,0x89,0x7c,0x24,0x0c,0xc1,0xe8,0x18,0x88,0x06,
  0x46,0x3b,0x73,0x10,0x72,0x2f,0x8b,0x43,0x0c,0x2b,0xf0,0x75,0x04,0x33,0xc9,0xeb,
  0x04,0x0f,0xbd,0xce,0x41,0x83,0xc1,0x1e,0xbf,0x01,0x00,0x00,0x00,0xd3,0xe7,0x03,
  0xfe,0x57,0x50,0xe8,0x07,0x02,0x43,0x32,0x83,0xc4,0x08,0x03,0xf8,0x03,0xf0,0x89,
  0x43,0x0c,0x89,0x7b,0x10,0x8b,0x53,0x04,0xc1,0xe2,0x08,0x8b,0x43,0x14,0xc1,0xe0,
  0x08,0x89,0x43,0x14,0x89,0x53,0x04,0x81,0xfa,0x00,0x00,0x00,0x01,0x72,0xac,0xe9,
  0xe4,0x00,0x00,0x00,0x8b,0xc8,0xc1,0xe9,0x06,0x2b,0xc1,0x8b,0x4c,0x24,0x10,0x66,
  0x89,0x44,0x79,0x28,0x8b,0x43,0x14,0x8d,0x0c,0x06,0xf7,0xde,0x03,0x73,0x04,0x89,
  0x4b,0x14,0x89,0x73,0x04,0x3b,0xc1,0x76,0x54,0x8b,0x4b,0x08,0x49,0x8b,0xf1,0x0f,
  0xb6,0x01,0x3d,0xff,0x00,0x00,0x00,0x75,0x3e,0x89,0x7c,0x24,0x0c,0x33,0xc9,0x89,
  0x5c,0x24,0x14,0x41,0x8d,0x3c,0x09,0xf7,0xdf,0x03,0xfe,0x0f,0xb6,0x47,0x01,0x8d,
  0x5f,0x01,0xc6,0x47,0x02,0x00,0x3d,0xff,0x00,0x00,0x00,0x75,0x10,0x0f,0xb6,0x07,
  0x8b,0xdf,0xc6,0x47,0x01,0x00,0x3d,0xff,0x00,0x00,0x00,0x74,0xd6,0x8b,0xcb,0x8b,
  0x7c,0x24,0x0c,0x8b,0x5c,0x24,0x14,0x40,0x88,0x01,0x8b,0x73,0x04,0x81,0xfe,0x00,
  0x00,0x00,0x01,0x73,0x71,0x8b,0x43,0x14,0x8b,0x4b,0x08,0x8b,0xf1,0x89,0x14,0x24,
  0x89,0x7c,0x24,0x0c,0xc1,0xe8,0x18,0x88,0x06,0x46,0x3b,0x73,0x10,0x72,0x2f,0x8b,
  0x43,0x0c,0x2b,0xf0,0x75,0x04,0x33,0xc9,0xeb,0x04,0x0f,0xbd,0xce,0x41,0x83,0xc1,
  0x1e,0xbf,0x01,0x00,0x00,0x00,0xd3,0xe7,0x03,0xfe,0x57,0x50,0xe8,0x07,0x02,0x43,
  0x32,0x83,0xc4,0x08,0x03,0xf8,0x03,0xf0,0x89,0x43,0x0c,0x89,0x7b,0x10,0x8b,0x53,
  0x04,0xc1,0xe2,0x08,0x8b,0x43,0x14,0xc1,0xe0,0x08,0x89,0x43,0x14,0x89,0x53,0x04,
  0x81,0xfa,0x00,0x00,0x00,0x01,0x72,0xac,0x8b,0xce,0x8b,0xf2,0x8b,0x14,0x24,0x8b,
  0x7c,0x24,0x0c,0x89,0x4b,0x08,0x03,0xff,0x42,0x0b,0xfd,0x83,0xfa,0x04,0x0f,0x82,
  0x4c,0xfe,0xff,0xff,0x8b,0x44,0x24,0x08,0x8b,0xc8,0xc1,0xe1,0x05,0x8b,0xfb,0x83,
  0x7c,0x24,0x40,0x00,0x8b,0x54,0x24,0x04,0x8b,0x5c,0x24,0x1c,0x8d,0xac,0x11,0x14,
  0x08,0x00,0x00,0x8d,0x8a,0x34,0x08,0x00,0x00,0x0f,0x45,0xcd,0x89,0x4c,0x24,0x24,
  0x8b,0xc8,0x83,0xc1,0xfe,0x0f,0x88,0x17,0x02,0x00,0x00,0xc7,0x04,0x24,0x00,0x00,
  0x00,0x00,0x8d,0x68,0xff,0x89,0x54,0x24,0x04,0x89,0x6c,0x24,0x20,0xbd,0x01,0x00,
  0x00,0x00,0x89,0x44,0x24,0x08,0x89,0x5c,0x24,0x1c,0x89,0x7c,0x24,0x14,0x8b,0x14,
  0x24,0x8b,0x44,0x24,0x24,0x8b,0x5c,0x24,0x1c,0xc1,0xee,0x10,0xd3,0xeb,0x0f,0xb7,
  0x04,0x68,0x0f,0xaf,0xf0,0x83,0xe3,0x01,0x0f,0x85,0x98,0x00,0x00,0x00,0x8b,0xf8,
  0xf7,0xdf,0x81,0xc7,0xff,0xff,0x00,0x00,0xc1,0xef,0x06,0x03,0xc7,0x8b,0x7c,0x24,
  0x24,0x66,0x89,0x04,0x6f,0x8b,0x44,0x24,0x14,0x89,0x70,0x04,0x81,0xfe,0x00,0x00,
  0x00,0x01,0x0f,0x83,0x86,0x01,0x00,0x00,0x8b,0xf0,0x89,0x14,0x24,0x89,0x6c,0x24,
  0x0c,0x8b,0xee,0x8b,0x46,0x14,0x8b,0x7e,0x08,0x89,0x4c,0x24,0x10,0xc1,0xe8,0x18,
  0x88,0x07,0x47,0x3b,0x7d,0x10,0x72,0x2f,0x8b,0x45,0x0c,0x2b,0xf8,0x75,0x04,0x33,
  0xc9,0xeb,0x04,0x0f,0xbd,0xcf,0x41,0x83,0xc1,0x1e,0xbe,0x01,0x00,0x00,0x00,0xd3,
  0xe6,0x03,0xf7,0x56,0x50,0xe8,0x07,0x02,0x43,0x32,0x83,0xc4,0x08,0x03,0xf0,0x03,
  0xf8,0x89,0x45,0x0c,0x89,0x75,0x10,0x8b,0x75,0x04,0xc1,0xe6,0x08,0x8b,0x45,0x14,
  0xc1,0xe0,0x08,0x89,0x45,0x14,0x89,0x75,0x04,0x81,0xfe,0x00,0x00,0x00,0x01,0x72,
  0xac,0xe9,0x04,0x01,0x00,0x00,0x8b,0x7c,0x24,0x24,0x89,0x5c,0x24,0x18,0x8b,0xd8,
  0xc1,0xeb,0x06,0x2b,0xc3,0x66,0x89,0x04,0x6f,0x8b,0x7c,0x24,0x14,0x8b,0x47,0x14,
  0x8d,0x1c,0x06,0xf7,0xde,0x03,0x77,0x04,0x89,0x5f,0x14,0x89,0x77,0x04,0x3b,0xc3,
  0x8b,0x5c,0x24,0x18,0x76,0x5b,0x8b,0xf7,0x8b,0x76,0x08,0x4e,0x8b,0xfe,0x0f,0xb6,
  0x06,0x3d,0xff,0x00,0x00,0x00,0x75,0x3f,0x89,0x6c,0x24,0x0c,0x33,0xf6,0x89,0x4c,
  0x24,0x10,0x46,0x8d,0x2c,0x36,0xf7,0xdd,0x03,0xef,0x0f,0xb6,0x45,0x01,0x8d,0x4d,
  0x01,0xc6,0x45,0x02,0x00,0x3d,0xff,0x00,0x00,0x00,0x75,0x11,0x0f,0xb6,0x45,0x00,
  0x8b,0xcd,0xc6,0x45,0x01,0x00,0x3d,0xff,0x00,0x00,0x00,0x74,0xd5,0x8b,0xf1,0x8b,
  0x6c,0x24,0x0c,0x8b,0x4c,0x24,0x10,0x40,0x88,0x06,0x8b,0x74,0x24,0x14,0x8b,0x76,
  0x04,0x81,0xfe,0x00,0x00,0x00,0x01,0x0f,0x83,0x81,0x00,0x00,0x00,0x8b,0x44,0x24,
  0x14,0x89,0x6c,0x24,0x0c,0x89,0x14,0x24,0x8b,0x78,0x08,0x8b,0x40,0x14,0x89,0x4c,
  0x24,0x10,0x8b,0x6c,0x24,0x14,0xc1,0xe8,0x18,0x88,0x07,0x47,0x3b,0x7d,0x10,0x72,
  0x2f,0x8b,0x45,0x0c,0x2b,0xf8,0x75,0x04,0x33,0xc9,0xeb,0x04,0x0f,0xbd,0xcf,0x41,
  0x83,0xc1,0x1e,0xbe,0x01,0x00,0x00,0x00,0xd3,0xe6,0x03,0xf7,0x56,0x50,0xe8,0x07,
  0x02,0x43,0x32,0x83,0xc4,0x08,0x03,0xf0,0x03,0xf8,0x89,0x45,0x0c,0x89,0x75,0x10,
  0x8b,0x75,0x04,0xc1,0xe6,0x08,0x8b,0x45,0x14,0xc1,0xe0,0x08,0x89,0x45,0x14,0x89,
  0x75,0x04,0x81,0xfe,0x00,0x00,0x00,0x01,0x72,0xac,0x89,0x6c,0x24,0x14,0x8b,0xc5,
  0x8b,0x14,0x24,0x8b,0x6c,0x24,0x0c,0x8b,0x4c,0x24,0x10,0x89,0x78,0x08,0x42,0x8d,
  0x04,0x6b,0x83,0xe0,0x0f,0x83,0xfd,0x08,0x0f,0x42,0xe8,0x49,0x3b,0x54,0x24,0x20,
  0x0f,0x82,0x1b,0xfe,0xff,0xff,0x8b,0x44,0x24,0x08,0x8b,0x54,0x24,0x04,0xeb,0x02,
  0x33,0xc0,0x88,0x42,0x0a,0x33,0xc0,0x83,0xc4,0x28,0x5d,0x5b,0x5f,0x5e,0xc2,0x0c,
  0x00,0x0f,0x1f,0x84,0x00,0x00,0x00,0x00,0x00,0x0f,0x1f,0x80,0x00,0x00,0x00,0x00,
  0x56,0x57,0x53,0x55,0x83,0xec,0x14,0x8b,0xd9,0x8b,0x6c,0x24,0x28,0x8b,0xfa,0x85,
  0xdb,0x74,0x53,0x8b,0x85,0xd4,0x06,0x00,0x00,0x85,0xc0,0x0f,0x8c,0x71,0x01,0x00,
  0x00,0x83,0xf8,0x20,0x7d,0x27,0x8b,0xcd,0xba,0x18,0x00,0x00,0x00,0xe8,0x07,0x00,
  0x80,0xcc,0x89,0x44,0x24,0x0c,0x8b,0xcd,0xba,0x08,0x00,0x00,0x00,0xe8,0x07,0x00,
  0x7f,0x7c,0x8b,0xf0,0xc1,0xe6,0x18,0x03,0x74,0x24,0x0c,0xeb,0x0b,0x83,0xc0,0xe0,
  0x33,0xf6,0x89,0x85,0xd4,0x06,0x00,0x00,0x83,0xfb,0x02,0x0f,0x84,0x14,0x01,0x00,
  0x00,0xe9,0xb4,0x00,0x00,0x00,0x8b,0xcf,0x8b,0xd5,0x8b,0x44,0x24,0x2c,0x50,0xe8,
  0x07,0x00,0xd0,0xac,0x8b,0xf0,0x8b,0x5d,0x6c,0x8b,0xcb,0x8b,0x55,0x74,0x8b,0xc6,
  0xd3,0xe0,0x8d,0x7b,0x20,0x08,0x02,0x83,0xff,0x08,0x0f,0x8e,0x87,0x00,0x00,0x00,
  0x8b,0x45,0x74,0x40,0x89,0x45,0x74,0x3b,0x45,0x78,0x72,0x1a,0x80,0xbd,0xb5,0x06,
  0x00,0x00,0x00,0x75,0x75,0x8b,0xcd,0xe8,0x07,0x00,0x26,0x8c,0x85,0xc0,0x74,0x6a,
  0x01,0x45,0x78,0x8b,0x45,0x74,0x8b,0x4d,0x6c,0x8d,0x7b,0x18,0xf7,0xd9,0x8b,0xde,
  0x83,0xc1,0x08,0xff,0x8d,0xb8,0x06,0x00,0x00,0xff,0x8d,0xdc,0x06,0x00,0x00,0xd3,
  0xeb,0x88,0x18,0x83,0xff,0x08,0x7e,0x3f,0x8b,0x45,0x74,0x40,0x89,0x45,0x74,0x3b,
  0x45,0x78,0x72,0x1a,0x80,0xbd,0xb5,0x06,0x00,0x00,0x00,0x75,0x2d,0x8b,0xcd,0xe8,
  0x07,0x00,0x26,0x8c,0x85,0xc0,0x74,0x22,0x01,0x45,0x78,0x8b,0x45,0x74,0x83,0xc7,
  0xf8,0xff,0x8d,0xb8,0x06,0x00,0x00,0xff,0x8d,0xdc,0x06,0x00,0x00,0xc1,0xeb,0x08,
  0x88,0x18,0x83,0xff,0x08,0x7f,0xc1,0x89,0x7d,0x6c,0x8b,0xc6,0x66,0x0f,0xef,0xc0,
  0x25,0xff,0xff,0x1f,0x00,0xf7,0xc6,0x00,0x00,0x00,0x80,0xf2,0x0f,0x2a,0xc0,0x0f,
  0x28,0xc8,0x0f,0x57,0x0d,0x00,0x02,0xd2,0xb0,0x75,0x03,0x0f,0x28,0xc8,0xf2,0x0f,
  0x5a,0xc9,0xf3,0x0f,0x5a,0xc9,0x81,0xe6,0x00,0x00,0xe0,0x7f,0xc1,0xee,0x15,0xf2,
  0x0f,0x11,0x0c,0x24,0x81,0xc6,0xec,0xfc,0xff,0xff,0x89,0x74,0x24,0x08,0xe8,0x07,
  0x01,0xda,0x5c,0xd9,0x5c,0x24,0x0c,0xd9,0x44,0x24,0x0c,0x83,0xc4,0x14,0x5d,0x5b,
  0x5f,0x5e,0xc2,0x0c,0x00,0x8b,0x44,0x24,0x2c,0x8b,0xcf,0x50,0x8b,0xd5,0x56,0xe8,
  0x07,0x00,0xd3,0xdc,0x8b,0x44,0x24,0x30,0x83,0x04,0x85,0x00,0x03,0x95,0xe0,0x20,
  0xeb,0x88,0x33,0xf6,0xe9,0xbf,0xfe,0xff,0xff,0x0f,0x1f,0x80,0x00,0x00,0x00,0x00,
  0x56,0x57,0x53,0x55,0x83,0xec,0x20,0x8b,0xfa,0x8b,0x5c,0x24,0x34,0x89,0x4c,0x24,
  0x10,0x8b,0x87,0x88,0x00,0x00,0x00,0x8d,0x94,0x58,0xa0,0x44,0x00,0x00,0xe8,0x07,
  0x00,0x28,0xbc,0x89,0x44,0x24,0x0c,0xc1,0xe3,0x0d,0x8b,0xb7,0x98,0x00,0x00,0x00,
  0x8b,0x4c,0x24,0x10,0x8d,0xb4,0x1e,0x00,0x40,0x06,0x00,0x0f,0xb6,0x5e,0x08,0x8d,
  0x54,0x5e,0x0c,0xe8,0x07,0x00,0x28,0xbc,0x8d,0x14,0x58,0x83,0xe2,0x03,0x88,0x56,
  0x08,0x85,0xc0,0x0f,0x84,0xfc,0x00,0x00,0x00,0x0f,0xb6,0x5e,0x09,0x8b,0x4c,0x24,
  0x10,0x8d,0x54,0x5e,0x14,0xe8,0x07,0x00,0x28,0xbc,0x8b,0xe8,0x0f,0xb6,0x4e,0x0a,
  0x8b,0xdd,0xc1,0xe1,0x05,0x83,0xe3,0x01,0x88,0x5e,0x09,0x8d,0x4c,0x31,0x34,0x89,
  0x4c,0x24,0x04,0x8d,0x51,0x02,0x8b,0x4c,0x24,0x10,0xe8,0x07,0x00,0x28,0xbc,0x8b,
  0x5c,0x24,0x04,0x8d,0x4c,0x00,0x04,0x89,0x0c,0x24,0x8d,0x14,0x0b,0x8b,0x4c,0x24,
  0x10,0xe8,0x07,0x00,0x28,0xbc,0x8b,0xd8,0x03,0x1c,0x24,0x8b,0x4c,0x24,0x04,0x8d,
  0x14,0x59,0x8b,0x4c,0x24,0x10,0xe8,0x07,0x00,0x28,0xbc,0x8b,0x4c,0x24,0x04,0x8d,
  0x1c,0x58,0x8d,0x14,0x59,0x8b,0x4c,0x24,0x10,0xe8,0x07,0x00,0x28,0xbc,0x8d,0x0c,
  0x58,0x83,0xe1,0x0f,0x8d,0x51,0x01,0x89,0x54,0x24,0x14,0x49,0x89,0x4c,0x24,0x08,
  0x0f,0x8c,0x23,0x02,0x00,0x00,0x8b,0x4c,0x24,0x10,0x8d,0x96,0x36,0x08,0x00,0x00,
  0xe8,0x07,0x00,0x28,0xbc,0x89,0x2c,0x24,0x8d,0x58,0x02,0x89,0x7c,0x24,0x04,0xba,
  0x02,0x00,0x00,0x00,0x8b,0x6c,0x24,0x08,0x8b,0xc8,0x8b,0xc6,0x8b,0x74,0x24,0x10,
  0xeb,0x08,0x8b,0x54,0x24,0x18,0x8b,0x44,0x24,0x08,0x03,0xd1,0x8b,0xfa,0x83,0xe7,
  0x03,0x89,0x44,0x24,0x08,0x8d,0x14,0x3f,0x89,0x54,0x24,0x18,0x8d,0x8c,0x02,0x34,
  0x08,0x00,0x00,0x89,0x4c,0x24,0x1c,0x4d,0x0f,0x88,0xb3,0x01,0x00,0x00,0x8b,0xce,
  0x8b,0x54,0x24,0x1c,0xe8,0x07,0x00,0x28,0xbc,0x8b,0xc8,0x8d,0x1c,0x59,0x83,0xff,
  0x02,0x73,0xe4,0xeb,0xbd,0x33,0xc0,0x89,0x44,0x24,0x14,0x33,0xed,0x8b,0x5c,0x24,
  0x14,0x03,0x2e,0x88,0x5e,0x0a,0x89,0x2e,0x8b,0xb7,0x98,0x00,0x00,0x00,0x8b,0x4c,
  0x24,0x10,0x0f,0xb6,0x9e,0x08,0x00,0x06,0x00,0x8d,0x94,0x5e,0x0c,0x00,0x06,0x00,
  0xe8,0x07,0x00,0x28,0xbc,0x8d,0x14,0x58,0x83,0xe2,0x03,0x88,0x96,0x08,0x00,0x06,
  0x00,0x85,0xc0,0x0f,0x84,0x22,0x01,0x00,0x00,0x0f,0xb6,0x9e,0x09,0x00,0x06,0x00,
  0x8b,0x4c,0x24,0x10,0x8d,0x94,0x5e,0x14,0x00,0x06,0x00,0xe8,0x07,0x00,0x28,0xbc,
  0x8b,0xf8,0x0f,0xb6,0x8e,0x0a,0x00,0x06,0x00,0x8b,0xdf,0xc1,0xe1,0x06,0x83,0xe3,
  0x01,0x88,0x9e,0x09,0x00,0x06,0x00,0x8d,0x8c,0x31,0x34,0x00,0x06,0x00,0x89,0x4c,
  0x24,0x04,0x8d,0x51,0x02,0x8b,0x4c,0x24,0x10,0xe8,0x07,0x00,0x28,0xbc,0x8b,0x5c,
  0x24,0x04,0x8d,0x4c,0x00,0x04,0x89,0x4c,0x24,0x08,0x8d,0x14,0x0b,0x8b,0x4c,0x24,
  0x10,0xe8,0x07,0x00,0x28,0xbc,0x8b,0xd8,0x03,0x5c,0x24,0x08,0x8b,0x4c,0x24,0x04,
  0x8d,0x14,0x59,0x8b,0x4c,0x24,0x10,0xe8,0x07,0x00,0x28,0xbc,0x8d,0x0c,0x58,0x8b,
  0x5c,0x24,0x04,0x89,0x4c,0x24,0x08,0x8d,0x14,0x4b,0x8b,0x4c,0x24,0x10,0xe8,0x07,
  0x00,0x28,0xbc,0x8b,0xcb,0x8b,0x5c,0x24,0x08,0x8d,0x1c,0x58,0x8d,0x14,0x59,0x8b,
  0x4c,0x24,0x10,0xe8,0x07,0x00,0x28,0xbc,0x8d,0x0c,0x58,0x83,0xe1,0x1f,0x8d,0x51,
  0x01,0x89,0x54,0x24,0x14,0x49,0x89,0x4c,0x24,0x08,0x0f,0x8c,0xd5,0x00,0x00,0x00,
  0x8b,0x4c,0x24,0x10,0x8d,0x96,0x36,0x08,0x06,0x00,0xe8,0x07,0x00,0x28,0xbc,0x89,
  0x2c,0x24,0x8d,0x58,0x02,0x89,0x7c,0x24,0x04,0xba,0x02,0x00,0x00,0x00,0x8b,0x6c,
  0x24,0x08,0x8b,0xc8,0x8b,0xc6,0x8b,0x74,0x24,0x10,0xeb,0x08,0x8b,0x54,0x24,0x10,
  0x8b,0x44,0x24,0x08,0x03,0xd1,0x8b,0xfa,0x83,0xe7,0x3f,0x89,0x44,0x24,0x08,0x8d,
  0x14,0x3f,0x89,0x54,0x24,0x10,0x8d,0x8c,0x02,0x34,0x08,0x06,0x00,0x89,0x4c,0x24,
  0x18,0x4d,0x78,0x6c,0x8b,0xce,0x8b,0x54,0x24,0x18,0xe8,0x07,0x00,0x28,0xbc,0x8b,
  0xc8,0x8d,0x1c,0x59,0x83,0xff,0x20,0x73,0xe8,0xeb,0xc1,0x33,0xc0,0x89,0x44,0x24,
  0x14,0x33,0xff,0x8b,0x44,0x24,0x0c,0xc1,0xe0,0x1f,0xc1,0xe5,0x15,0x8b,0x54,0x24,
  0x14,0x03,0xc5,0x03,0xbe,0x00,0x00,0x06,0x00,0x88,0x96,0x0a,0x00,0x06,0x00,0x03,
  0xc7,0x89,0xbe,0x00,0x00,0x06,0x00,0x83,0xc4,0x20,0x5d,0x5b,0x5f,0x5e,0xc2,0x04,
  0x00,0x8b,0x2c,0x24,0x8b,0x74,0x24,0x08,0x8b,0x7c,0x24,0x04,0x8b,0xd5,0xf7,0xda,
  0x33,0xda,0x03,0xeb,0xe9,0x54,0xfe,0xff,0xff,0xbb,0x01,0x00,0x00,0x00,0xeb,0xec,
  0x8b,0x7c,0x24,0x04,0x8b,0x74,0x24,0x08,0x8b,0x2c,0x24,0x8b,0xd7,0xf7,0xda,0x33,
  0xda,0x03,0xfb,0xeb,0x9e,0xbb,0x01,0x00,0x00,0x00,0xeb,0xef,0x0f,0x1f,0x40,0x00,
  0x56,0x57,0x53,0x55,0x83,0xec,0x20,0x8b,0xda,0x8b,0xe9,0x8b,0x54,0x24,0x38,0x8b,
  0x83,0x88,0x00,0x00,0x00,0x0f,0xb7,0x75,0x06,0x0f,0xb7,0xbc,0x50,0xa0,0x44,0x00,
  0x00,0x0f,0xaf,0xf7,0xf7,0x44,0x24,0x34,0x00,0x00,0x00,0x80,0x0f,0x85,0x85,0x00,
  0x00,0x00,0x8b,0xcf,0xf7,0xd9,0x81,0xc1,0xff,0xff,0x00,0x00,0xc1,0xe9,0x06,0x03,
  0xf9,0x66,0x89,0xbc,0x50,0xa0,0x44,0x00,0x00,0x89,0x75,0x04,0x81,0xfe,0x00,0x00,
  0x00,0x01,0x0f,0x83,0x32,0x01,0x00,0x00,0x8b,0x75,0x08,0x8b,0x45,0x14,0xc1,0xe8,
  0x18,0x88,0x06,0x46,0x3b,0x75,0x10,0x72,0x2f,0x8b,0x45,0x0c,0x2b,0xf0,0x75,0x04,
  0x33,0xc9,0xeb,0x04,0x0f,0xbd,0xce,0x41,0x83,0xc1,0x1e,0xbf,0x01,0x00,0x00,0x00,
  0xd3,0xe7,0x03,0xfe,0x57,0x50,0xe8,0x07,0x02,0x43,0x32,0x83,0xc4,0x08,0x03,0xf8,
  0x03,0xf0,0x89,0x45,0x0c,0x89,0x7d,0x10,0x8b,0x55,0x04,0xc1,0xe2,0x08,0x8b,0x45,
  0x14,0xc1,0xe0,0x08,0x89,0x45,0x14,0x89,0x55,0x04,0x81,0xfa,0x00,0x00,0x00,0x01,
  0x72,0xac,0xe9,0xcc,0x00,0x00,0x00,0x8b,0xcf,0xc1,0xe9,0x06,0x2b,0xf9,0x66,0x89,
  0xbc,0x50,0xa0,0x44,0x00,0x00,0x8b,0x45,0x14,0x8b,0x4d,0x04,0x2b,0xce,0x89,0x4d,
  0x04,0x8d,0x3c,0x06,0x89,0x7d,0x14,0x3b,0xc7,0x76,0x46,0x8b,0x4d,0x08,0x49,0x8b,
  0xf1,0x0f,0xb6,0x01,0x3d,0xff,0x00,0x00,0x00,0x75,0x30,0x33,0xff,0x47,0x8d,0x14,
  0x3f,0xf7,0xda,0x03,0xd6,0x0f,0xb6,0x42,0x01,0x8d,0x4a,0x01,0xc6,0x42,0x02,0x00,
  0x3d,0xff,0x00,0x00,0x00,0x75,0x10,0x0f,0xb6,0x02,0x8b,0xca,0xc6,0x42,0x01,0x00,
  0x3d,0xff,0x00,0x00,0x00,0x74,0xd6,0x8b,0x54,0x24,0x38,0x40,0x88,0x01,0x8b,0x4d,
  0x04,0x81,0xf9,0x00,0x00,0x00,0x01,0x73,0x61,0x8b,0x75,0x08,0x8b,0x45,0x14,0xc1,
  0xe8,0x18,0x88,0x06,0x46,0x3b,0x75,0x10,0x72,0x2f,0x8b,0x45,0x0c,0x2b,0xf0,0x75,
  0x04,0x33,0xc9,0xeb,0x04,0x0f,0xbd,0xce,0x41,0x83,0xc1,0x1e,0xbf,0x01,0x00,0x00,
  0x00,0xd3,0xe7,0x03,0xfe,0x57,0x50,0xe8,0x07,0x02,0x43,0x32,0x83,0xc4,0x08,0x03,
  0xf8,0x03,0xf0,0x89,0x45,0x0c,0x89,0x7d,0x10,0x8b,0x55,0x04,0xc1,0xe2,0x08,0x8b,
  0x45,0x14,0xc1,0xe0,0x08,0x89,0x45,0x14,0x89,0x55,0x04,0x81,0xfa,0x00,0x00,0x00,
  0x01,0x72,0xac,0x8b,0x54,0x24,0x38,0x89,0x75,0x08,0x6a,0x01,0xc1,0xe2,0x0d,0x8b,
  0xcd,0x8b,0x83,0x98,0x00,0x00,0x00,0x6a,0x00,0x8b,0x74,0x24,0x3c,0x81,0xe6,0x00,
  0x00,0xe0,0x7f,0x8d,0x94,0x10,0x00,0x40,0x06,0x00,0xc1,0xee,0x15,0x56,0xe8,0x07,
  0x00,0xdc,0xfc,0x8b,0x9b,0x98,0x00,0x00,0x00,0x33,0xc0,0x8b,0x74,0x24,0x34,0x81,
  0xe6,0xff,0xff,0x1f,0x00,0x8b,0xfe,0x2b,0xbb,0x00,0x00,0x06,0x00,0x89,0xb3,0x00,
  0x00,0x06,0x00,0x0f,0x95,0xc0,0x0f,0xb6,0xb3,0x08,0x00,0x06,0x00,0x8d,0x14,0x70,
  0x83,0xe2,0x03,0x88,0x93,0x08,0x00,0x06,0x00,0x0f,0xb7,0x94,0x73,0x0c,0x00,0x06,
  0x00,0x0f,0xb7,0x45,0x06,0x0f,0xaf,0xc2,0x85,0xff,0x0f,0x85,0x85,0x00,0x00,0x00,
  0x8b,0xfa,0xf7,0xdf,0x81,0xc7,0xff,0xff,0x00,0x00,0xc1,0xef,0x06,0x03,0xd7,0x66,
  0x89,0x94,0x73,0x0c,0x00,0x06,0x00,0x89,0x45,0x04,0x3d,0x00,0x00,0x00,0x01,0x73,
  0x5d,0x8b,0x75,0x08,0x8b,0x45,0x14,0xc1,0xe8,0x18,0x88,0x06,0x46,0x3b,0x75,0x10,
  0x72,0x2f,0x8b,0x45,0x0c,0x2b,0xf0,0x75,0x04,0x33,0xc9,0xeb,0x04,0x0f,0xbd,0xce,
  0x41,0x83,0xc1,0x1e,0xbf,0x01,0x00,0x00,0x00,0xd3,0xe7,0x03,0xfe,0x57,0x50,0xe8,
  0x07,0x02,0x43,0x32,0x83,0xc4,0x08,0x03,0xf8,0x03,0xf0,0x89,0x45,0x0c,0x89,0x7d,
  0x10,0x8b,0x55,0x04,0xc1,0xe2,0x08,0x8b,0x45,0x14,0xc1,0xe0,0x08,0x89,0x45,0x14,
  0x89,0x55,0x04,0x81,0xfa,0x00,0x00,0x00,0x01,0x72,0xac,0x89,0x75,0x08,0x33,0xd2,
  0xe9,0x7e,0x06,0x00,0x00,0x8b,0xca,0xc1,0xe9,0x06,0x2b,0xd1,0x66,0x89,0x94,0x73,
  0x0c,0x00,0x06,0x00,0x8b,0x55,0x14,0x8b,0x4d,0x04,0x2b,0xc8,0x89,0x4d,0x04,0x8d,
  0x34,0x10,0x89,0x75,0x14,0x3b,0xd6,0x76,0x4b,0x8b,0x4d,0x08,0x49,0x8b,0xf1,0x0f,
  0xb6,0x01,0x3d,0xff,0x00,0x00,0x00,0x75,0x35,0x89,0x6c,0x24,0x0c,0x33,0xd2,0x42,
  0x8d,0x2c,0x12,0xf7,0xdd,0x03,0xee,0x0f,0xb6,0x45,0x01,0x8d,0x4d,0x01,0xc6,0x45,
  0x02,0x00,0x3d,0xff,0x00,0x00,0x00,0x75,0x11,0x0f,0xb6,0x45,0x00,0x8b,0xcd,0xc6,
  0x45,0x01,0x00,0x3d,0xff,0x00,0x00,0x00,0x74,0xd5,0x8b,0x6c,0x24,0x0c,0x40,0x88,
  0x01,0x8b,0x4d,0x04,0x81,0xf9,0x00,0x00,0x00,0x01,0x73,0x65,0x8b,0x75,0x08,0x8b,
  0x45,0x14,0x89,0x5c,0x24,0x18,0xc1,0xe8,0x18,0x88,0x06,0x46,0x3b,0x75,0x10,0x72,
  0x2f,0x8b,0x45,0x0c,0x2b,0xf0,0x75,0x04,0x33,0xc9,0xeb,0x04,0x0f,0xbd,0xce,0x41,
  0x83,0xc1,0x1e,0xbb,0x01,0x00,0x00,0x00,0xd3,0xe3,0x03,0xde,0x53,0x50,0xe8,0x07,
  0x02,0x43,0x32,0x83,0xc4,0x08,0x03,0xd8,0x03,0xf0,0x89,0x45,0x0c,0x89,0x5d,0x10,
  0x8b,0x55,0x04,0xc1,0xe2,0x08,0x8b,0x45,0x14,0xc1,0xe0,0x08,0x89,0x45,0x14,0x89,
  0x55,0x04,0x81,0xfa,0x00,0x00,0x00,0x01,0x72,0xac,0x8b,0x5c,0x24,0x18,0x89,0x75,
  0x08,0x85,0xff,0x78,0x04,0x33,0xd2,0xeb,0x07,0xf7,0xdf,0xba,0x01,0x00,0x00,0x00,
  0x0f,0xb6,0xb3,0x09,0x00,0x06,0x00,0x88,0x93,0x09,0x00,0x06,0x00,0x0f,0xb7,0x45,
  0x06,0x0f,0xb7,0x8c,0x73,0x14,0x00,0x06,0x00,0x0f,0xaf,0xc1,0x85,0xd2,0x0f,0x85,
  0x88,0x00,0x00,0x00,0x8b,0xd1,0xf7,0xda,0x81,0xc2,0xff,0xff,0x00,0x00,0xc1,0xea,
  0x06,0x03,0xca,0x66,0x89,0x8c,0x73,0x14,0x00,0x06,0x00,0x89,0x45,0x04,0x3d,0x00,
  0x00,0x00,0x01,0x0f,0x83,0x42,0x01,0x00,0x00,0x8b,0x75,0x08,0x8b,0x45,0x14,0x89,
  0x5c,0x24,0x18,0xc1,0xe8,0x18,0x88,0x06,0x46,0x3b,0x75,0x10,0x72,0x2f,0x8b,0x45,
  0x0c,0x2b,0xf0,0x75,0x04,0x33,0xc9,0xeb,0x04,0x0f,0xbd,0xce,0x41,0x83,0xc1,0x1e,
  0xbb,0x01,0x00,0x00,0x00,0xd3,0xe3,0x03,0xde,0x53,0x50,0xe8,0x07,0x02,0x43,0x32,
  0x83,0xc4,0x08,0x03,0xd8,0x03,0xf0,0x89,0x45,0x0c,0x89,0x5d,0x10,0x8b,0x55,0x04,
  0xc1,0xe2,0x08,0x8b,0x45,0x14,0xc1,0xe0,0x08,0x89,0x45,0x14,0x89,0x55,0x04,0x81,
  0xfa,0x00,0x00,0x00,0x01,0x72,0xac,0xe9,0xd6,0x00,0x00,0x00,0x8b,0xd1,0xc1,0xea,
  0x06,0x2b,0xca,0x66,0x89,0x8c,0x73,0x14,0x00,0x06,0x00,0x8b,0x4d,0x14,0x8b,0x75,
  0x04,0x8d,0x14,0x08,0xf7,0xd8,0x03,0xc6,0x89,0x55,0x14,0x89,0x45,0x04,0x3b,0xca,
  0x76,0x4b,0x8b,0x4d,0x08,0x49,0x8b,0xd1,0x0f,0xb6,0x01,0x3d,0xff,0x00,0x00,0x00,
  0x75,0x35,0x89,0x6c,0x24,0x0c,0x33,0xf6,0x46,0x8d,0x2c,0x36,0xf7,0xdd,0x03,0xea,
  0x0f,0xb6,0x45,0x01,0x8d,0x4d,0x01,0xc6,0x45,0x02,0x00,0x3d,0xff,0x00,0x00,0x00,
  0x75,0x11,0x0f,0xb6,0x45,0x00,0x8b,0xcd,0xc6,0x45,0x01,0x00,0x3d,0xff,0x00,0x00,
  0x00,0x74,0xd5,0x8b,0x6c,0x24,0x0c,0x40,0x88,0x01,0x8b,0x45,0x04,0x3d,0x00,0x00,
  0x00,0x01,0x73,0x67,0x8b,0x75,0x08,0x8b,0x45,0x14,0x89,0x5c,0x24,0x18,0xc1,0xe8,
  0x18,0x88,0x06,0x46,0x3b,0x75,0x10,0x72,0x2f,0x8b,0x45,0x0c,0x2b,0xf0,0x75,0x04,
  0x33,0xc9,0xeb,0x04,0x0f,0xbd,0xce,0x41,0x83,0xc1,0x1e,0xbb,0x01,0x00,0x00,0x00,
  0xd3,0xe3,0x03,0xde,0x53,0x50,0xe8,0x07,0x02,0x43,0x32,0x83,0xc4,0x08,0x03,0xd8,
  0x03,0xf0,0x89,0x45,0x0c,0x89,0x5d,0x10,0x8b,0x55,0x04,0xc1,0xe2,0x08,0x8b,0x45,
  0x14,0xc1,0xe0,0x08,0x89,0x45,0x14,0x89,0x55,0x04,0x81,0xfa,0x00,0x00,0x00,0x01,
  0x72,0xac,0x8b,0x5c,0x24,0x18,0x8b,0xc2,0x89,0x75,0x08,0x85,0xff,0x75,0x04,0x33,
  0xd2,0xeb,0x04,0x0f,0xbd,0xd7,0x42,0x0f,0xb6,0xb3,0x0a,0x00,0x06,0x00,0x8d,0x4a,
  0xff,0xc1,0xe6,0x06,0xc7,0x44,0x24,0x08,0x01,0x00,0x00,0x00,0x89,0x54,0x24,0x04,
  0x89,0x4c,0x24,0x14,0x89,0x7c,0x24,0x1c,0x8d,0xb4,0x1e,0x0c,0x00,0x06,0x00,0x89,
  0x74,0x24,0x10,0x33,0xf6,0x89,0x5c,0x24,0x18,0x8b,0x54,0x24,0x08,0x8b,0xce,0x8b,
  0x7c,0x24,0x10,0xf7,0xd9,0x83,0xc1,0x04,0x8b,0x5c,0x24,0x14,0xc1,0xe8,0x10,0xd3,
  0xeb,0x0f,0xb7,0x7c,0x57,0x28,0x0f,0xaf,0xc7,0x83,0xe3,0x01,0x0f,0x85,0x8d,0x00,
  0x00,0x00,0x8b,0xcf,0xf7,0xd9,0x81,0xc1,0xff,0xff,0x00,0x00,0xc1,0xe9,0x06,0x03,
  0xf9,0x8b,0x4c,0x24,0x10,0x66,0x89,0x7c,0x51,0x28,0x89,0x45,0x04,0x3d,0x00,0x00,
  0x00,0x01,0x0f,0x83,0x54,0x01,0x00,0x00,0x8b,0x45,0x14,0x89,0x54,0x24,0x08,0x8b,
  0x7d,0x08,0x89,0x34,0x24,0x8b,0xd0,0xc1,0xea,0x18,0x88,0x17,0x47,0x3b,0x7d,0x10,
  0x72,0x2f,0x8b,0x45,0x0c,0x2b,0xf8,0x75,0x04,0x33,0xc9,0xeb,0x04,0x0f,0xbd,0xcf,
  0x41,0x83,0xc1,0x1e,0xbe,0x01,0x00,0x00,0x00,0xd3,0xe6,0x03,0xf7,0x56,0x50,0xe8,
  0x07,0x02,0x43,0x32,0x83,0xc4,0x08,0x03,0xf0,0x03,0xf8,0x89,0x45,0x0c,0x89,0x75,
  0x10,0x8b,0x45,0x04,0xc1,0xe0,0x08,0x8b,0x55,0x14,0xc1,0xe2,0x08,0x89,0x55,0x14,
  0x89,0x45,0x04,0x3d,0x00,0x00,0x00,0x01,0x72,0xad,0xe9,0xe3,0x00,0x00,0x00,0x8b,
  0xcf,0xc1,0xe9,0x06,0x2b,0xf9,0x8b,0x4c,0x24,0x10,0x66,0x89,0x7c,0x51,0x28,0x8b,
  0x7d,0x14,0x8d,0x0c,0x38,0xf7,0xd8,0x03,0x45,0x04,0x89,0x4d,0x14,0x89,0x45,0x04,
  0x3b,0xf9,0x76,0x55,0x8b,0x7d,0x08,0x4f,0x8b,0xcf,0x0f,0xb6,0x07,0x3d,0xff,0x00,
  0x00,0x00,0x75,0x3f,0x89,0x54,0x24,0x08,0x33,0xff,0x89,0x6c,0x24,0x0c,0x47,0x8d,
  0x2c,0x3f,0xf7,0xdd,0x03,0xe9,0x0f,0xb6,0x45,0x01,0x8d,0x55,0x01,0xc6,0x45,0x02,
  0x00,0x3d,0xff,0x00,0x00,0x00,0x75,0x11,0x0f,0xb6,0x45,0x00,0x8b,0xd5,0xc6,0x45,
  0x01,0x00,0x3d,0xff,0x00,0x00,0x00,0x74,0xd5,0x8b,0xfa,0x8b,0x54,0x24,0x08,0x8b,
  0x6c,0x24,0x0c,0x40,0x88,0x07,0x8b,0x45,0x04,0x3d,0x00,0x00,0x00,0x01,0x73,0x6c,
  0x8b,0x45,0x14,0x89,0x54,0x24,0x08,0x8b,0x7d,0x08,0x89,0x34,0x24,0x8b,0xd0,0xc1,
  0xea,0x18,0x88,0x17,0x47,0x3b,0x7d,0x10,0x72,0x2f,0x8b,0x45,0x0c,0x2b,0xf8,0x75,
  0x04,0x33,0xc9,0xeb,0x04,0x0f,0xbd,0xcf,0x41,0x83,0xc1,0x1e,0xbe,0x01,0x00,0x00,
  0x00,0xd3,0xe6,0x03,0xf7,0x56,0x50,0xe8,0x07,0x02,0x43,0x32,0x83,0xc4,0x08,0x03,
  0xf0,0x03,0xf8,0x89,0x45,0x0c,0x89,0x75,0x10,0x8b,0x45,0x04,0xc1,0xe0,0x08,0x8b,
  0x55,0x14,0xc1,0xe2,0x08,0x89,0x55,0x14,0x89,0x45,0x04,0x3d,0x00,0x00,0x00,0x01,
  0x72,0xad,0x8b,0x34,0x24,0x8b,0x54,0x24,0x08,0x89,0x7d,0x08,0x03,0xd2,0x46,0x0b,
  0xd3,0x83,0xfe,0x05,0x0f,0x82,0x53,0xfe,0xff,0xff,0x8b,0x54,0x24,0x04,0x8b,0xca,
  0x8b,0x7c,0x24,0x1c,0x83,0xc1,0xfe,0x8b,0x5c,0x24,0x18,0x0f,0x88,0x02,0x02,0x00,
  0x00,0xc7,0x44,0x24,0x10,0x00,0x00,0x00,0x00,0x8d,0x72,0xff,0x89,0x74,0x24,0x14,
  0xbe,0x01,0x00,0x00,0x00,0x89,0x54,0x24,0x04,0x89,0x7c,0x24,0x1c,0x89,0x5c,0x24,
  0x18,0x89,0x6c,0x24,0x0c,0x8b,0x7c,0x24,0x18,0x8d,0x1c,0x36,0x8b,0x6c,0x24,0x1c,
  0xc1,0xe8,0x10,0xd3,0xed,0x0f,0xb7,0x94,0x1f,0x34,0x08,0x06,0x00,0x0f,0xaf,0xc2,
  0x83,0xe5,0x01,0x0f,0x85,0x9a,0x00,0x00,0x00,0x8b,0xfa,0xf7,0xdf,0x81,0xc7,0xff,
  0xff,0x00,0x00,0xc1,0xef,0x06,0x03,0xd7,0x8b,0x7c,0x24,0x18,0x66,0x89,0x94,0x1f,
  0x34,0x08,0x06,0x00,0x8b,0x5c,0x24,0x0c,0x89,0x43,0x04,0x3d,0x00,0x00,0x00,0x01,
  0x0f,0x83,0x64,0x01,0x00,0x00,0x8b,0xd3,0x89,0x34,0x24,0x89,0x4c,0x24,0x08,0x8b,
  0x42,0x14,0x8b,0x5a,0x08,0x8b,0xd0,0x8b,0x74,0x24,0x0c,0xc1,0xea,0x18,0x88,0x13,
  0x43,0x3b,0x5e,0x10,0x72,0x2f,0x8b,0x46,0x0c,0x2b,0xd8,0x75,0x04,0x33,0xc9,0xeb,
  0x04,0x0f,0xbd,0xcb,0x41,0x83,0xc1,0x1e,0xbf,0x01,0x00,0x00,0x00,0xd3,0xe7,0x03,
  0xfb,0x57,0x50,0xe8,0x07,0x02,0x43,0x32,0x83,0xc4,0x08,0x03,0xf8,0x03,0xd8,0x89,
  0x46,0x0c,0x89,0x7e,0x10,0x8b,0x46,0x04,0xc1,0xe0,0x08,0x8b,0x56,0x14,0xc1,0xe2,
  0x08,0x89,0x56,0x14,0x89,0x46,0x04,0x3d,0x00,0x00,0x00,0x01,0x72,0xad,0xe9,0xe7,
  0x00,0x00,0x00,0x8b,0xfa,0xc1,0xef,0x06,0x2b,0xd7,0x8b,0x7c,0x24,0x18,0x66,0x89,
  0x94,0x1f,0x34,0x08,0x06,0x00,0x8b,0x54,0x24,0x0c,0x8b,0x5a,0x14,0x8d,0x3c,0x18,
  0xf7,0xd8,0x03,0x42,0x04,0x89,0x7a,0x14,0x89,0x42,0x04,0x3b,0xdf,0x76,0x4e,0x8b,
  0x52,0x08,0x4a,0x8b,0xda,0x0f,0xb6,0x02,0x3d,0xff,0x00,0x00,0x00,0x75,0x34,0x89,
  0x4c,0x24,0x08,0x33,0xff,0x47,0x8d,0x0c,0x3f,0xf7,0xd9,0x03,0xcb,0x0f,0xb6,0x41,
  0x01,0x8d,0x51,0x01,0xc6,0x41,0x02,0x00,0x3d,0xff,0x00,0x00,0x00,0x75,0x10,0x0f,
  0xb6,0x01,0x8b,0xd1,0xc6,0x41,0x01,0x00,0x3d,0xff,0x00,0x00,0x00,0x74,0xd6,0x8b,
  0x4c,0x24,0x08,0x40,0x88,0x02,0x8b,0x54,0x24,0x0c,0x8b,0x42,0x04,0x3d,0x00,0x00,
  0x00,0x01,0x73,0x76,0x89,0x34,0x24,0x89,0x4c,0x24,0x08,0x8b,0x42,0x14,0x8b,0x5a,
  0x08,0x8b,0xd0,0x8b,0x74,0x24,0x0c,0xc1,0xea,0x18,0x88,0x13,0x43,0x3b,0x5e,0x10,
  0x72,0x2f,0x8b,0x46,0x0c,0x2b,0xd8,0x75,0x04,0x33,0xc9,0xeb,0x04,0x0f,0xbd,0xcb,
  0x41,0x83,0xc1,0x1e,0xbf,0x01,0x00,0x00,0x00,0xd3,0xe7,0x03,0xfb,0x57,0x50,0xe8,
  0x07,0x02,0x43,0x32,0x83,0xc4,0x08,0x03,0xf8,0x03,0xd8,0x89,0x46,0x0c,0x89,0x7e,
  0x10,0x8b,0x46,0x04,0xc1,0xe0,0x08,0x8b,0x56,0x14,0xc1,0xe2,0x08,0x89,0x56,0x14,
  0x89,0x46,0x04,0x3d,0x00,0x00,0x00,0x01,0x72,0xad,0x89,0x74,0x24,0x0c,0x8b,0xfe,
  0x8b,0x34,0x24,0x8b,0x4c,0x24,0x08,0x89,0x5f,0x08,0x49,0x8d,0x5c,0x75,0x00,0x83,
  0xe3,0x3f,0x83,0xfe,0x20,0x8b,0x6c,0x24,0x10,0x0f,0x42,0xf3,0x45,0x89,0x6c,0x24,
  0x10,0x3b,0x6c,0x24,0x14,0x0f,0x82,0x2a,0xfe,0xff,0xff,0x8b,0x54,0x24,0x04,0x8b,
  0x5c,0x24,0x18,0x88,0x93,0x0a,0x00,0x06,0x00,0x83,0xc4,0x20,0x5d,0x5b,0x5f,0x5e,
  0xc2,0x08,0x00,0x0f,0x1f,0x44,0x00,0x00,0x0f,0x1f,0x84,0x00,0x00,0x00,0x00,0x00,
  0x56,0x57,0x53,0x55,0x83,0xec,0x20,0x8b,0xe9,0x8b,0x44,0x24,0x34,0x8b,0xd8,0x2b,
  0x1a,0x89,0x02,0xb8,0x00,0x00,0x00,0x00,0x0f,0x95,0xc0,0x0f,0xb6,0x72,0x08,0x8d,
  0x0c,0x70,0x83,0xe1,0x03,0x88,0x4a,0x08,0x0f,0xb7,0x4c,0x72,0x0c,0x0f,0xb7,0x45,
  0x06,0x0f,0xaf,0xc1,0x85,0xdb,0x0f,0x85,0x86,0x00,0x00,0x00,0x8b,0xd9,0xf7,0xdb,
  0x81,0xc3,0xff,0xff,0x00,0x00,0xc1,0xeb,0x06,0x03,0xcb,0x66,0x89,0x4c,0x72,0x0c,
  0x89,0x45,0x04,0x3d,0x00,0x00,0x00,0x01,0x73,0x61,0x8b,0x5d,0x08,0x8b,0xf2,0x8b,
  0x45,0x14,0xc1,0xe8,0x18,0x88,0x03,0x43,0x3b,0x5d,0x10,0x72,0x2f,0x8b,0x45,0x0c,
  0x2b,0xd8,0x75,0x04,0x33,0xc9,0xeb,0x04,0x0f,0xbd,0xcb,0x41,0x83,0xc1,0x1e,0xbf,
  0x01,0x00,0x00,0x00,0xd3,0xe7,0x03,0xfb,0x57,0x50,0xe8,0x07,0x02,0x43,0x32,0x83,
  0xc4,0x08,0x03,0xf8,0x03,0xd8,0x89,0x45,0x0c,0x89,0x7d,0x10,0x8b,0x4d,0x04,0xc1,
  0xe1,0x08,0x8b,0x45,0x14,0xc1,0xe0,0x08,0x89,0x45,0x14,0x89,0x4d,0x04,0x81,0xf9,
  0x00,0x00,0x00,0x01,0x72,0xac,0x89,0x5d,0x08,0x8b,0xd6,0x33,0xc0,0xe9,0x7d,0x06,
  0x00,0x00,0x8b,0xf9,0xc1,0xef,0x06,0x2b,0xcf,0x66,0x89,0x4c,0x72,0x0c,0x8b,0x4d,
  0x14,0x8b,0x75,0x04,0x2b,0xf0,0x89,0x75,0x04,0x8d,0x3c,0x08,0x89,0x7d,0x14,0x3b,
  0xcf,0x76,0x4a,0x8b,0x75,0x08,0x4e,0x8b,0xfe,0x0f,0xb6,0x06,0x3d,0xff,0x00,0x00,
  0x00,0x75,0x34,0x89,0x54,0x24,0x18,0x33,0xc9,0x41,0x8d,0x14,0x09,0xf7,0xda,0x03,
  0xd7,0x0f,0xb6,0x42,0x01,0x8d,0x72,0x01,0xc6,0x42,0x02,0x00,0x3d,0xff,0x00,0x00,
  0x00,0x75,0x10,0x0f,0xb6,0x02,0x8b,0xf2,0xc6,0x42,0x01,0x00,0x3d,0xff,0x00,0x00,
  0x00,0x74,0xd6,0x8b,0x54,0x24,0x18,0x40,0x88,0x06,0x8b,0x75,0x04,0x81,0xfe,0x00,
  0x00,0x00,0x01,0x73,0x65,0x8b,0x75,0x08,0x8b,0x45,0x14,0x89,0x54,0x24,0x18,0xc1,
  0xe8,0x18,0x88,0x06,0x46,0x3b,0x75,0x10,0x72,0x2f,0x8b,0x45,0x0c,0x2b,0xf0,0x75,
  0x04,0x33,0xc9,0xeb,0x04,0x0f,0xbd,0xce,0x41,0x83,0xc1,0x1e,0xbf,0x01,0x00,0x00,
  0x00,0xd3,0xe7,0x03,0xfe,0x57,0x50,0xe8,0x07,0x02,0x43,0x32,0x83,0xc4,0x08,0x03,
  0xf8,0x03,0xf0,0x89,0x45,0x0c,0x89,0x7d,0x10,0x8b,0x55,0x04,0xc1,0xe2,0x08,0x8b,
  0x45,0x14,0xc1,0xe0,0x08,0x89,0x45,0x14,0x89,0x55,0x04,0x81,0xfa,0x00,0x00,0x00,
  0x01,0x72,0xac,0x8b,0x54,0x24,0x18,0x89,0x75,0x08,0x85,0xdb,0x78,0x04,0x33,0xc0,
  0xeb,0x07,0xf7,0xdb,0xb8,0x01,0x00,0x00,0x00,0x0f,0xb6,0x4a,0x09,0x88,0x42,0x09,
  0x0f,0xb7,0x7d,0x06,0x0f,0xb7,0x74,0x4a,0x14,0x0f,0xaf,0xfe,0x85,0xc0,0x0f,0x85,
  0x85,0x00,0x00,0x00,0x8b,0xc6,0xf7,0xd8,0x05,0xff,0xff,0x00,0x00,0xc1,0xe8,0x06,
  0x03,0xf0,0x66,0x89,0x74,0x4a,0x14,0x89,0x7d,0x04,0x81,0xff,0x00,0x00,0x00,0x01,
  0x0f,0x83,0x3d,0x01,0x00,0x00,0x8b,0x75,0x08,0x8b,0x45,0x14,0x89,0x54,0x24,0x18,
  0xc1,0xe8,0x18,0x88,0x06,0x46,0x3b,0x75,0x10,0x72,0x2f,0x8b,0x45,0x0c,0x2b,0xf0,
  0x75,0x04,0x33,0xc9,0xeb,0x04,0x0f,0xbd,0xce,0x41,0x83,0xc1,0x1e,0xbf,0x01,0x00,
  0x00,0x00,0xd3,0xe7,0x03,0xfe,0x57,0x50,0xe8,0x07,0x02,0x43,0x32,0x83,0xc4,0x08,
  0x03,0xf8,0x03,0xf0,0x89,0x45,0x0c,0x89,0x7d,0x10,0x8b,0x7d,0x04,0xc1,0xe7,0x08,
  0x8b,0x45,0x14,0xc1,0xe0,0x08,0x89,0x45,0x14,0x89,0x7d,0x04,0x81,0xff,0x00,0x00,
  0x00,0x01,0x72,0xac,0xe9,0xd3,0x00,0x00,0x00,0x8b,0xc6,0xc1,0xe8,0x06,0x2b,0xf0,
  0x66,0x89,0x74,0x4a,0x14,0x8b,0x45,0x14,0x8b,0x4d,0x04,0x8d,0x34,0x07,0xf7,0xdf,
  0x03,0xf9,0x89,0x75,0x14,0x89,0x7d,0x04,0x3b,0xc6,0x76,0x4a,0x8b,0x75,0x08,0x4e,
  0x8b,0xfe,0x0f,0xb6,0x06,0x3d,0xff,0x00,0x00,0x00,0x75,0x34,0x89,0x54,0x24,0x18,
  0x33,0xc9,0x41,0x8d,0x14,0x09,0xf7,0xda,0x03,0xd7,0x0f,0xb6,0x42,0x01,0x8d,0x72,
  0x01,0xc6,0x42,0x02,0x00,0x3d,0xff,0x00,0x00,0x00,0x75,0x10,0x0f,0xb6,0x02,0x8b,
  0xf2,0xc6,0x42,0x01,0x00,0x3d,0xff,0x00,0x00,0x00,0x74,0xd6,0x8b,0x54,0x24,0x18,
  0x40,0x88,0x06,0x8b,0x7d,0x04,0x81,0xff,0x00,0x00,0x00,0x01,0x73,0x65,0x8b,0x75,
  0x08,0x8b,0x45,0x14,0x89,0x54,0x24,0x18,0xc1,0xe8,0x18,0x88,0x06,0x46,0x3b,0x75,
  0x10,0x72,0x2f,0x8b,0x45,0x0c,0x2b,0xf0,0x75,0x04,0x33,0xc9,0xeb,0x04,0x0f,0xbd,
  0xce,0x41,0x83,0xc1,0x1e,0xbf,0x01,0x00,0x00,0x00,0xd3,0xe7,0x03,0xfe,0x57,0x50,
  0xe8,0x07,0x02,0x43,0x32,0x83,0xc4,0x08,0x03,0xf8,0x03,0xf0,0x89,0x45,0x0c,0x89,
  0x7d,0x10,0x8b,0x7d,0x04,0xc1,0xe7,0x08,0x8b,0x45,0x14,0xc1,0xe0,0x08,0x89,0x45,
  0x14,0x89,0x7d,0x04,0x81,0xff,0x00,0x00,0x00,0x01,0x72,0xac,0x8b,0x54,0x24,0x18,
  0x89,0x75,0x08,0x85,0xdb,0x75,0x04,0x33,0xc0,0xeb,0x04,0x0f,0xbd,0xc3,0x40,0x0f,
  0xb6,0x4a,0x0a,0x33,0xf6,0xc1,0xe1,0x05,0xc7,0x44,0x24,0x08,0x01,0x00,0x00,0x00,
  0x89,0x54,0x24,0x18,0x89,0x44,0x24,0x04,0x89,0x5c,0x24,0x1c,0x8d,0x4c,0x11,0x0c,
  0x89,0x4c,0x24,0x10,0x8d,0x48,0xff,0x89,0x4c,0x24,0x14,0x8b,0x54,0x24,0x08,0x8b,
  0xce,0x8b,0x44,0x24,0x10,0xf7,0xd9,0x83,0xc1,0x03,0x8b,0x5c,0x24,0x14,0xc1,0xef,
  0x10,0xd3,0xeb,0x0f,0xb7,0x44,0x50,0x28,0x0f,0xaf,0xf8,0x83,0xe3,0x01,0x0f,0x85,
  0x8f,0x00,0x00,0x00,0x8b,0xc8,0xf7,0xd9,0x81,0xc1,0xff,0xff,0x00,0x00,0xc1,0xe9,
  0x06,0x03,0xc1,0x8b,0x4c,0x24,0x10,0x66,0x89,0x44,0x51,0x28,0x89,0x7d,0x04,0x81,
  0xff,0x00,0x00,0x00,0x01,0x0f,0x83,0x59,0x01,0x00,0x00,0x8b,0x45,0x14,0x8b,0x4d,
  0x08,0x89,0x34,0x24,0x8b,0xf1,0x89,0x54,0x24,0x08,0xc1,0xe8,0x18,0x88,0x06,0x46,
  0x3b,0x75,0x10,0x72,0x2f,0x8b,0x45,0x0c,0x2b,0xf0,0x75,0x04,0x33,0xc9,0xeb,0x04,
  0x0f,0xbd,0xce,0x41,0x83,0xc1,0x1e,0xbf,0x01,0x00,0x00,0x00,0xd3,0xe7,0x03,0xfe,
  0x57,0x50,0xe8,0x07,0x02,0x43,0x32,0x83,0xc4,0x08,0x03,0xf8,0x03,0xf0,0x89,0x45,
  0x0c,0x89,0x7d,0x10,0x8b,0x7d,0x04,0xc1,0xe7,0x08,0x8b,0x45,0x14,0xc1,0xe0,0x08,
  0x89,0x45,0x14,0x89,0x7d,0x04,0x81,0xff,0x00,0x00,0x00,0x01,0x72,0xac,0xe9,0xe5,
  0x00,0x00,0x00,0x8b,0xc8,0xc1,0xe9,0x06,0x2b,0xc1,0x8b,0x4c,0x24,0x10,0x66,0x89,
  0x44,0x51,0x28,0x8b,0x45,0x14,0x8d,0x0c,0x07,0xf7,0xdf,0x03,0x7d,0x04,0x89,0x4d,
  0x14,0x89,0x7d,0x04,0x3b,0xc1,0x76,0x55,0x8b,0x4d,0x08,0x49,0x8b,0xf9,0x0f,0xb6,
  0x01,0x3d,0xff,0x00,0x00,0x00,0x75,0x3f,0x89,0x54,0x24,0x08,0x33,0xc9,0x89,0x6c,
  0x24,0x0c,0x41,0x8d,0x2c,0x09,0xf7,0xdd,0x03,0xef,0x0f,0xb6,0x45,0x01,0x8d,0x55,
  0x01,0xc6,0x45,0x02,0x00,0x3d,0xff,0x00,0x00,0x00,0x75,0x11,0x0f,0xb6,0x45,0x00,
  0x8b,0xd5,0xc6,0x45,0x01,0x00,0x3d,0xff,0x00,0x00,0x00,0x74,0xd5,0x8b,0xca,0x8b,
  0x54,0x24,0x08,0x8b,0x6c,0x24,0x0c,0x40,0x88,0x01,0x8b,0x7d,0x04,0x81,0xff,0x00,
  0x00,0x00,0x01,0x73,0x6f,0x8b,0x45,0x14,0x8b,0x4d,0x08,0x89,0x34,0x24,0x8b,0xf1,
  0x89,0x54,0x24,0x08,0xc1,0xe8,0x18,0x88,0x06,0x46,0x3b,0x75,0x10,0x72,0x2f,0x8b,
  0x45,0x0c,0x2b,0xf0,0x75,0x04,0x33,0xc9,0xeb,0x04,0x0f,0xbd,0xce,0x41,0x83,0xc1,
  0x1e,0xbf,0x01,0x00,0x00,0x00,0xd3,0xe7,0x03,0xfe,0x57,0x50,0xe8,0x07,0x02,0x43,
  0x32,0x83,0xc4,0x08,0x03,0xf8,0x03,0xf0,0x89,0x45,0x0c,0x89,0x7d,0x10,0x8b,0x7d,
  0x04,0xc1,0xe7,0x08,0x8b,0x45,0x14,0xc1,0xe0,0x08,0x89,0x45,0x14,0x89,0x7d,0x04,
  0x81,0xff,0x00,0x00,0x00,0x01,0x72,0xac,0x8b,0xce,0x8b,0x34,0x24,0x8b,0x54,0x24,
  0x08,0x89,0x4d,0x08,0x03,0xd2,0x46,0x0b,0xd3,0x83,0xfe,0x04,0x0f,0x82,0x4d,0xfe,
  0xff,0xff,0x8b,0x44,0x24,0x04,0x8b,0xc8,0x8b,0x5c,0x24,0x1c,0x83,0xc1,0xfe,0x8b,
  0x54,0x24,0x18,0x0f,0x88,0x16,0x02,0x00,0x00,0xc7,0x44,0x24,0x10,0x00,0x00,0x00,
  0x00,0x8d,0x70,0xff,0x89,0x74,0x24,0x14,0xbe,0x01,0x00,0x00,0x00,0x89,0x44,0x24,
  0x04,0x89,0x5c,0x24,0x1c,0x89,0x6c,0x24,0x0c,0x89,0x54,0x24,0x18,0x8b,0x44,0x24,
  0x18,0x8d,0x14,0x36,0x8b,0x6c,0x24,0x1c,0xc1,0xef,0x10,0xd3,0xed,0x0f,0xb7,0x84,
  0x10,0x34,0x08,0x00,0x00,0x0f,0xaf,0xf8,0x83,0xe5,0x01,0x0f,0x85,0xaa,0x00,0x00,
  0x00,0x8b,0xd8,0xf7,0xdb,0x81,0xc3,0xff,0xff,0x00,0x00,0xc1,0xeb,0x06,0x03,0xc3,
  0x8b,0x5c,0x24,0x18,0x66,0x89,0x84,0x13,0x34,0x08,0x00,0x00,0x8b,0x44,0x24,0x0c,
  0x89,0x78,0x04,0x81,0xff,0x00,0x00,0x00,0x01,0x0f,0x83,0x77,0x01,0x00,0x00,0x8b,
  0xd8,0x89,0x34,0x24,0x89,0x4c,0x24,0x08,0x8b,0x43,0x14,0x8b,0x53,0x08,0x8b,0xf2,
  0xc1,0xe8,0x18,0x88,0x06,0x46,0x3b,0x73,0x10,0x72,0x2f,0x8b,0x43,0x0c,0x2b,0xf0,
  0x75,0x04,0x33,0xc9,0xeb,0x04,0x0f,0xbd,0xce,0x41,0x83,0xc1,0x1e,0xbf,0x01,0x00,
  0x00,0x00,0xd3,0xe7,0x03,0xfe,0x57,0x50,0xe8,0x07,0x02,0x43,0x32,0x83,0xc4,0x08,
  0x03,0xf8,0x03,0xf0,0x89,0x43,0x0c,0x89,0x7b,0x10,0x8b,0x7b,0x04,0xc1,0xe7,0x08,
  0x8b,0x43,0x14,0xc1,0xe0,0x08,0x89,0x43,0x14,0x89,0x7b,0x04,0x81,0xff,0x00,0x00,
  0x00,0x01,0x72,0xac,0x89,0x5c,0x24,0x0c,0x8b,0xd6,0x8b,0xc3,0x8b,0x34,0x24,0x8b,
  0x4c,0x24,0x08,0x89,0x50,0x08,0xe9,0xfb,0x00,0x00,0x00,0x8b,0xd8,0xc1,0xeb,0x06,
  0x2b,0xc3,0x8b,0x5c,0x24,0x18,0x66,0x89,0x84,0x13,0x34,0x08,0x00,0x00,0x8b,0x5c,
  0x24,0x0c,0x8b,0x43,0x14,0x8d,0x14,0x07,0xf7,0xdf,0x03,0x7b,0x04,0x89,0x53,0x14,
  0x89,0x7b,0x04,0x3b,0xc2,0x76,0x50,0x8b,0xd3,0x8b,0x52,0x08,0x4a,0x8b,0xda,0x0f,
  0xb6,0x02,0x3d,0xff,0x00,0x00,0x00,0x75,0x34,0x89,0x4c,0x24,0x08,0x33,0xff,0x47,
  0x8d,0x0c,0x3f,0xf7,0xd9,0x03,0xcb,0x0f,0xb6,0x41,0x01,0x8d,0x51,0x01,0xc6,0x41,
  0x02,0x00,0x3d,0xff,0x00,0x00,0x00,0x75,0x10,0x0f,0xb6,0x01,0x8b,0xd1,0xc6,0x41,
  0x01,0x00,0x3d,0xff,0x00,0x00,0x00,0x74,0xd6,0x8b,0x4c,0x24,0x08,0x40,0x88,0x02,
  0x8b,0x54,0x24,0x0c,0x8b,0x7a,0x04,0x81,0xff,0x00,0x00,0x00,0x01,0x73,0x77,0x8b,
  0x54,0x24,0x0c,0x89,0x34,0x24,0x8b,0xf2,0x89,0x4c,0x24,0x08,0x8b,0x42,0x14,0x8b,
  0x5a,0x08,0xc1,0xe8,0x18,0x88,0x03,0x43,0x3b,0x5e,0x10,0x72,0x2f,0x8b,0x46,0x0c,
  0x2b,0xd8,0x75,0x04,0x33,0xc9,0xeb,0x04,0x0f,0xbd,0xcb,0x41,0x83,0xc1,0x1e,0xbf,
  0x01,0x00,0x00,0x00,0xd3,0xe7,0x03,0xfb,0x57,0x50,0xe8,0x07,0x02,0x43,0x32,0x83,
  0xc4,0x08,0x03,0xf8,0x03,0xd8,0x89,0x46,0x0c,0x89,0x7e,0x10,0x8b,0x7e,0x04,0xc1,
  0xe7,0x08,0x8b,0x46,0x14,0xc1,0xe0,0x08,0x89,0x46,0x14,0x89,0x7e,0x04,0x81,0xff,
  0x00,0x00,0x00,0x01,0x72,0xac,0x89,0x74,0x24,0x0c,0x8b,0xc6,0x8b,0x34,0x24,0x8b,
  0x4c,0x24,0x08,0x89,0x58,0x08,0x8b,0x54,0x24,0x10,0x8d,0x44,0x75,0x00,0x83,0xe0,
  0x03,0x83,0xfe,0x02,0x0f,0x42,0xf0,0x42,0x49,0x89,0x54,0x24,0x10,0x3b,0x54,0x24,
  0x14,0x0f,0x82,0x16,0xfe,0xff,0xff,0x8b,0x44,0x24,0x04,0x8b,0x54,0x24,0x18,0x88,
  0x42,0x0a,0x33,0xc0,0x83,0xc4,0x20,0x5d,0x5b,0x5f,0x5e,0xc2,0x0c,0x00,0x66,0x90,
  0x56,0x53,0x55,0x8b,0xd9,0x66,0x0f,0xef,0xc0,0x8b,0xf2,0xf3,0x0f,0x2a,0xc3,0xe8,
  0x07,0x01,0xda,0x7c,0x0f,0x28,0xc8,0x66,0x0f,0xef,0xc0,0xf3,0x0f,0x2a,0xc6,0xf3,
  0x0f,0x5e,0xc8,0xf3,0x0f,0x5a,0xc9,0x0f,0x28,0xc1,0xe8,0x07,0x01,0xdb,0xdc,0xf2,
  0x0f,0x10,0x1d,0x00,0x02,0xd2,0xd0,0x0f,0x54,0xd8,0x0f,0x28,0xd3,0xf2,0x0f,0x10,
  0x0d,0x00,0x02,0xd2,0xd8,0x66,0x0f,0xef,0xd0,0xf2,0x0f,0x10,0x25,0x00,0x02,0xd2,
  0xe0,0xf2,0x0f,0xc2,0xd1,0x01,0x0f,0x54,0xd1,0x66,0x0f,0xef,0xc9,0x0f,0x56,0xd3,
  0x0f,0x28,0xf2,0xf2,0x0f,0x2a,0xce,0xf2,0x0f,0x58,0xf0,0xf2,0x0f,0x5c,0xf2,0x0f,
  0x28,0xee,0xf2,0x0f,0x5c,0xe8,0x66,0x0f,0xef,0xc0,0xf2,0x0f,0xc2,0xeb,0x06,0x0f,
  0x54,0xec,0xf2,0x0f,0x5c,0xf5,0xf2,0x0f,0x2d,0xee,0xf3,0x0f,0x2a,0xc5,0xf3,0x0f,
  0x58,0x05,0x00,0x02,0xd2,0xe8,0xf3,0x0f,0x5a,0xc0,0xe8,0x07,0x01,0xde,0x0c,0xf2,
  0x0f,0x10,0x1d,0x00,0x02,0xd2,0xd0,0x0f,0x28,0xd0,0x0f,0x54,0xda,0x8d,0x4d,0x01,
  0x0f,0x28,0xcb,0xf2,0x0f,0x10,0x05,0x00,0x02,0xd2,0xd8,0x66,0x0f,0xef,0xca,0xf2,
  0x0f,0x10,0x25,0x00,0x02,0xd2,0xe0,0xf2,0x0f,0xc2,0xc8,0x01,0x0f,0x54,0xc1,0x0f,
  0x56,0xc3,0x0f,0x28,0xf0,0xf2,0x0f,0x58,0xf2,0xf2,0x0f,0x5c,0xf0,0x0f,0x28,0xee,
  0xf2,0x0f,0x5c,0xea,0xf2,0x0f,0xc2,0xeb,0x06,0x0f,0x54,0xec,0xf2,0x0f,0x5c,0xf5,
  0xf2,0x0f,0x2d,0xd6,0x3b,0xd3,0x0f,0x4e,0xe9,0x8b,0xc5,0x5d,0x5b,0x5e,0xc3,0x90,
  0x55,0x8b,0xec,0x83,0xe4,0xf0,0x56,0x57,0x53,0x83,0xec,0x44,0x8b,0xfa,0x89,0x4c,
  0x24,0x18,0x8b,0x99,0xf4,0x06,0x00,0x00,0x80,0x7f,0x17,0x00,0x75,0x14,0x8b,0x47,
  0x04,0x89,0x44,0x24,0x24,0xc7,0x44,0x24,0x2c,0x00,0x00,0x00,0x00,0xe9,0x7a,0x01,
  0x00,0x00,0xff,0x77,0x04,0xe8,0x07,0x02,0x43,0x0a,0x89,0x44,0x24,0x30,0x83,0xc4,
  0x04,0x8b,0xb7,0x38,0x08,0x00,0x00,0x85,0xf6,0x0f,0x8e,0xc9,0x00,0x00,0x00,0x8b,
  0x4f,0x08,0x83,0xfe,0x04,0x0f,0x8c,0x0c,0x05,0x00,0x00,0x8b,0xd6,0x33,0xc0,0x66,
  0x0f,0xef,0xd2,0x83,0xe2,0xfc,0xf3,0x0f,0x6f,0x0d,0x00,0x02,0xd2,0x60,0x66,0x0f,
  0x6f,0xc2,0x66,0x0f,0x6e,0x24,0x08,0x66,0x0f,0x6f,0xd8,0x66,0x0f,0x60,0xe2,0x66,
  0x0f,0xfa,0xd9,0x66,0x0f,0x61,0xe2,0x83,0xc0,0x04,0x66,0x0f,0x6f,0xec,0x66,0x0f,
  0xef,0xe0,0x66,0x0f,0xfa,0xe9,0x66,0x0f,0x66,0xeb,0x66,0x0f,0xdb,0xec,0x66,0x0f,
  0xef,0xc5,0x3b,0xc2,0x72,0xcc,0x66,0x0f,0x6f,0xd8,0x66,0x0f,0x6f,0xe0,0x66,0x0f,
  0x73,0xdb,0x08,0x66,0x0f,0xfa,0xe1,0x66,0x0f,0x6f,0xd3,0x66,0x0f,0xef,0xc3,0x66,
  0x0f,0xfa,0xd1,0x66,0x0f,0x66,0xe2,0x66,0x0f,0xdb,0xe0,0x66,0x0f,0xef,0xe3,0x66,
  0x0f,0x6f,0xec,0x66,0x0f,0x6f,0xf4,0x66,0x0f,0x73,0xdd,0x04,0x66,0x0f,0xfa,0xf1,
  0x66,0x0f,0x6f,0xc5,0x66,0x0f,0xef,0xe5,0x66,0x0f,0xfa,0xc1,0x66,0x0f,0x66,0xf0,
  0x66,0x0f,0xdb,0xf4,0x66,0x0f,0xef,0xf5,0x66,0x0f,0x7e,0xf0,0x3b,0xd6,0x73,0x1a,
  0x89,0x7c,0x24,0x20,0x0f,0xb6,0x3c,0x0a,0x3b,0xf8,0x0f,0x47,0xc7,0x42,0x3b,0xd6,
  0x72,0xf2,0x8b,0x7c,0x24,0x20,0xeb,0x02,0x33,0xc0,0x8b,0x57,0x04,0x89,0x54,0x24,
  0x24,0x52,0x50,0xff,0x74,0x24,0x34,0xe8,0x07,0x01,0xfc,0xac,0x83,0xc4,0x0c,0x85,
  0xf6,0x7e,0x79,0x8b,0xce,0xd1,0xe9,0x8b,0x87,0x34,0x08,0x00,0x00,0x8b,0x57,0x08,
  0x89,0x44,0x24,0x04,0x85,0xc9,0x0f,0x86,0xc6,0x05,0x00,0x00,0x89,0x34,0x24,0x33,
  0xc0,0x89,0x4c,0x24,0x08,0x89,0x5c,0x24,0x14,0x89,0x7c,0x24,0x20,0x8b,0x74,0x24,
  0x04,0x8b,0x1c,0xc6,0x8b,0x7c,0x24,0x2c,0x0f,0xb6,0x0c,0x42,0x88,0x0c,0x3b,0x8b,
  0x4c,0xc6,0x04,0x0f,0xb6,0x5c,0x42,0x01,0x40,0x88,0x1c,0x39,0x3b,0x44,0x24,0x08,
  0x72,0xdf,0x8b,0x34,0x24,0x8d,0x44,0x00,0x01,0x8b,0x5c,0x24,0x14,0x8b,0x7c,0x24,
  0x20,0x8d,0x48,0xff,0x3b,0xce,0x73,0x14,0x8b,0x4c,0x24,0x04,0x0f,0xb6,0x54,0x02,
  0xff,0x8b,0x74,0x81,0xfc,0x8b,0x44,0x24,0x2c,0x88,0x14,0x06,0x8b,0x33,0xb8,0xff,
  0xff,0xff,0xff,0xc7,0x44,0x24,0x1c,0x00,0x00,0x00,0x00,0x85,0xf6,0x0f,0x8e,0x8f,
  0x00,0x00,0x00,0x8b,0x4b,0x10,0x8b,0x57,0x18,0x89,0x54,0x24,0x30,0x33,0xd2,0x89,
  0x74,0x24,0x28,0x89,0x4c,0x24,0x34,0x89,0x5c,0x24,0x14,0x89,0x7c,0x24,0x20,0x8b,
  0xfa,0xc1,0xe7,0x05,0x8b,0x74,0x24,0x34,0x8b,0x5c,0x24,0x30,0x8b,0x4c,0x24,0x2c,
  0x3b,0x5c,0x37,0x08,0x75,0x36,0x8b,0x5c,0x24,0x20,0xf3,0x0f,0x10,0x44,0x37,0x10,
  0xf3,0x0f,0xc2,0x43,0x10,0x00,0x8b,0x5c,0x24,0x24,0x3b,0x5c,0x37,0x04,0xbb,0x01,
  0x00,0x00,0x00,0xbe,0x00,0x00,0x00,0x00,0x0f,0x45,0xde,0x66,0x0f,0x7e,0xc6,0xf7,
  0xde,0x23,0xf3,0x83,0xfe,0x01,0x0f,0x84,0x44,0x03,0x00,0x00,0xbb,0xff,0xff,0xff,
  0xff,0x3b,0xd8,0x73,0x0a,0x89,0x54,0x24,0x1c,0x8b,0xc3,0x85,0xdb,0x74,0x07,0x42,
  0x3b,0x54,0x24,0x28,0x72,0x99,0x8b,0x74,0x24,0x28,0x8b,0x5c,0x24,0x14,0x8b,0x7c,
  0x24,0x20,0xc1,0xe0,0x08,0x33,0xd2,0xf7,0x74,0x24,0x24,0x3d,0x00,0x01,0x00,0x00,
  0x77,0x36,0x8b,0x4c,0x24,0x1c,0x8b,0xd1,0xc1,0xe2,0x05,0x8b,0x43,0x10,0xff,0x04,
  0x10,0x8b,0x5b,0x0c,0xc6,0x04,0x0b,0x01,0x80,0x7f,0x17,0x00,0x74,0x0c,0xff,0x74,
  0x24,0x2c,0xe8,0x07,0x02,0x43,0x15,0x83,0xc4,0x04,0x8b,0x44,0x24,0x1c,0x83,0xc4,
  0x44,0x5b,0x5f,0x5e,0x8b,0xe5,0x5d,0xc3,0x8b,0x53,0x04,0x3b,0xf2,0x0f,0x82,0x17,
  0x02,0x00,0x00,0x3d,0xff,0x0f,0x00,0x00,0x0f,0x82,0x7e,0x01,0x00,0x00,0x85,0xd2,
  0x0f,0x8e,0x91,0x00,0x00,0x00,0x8b,0xc2,0xd1,0xe8,0xc7,0x04,0x24,0xff,0xff,0xff,
  0xff,0x8b,0x73,0x10,0x85,0xc0,0x0f,0x86,0x3c,0x04,0x00,0x00,0x89,0x54,0x24,0x08,
  0x33,0xc9,0x89,0x5c,0x24,0x14,0x89,0x7c,0x24,0x20,0x8b,0x14,0x24,0x8b,0xf9,0xc1,
  0xe7,0x06,0x8b,0x1c,0x3e,0x3b,0xda,0x73,0x11,0x8d,0x14,0x09,0x89,0x54,0x24,0x1c,
  0x8b,0xd3,0x85,0xdb,0x0f,0x84,0xd8,0x03,0x00,0x00,0x8b,0x5c,0x3e,0x20,0x3b,0xda,
  0x73,0x12,0x8b,0xd3,0x85,0xdb,0x8d,0x5c,0x09,0x01,0x89,0x5c,0x24,0x1c,0x0f,0x84,
  0xbe,0x03,0x00,0x00,0x41,0x3b,0xc8,0x72,0xc4,0x89,0x14,0x24,0x8d,0x44,0x09,0x01,
  0x8b,0x54,0x24,0x08,0x8b,0x5c,0x24,0x14,0x8b,0x7c,0x24,0x20,0x48,0x3b,0xc2,0x73,
  0x16,0x8b,0xc8,0xc1,0xe1,0x05,0x8b,0x14,0x24,0x3b,0x14,0x31,0x8b,0x74,0x24,0x1c,
  0x0f,0x47,0xf0,0x89,0x74,0x24,0x1c,0x8b,0x44,0x24,0x18,0x69,0x4c,0x24,0x1c,0x00,
  0xa8,0x08,0x00,0x8b,0x90,0x88,0x00,0x00,0x00,0x8d,0x84,0x0a,0xb8,0x44,0x12,0x00,
  0x8b,0xf0,0x83,0xe6,0x0f,0x74,0x23,0xf7,0xc6,0x01,0x00,0x00,0x00,0x0f,0x85,0x6c,
  0x03,0x00,0x00,0xf7,0xde,0x33,0xc9,0x83,0xc6,0x10,0xba,0x00,0x80,0x00,0x00,0xd1,
  0xee,0x66,0x89,0x14,0x48,0x41,0x3b,0xce,0x72,0xf7,0x8b,0xce,0xf7,0xd9,0x83,0xe1,
  0x1f,0xf7,0xd9,0xf3,0x0f,0x6f,0x05,0x00,0x02,0xd2,0x80,0x8d,0x91,0x00,0x54,0x04,
  0x00,0xf3,0x0f,0x7f,0x04,0x70,0xf3,0x0f,0x7f,0x44,0x70,0x10,0xf3,0x0f,0x7f,0x44,
  0x70,0x20,0xf3,0x0f,0x7f,0x44,0x70,0x30,0x83,0xc6,0x20,0x3b,0xf2,0x72,0xe2,0x8d,
  0xb1,0x01,0x54,0x04,0x00,0x81,0xfe,0x00,0x54,0x04,0x00,0x77,0x5c,0x8b,0xf2,0xf7,
  0xde,0x81,0xc6,0x00,0x54,0x04,0x00,0x89,0x74,0x24,0x04,0x83,0xfe,0x08,0x0f,0x82,
  0x1d,0x03,0x00,0x00,0x89,0x7c,0x24,0x20,0x8d,0xb4,0x48,0x00,0xa8,0x08,0x00,0x89,
  0x34,0x24,0x33,0xc9,0x8b,0x74,0x24,0x04,0x8b,0x3c,0x24,0x83,0xe6,0xf8,0xf3,0x0f,
  0x7f,0x04,0x4f,0x83,0xc1,0x08,0x3b,0xce,0x72,0xf4,0x8b,0x7c,0x24,0x20,0x3b,0x74,
  0x24,0x04,0x73,0x15,0x8b,0x4c,0x24,0x04,0x8d,0x14,0x50,0xb8,0x00,0x80,0x00,0x00,
  0x66,0x89,0x04,0x72,0x46,0x3b,0xf1,0x72,0xf7,0x8b,0x53,0x04,0x8b,0x43,0x10,0x89,
  0x04,0x24,0x85,0xd2,0x0f,0x8e,0xc0,0x02,0x00,0x00,0x8b,0xf2,0x33,0xc0,0xd1,0xee,
  0x85,0xf6,0x0f,0x86,0xa8,0x02,0x00,0x00,0x89,0x54,0x24,0x08,0x33,0xc9,0x89,0x5c,
  0x24,0x14,0x89,0x7c,0x24,0x20,0x8b,0x5c,0x24,0x1c,0x8b,0x14,0x24,0x8d,0x3c,0x09,
  0x3b,0xfb,0x74,0x08,0x8b,0xf9,0xc1,0xe7,0x06,0x03,0x04,0x3a,0x8d,0x7c,0x09,0x01,
  0x3b,0xfb,0x74,0x09,0x8b,0xf9,0xc1,0xe7,0x06,0x03,0x44,0x3a,0x20,0x41,0x3b,0xce,
  0x72,0xdb,0x8b,0x54,0x24,0x08,0x8d,0x4c,0x09,0x01,0x8b,0x5c,0x24,0x14,0x8b,0x7c,
  0x24,0x20,0x49,0x3b,0xca,0x73,0x0f,0x3b,0x4c,0x24,0x1c,0x74,0x09,0xc1,0xe1,0x05,
  0x8b,0x14,0x24,0x03,0x04,0x11,0x8b,0x74,0x24,0x1c,0xc1,0xe6,0x05,0x8b,0x14,0x24,
  0x8b,0x4b,0x08,0xd3,0xe8,0x89,0x04,0x32,0xeb,0x0c,0x89,0x74,0x24,0x1c,0x8d,0x46,
  0x01,0x89,0x03,0xc1,0xe6,0x05,0x8b,0x43,0x10,0x8b,0x4f,0x04,0x89,0x44,0x24,0x04,
  0x8b,0x54,0x06,0x14,0x3b,0x4c,0x06,0x0c,0x76,0x32,0x85,0xd2,0x74,0x11,0x52,0x89,
  0x4c,0x24,0x04,0xe8,0x07,0x02,0x43,0x15,0x8b,0x4c,0x24,0x04,0x83,0xc4,0x04,0x51,
  0xe8,0x07,0x02,0x43,0x0a,0x8b,0xd0,0x83,0xc4,0x04,0x8b,0x4c,0x24,0x04,0x89,0x54,
  0x0e,0x14,0x8b,0x47,0x04,0x89,0x44,0x0e,0x0c,0x8b,0x4f,0x04,0x8b,0x44,0x24,0x04,
  0x89,0x4c,0x06,0x04,0x8b,0x4f,0x10,0x89,0x4c,0x06,0x10,0x8b,0x4f,0x18,0x89,0x4c,
  0x06,0x08,0x80,0x7f,0x17,0x00,0x74,0x1b,0xff,0x77,0x04,0xff,0x74,0x24,0x30,0x52,
  0xe8,0x07,0x01,0xfc,0xfc,0xff,0x74,0x24,0x38,0xe8,0x07,0x02,0x43,0x15,0x83,0xc4,
  0x10,0xeb,0x0f,0xff,0x77,0x04,0xff,0x77,0x08,0x52,0xe8,0x07,0x01,0xfc,0xfc,0x83,
  0xc4,0x0c,0x8b,0x53,0x0c,0x8b,0x44,0x24,0x1c,0xc6,0x04,0x10,0x01,0x83,0xc4,0x44,
  0x5b,0x5f,0x5e,0x8b,0xe5,0x5d,0xc3,0x33,0xc0,0x33,0xd2,0xe9,0x8c,0xfb,0xff,0xff,
  0x8b,0x5c,0x24,0x20,0x80,0x7b,0x17,0x00,0x75,0x05,0x8b,0xcb,0x8b,0x49,0x08,0x83,
  0x7c,0x24,0x24,0x00,0x0f,0x86,0x2b,0x01,0x00,0x00,0x8b,0x5c,0x24,0x34,0x83,0x7c,
  0x24,0x24,0x10,0x8b,0x74,0x1f,0x14,0x89,0x74,0x24,0x10,0x0f,0x8c,0xd5,0x00,0x00,
  0x00,0x83,0xe6,0x0f,0x8b,0xde,0xf7,0xdb,0x83,0xc3,0x10,0x85,0xf6,0x0f,0x45,0xf3,
  0x8d,0x7e,0x10,0x3b,0x7c,0x24,0x24,0x0f,0x8f,0xb9,0x00,0x00,0x00,0x8b,0x5c,0x24,
  0x24,0x8b,0xfb,0x2b,0xfe,0x83,0xe7,0x0f,0xf7,0xdf,0x03,0xfb,0x33,0xdb,0x85,0xf6,
  0x76,0x3c,0xc7,0x04,0x24,0x00,0x00,0x00,0x00,0x89,0x7c,0x24,0x04,0x89,0x54,0x24,
  0x08,0x89,0x44,0x24,0x0c,0x8b,0x3c,0x24,0x8b,0x54,0x24,0x10,0x0f,0xb6,0x04,0x0f,
  0x0f,0xb6,0x14,0x17,0x2b,0xc2,0x99,0x33,0xc2,0x47,0x2b,0xc2,0x03,0xd8,0x3b,0xfe,
  0x72,0xe6,0x8b,0x7c,0x24,0x04,0x8b,0x54,0x24,0x08,0x8b,0x44,0x24,0x0c,0x66,0x0f,
  0x6e,0xc3,0x8d,0x1c,0x0e,0x66,0x0f,0xef,0xc9,0x66,0x0f,0x62,0xc1,0xf6,0xc3,0x0f,
  0x74,0x1b,0x8b,0x5c,0x24,0x10,0xf3,0x0f,0x6f,0x0c,0x0e,0x66,0x0f,0xf6,0x0c,0x1e,
  0x83,0xc6,0x10,0x66,0x0f,0xfe,0xc1,0x3b,0xf7,0x72,0xeb,0xeb,0x19,0x8b,0x5c,0x24,
  0x10,0xf3,0x0f,0x6f,0x0c,0x0e,0x66,0x0f,0xf6,0x0c,0x1e,0x83,0xc6,0x10,0x66,0x0f,
  0xfe,0xc1,0x3b,0xf7,0x72,0xeb,0x66,0x0f,0x6f,0xc8,0x66,0x0f,0x73,0xd9,0x08,0x66,
  0x0f,0xfe,0xc1,0x66,0x0f,0x6f,0xd0,0x66,0x0f,0x73,0xd2,0x20,0x66,0x0f,0xfe,0xc2,
  0x66,0x0f,0x7e,0xc3,0xeb,0x04,0x33,0xdb,0x33,0xff,0x3b,0x7c,0x24,0x24,0x0f,0x83,
  0xad,0xfb,0xff,0xff,0x89,0x54,0x24,0x08,0x89,0x44,0x24,0x0c,0x8b,0x74,0x24,0x10,
  0x0f,0xb6,0x04,0x0f,0x0f,0xb6,0x14,0x37,0x2b,0xc2,0x99,0x33,0xc2,0x47,0x2b,0xc2,
  0x03,0xd8,0x3b,0x7c,0x24,0x24,0x72,0xe8,0x8b,0x54,0x24,0x08,0x8b,0x44,0x24,0x0c,
  0xe9,0x7c,0xfb,0xff,0xff,0x85,0xc0,0x0f,0x86,0x82,0xfb,0xff,0xff,0x8b,0xfb,0x8b,
  0x74,0x24,0x28,0x33,0xc0,0x8b,0x5c,0x24,0x14,0x89,0x54,0x24,0x1c,0xe9,0x80,0xfb,
  0xff,0xff,0x8b,0x5c,0x24,0x14,0x8b,0x7c,0x24,0x20,0xe9,0x68,0xfc,0xff,0xff,0x33,
  0xd2,0xc7,0x44,0x24,0x04,0x00,0x54,0x04,0x00,0x33,0xf6,0xe9,0x1e,0xfd,0xff,0xff,
  0xb9,0x01,0x00,0x00,0x00,0xe9,0x98,0xfd,0xff,0xff,0x33,0xc0,0xe9,0xa5,0xfd,0xff,
  0xff,0x33,0xf6,0xe9,0x06,0xfd,0xff,0xff,0xb8,0x01,0x00,0x00,0x00,0xe9,0x1a,0xfc,
  0xff,0xff,0xb8,0x01,0x00,0x00,0x00,0xe9,0x75,0xfa,0xff,0xff,0x0f,0x1f,0x40,0x00,
  0x56,0x57,0x53,0x55,0x8b,0xf1,0x8b,0x7c,0x24,0x14,0x8b,0xda,0x8b,0x6e,0x6c,0x8b,
  0xcd,0x23,0x1c,0xbd,0x00,0x02,0xd1,0xa0,0x8b,0x56,0x74,0x8b,0xc3,0xd3,0xe0,0x03,
  0xfd,0x08,0x02,0x83,0xff,0x08,0x0f,0x8e,0x93,0x00,0x00,0x00,0x8b,0x46,0x74,0x40,
  0x89,0x46,0x74,0x3b,0x46,0x78,0x72,0x23,0x80,0xbe,0xb5,0x06,0x00,0x00,0x00,0x75,
  0x13,0x8b,0xce,0xe8,0x07,0x00,0x26,0x8c,0x85,0xc0,0x74,0x08,0x01,0x46,0x78,0x8b,
  0x46,0x74,0xeb,0x07,0x5d,0x5b,0x5f,0x5e,0xc2,0x04,0x00,0x8b,0x7c,0x24,0x14,0x8b,
  0x4e,0x6c,0xf7,0xd9,0x83,0xc1,0x08,0x8d,0x7c,0x3d,0xf8,0xff,0x8e,0xb8,0x06,0x00,
  0x00,0xff,0x8e,0xdc,0x06,0x00,0x00,0xd3,0xeb,0x88,0x18,0x83,0xff,0x08,0x7e,0x3f,
  0x8b,0x46,0x74,0x40,0x89,0x46,0x74,0x3b,0x46,0x78,0x72,0x1a,0x80,0xbe,0xb5,0x06,
  0x00,0x00,0x00,0x75,0xbf,0x8b,0xce,0xe8,0x07,0x00,0x26,0x8c,0x85,0xc0,0x74,0xb4,
  0x01,0x46,0x78,0x8b,0x46,0x74,0x83,0xc7,0xf8,0xff,0x8e,0xb8,0x06,0x00,0x00,0xff,
  0x8e,0xdc,0x06,0x00,0x00,0xc1,0xeb,0x08,0x88,0x18,0x83,0xff,0x08,0x7f,0xc1,0x89,
  0x7e,0x6c,0x5d,0x5b,0x5f,0x5e,0xc2,0x04,0x00,0x0f,0x1f,0x80,0x00,0x00,0x00,0x00,
  0x56,0x57,0x53,0x55,0x83,0xec,0x14,0x8b,0xf2,0x8b,0xd9,0x0f,0xb6,0x6e,0x08,0x8d,
  0x54,0x6e,0x0c,0xe8,0x07,0x00,0x28,0xbc,0x8d,0x14,0x68,0x83,0xe2,0x03,0x88,0x56,
  0x08,0x85,0xc0,0x0f,0x84,0xe3,0x00,0x00,0x00,0x0f,0xb6,0x6e,0x09,0x8b,0xcb,0x8d,
  0x54,0x6e,0x14,0xe8,0x07,0x00,0x28,0xbc,0x8b,0xf8,0x0f,0xb6,0x6e,0x0a,0x8b,0xd7,
  0xc1,0xe5,0x05,0x83,0xe2,0x01,0x88,0x56,0x09,0x8b,0xcb,0x8d,0x54,0x35,0x34,0x89,
  0x54,0x24,0x04,0x8d,0x52,0x02,0xe8,0x07,0x00,0x28,0xbc,0x8b,0x6c,0x24,0x04,0x8d,
  0x54,0x00,0x04,0x89,0x14,0x24,0x8b,0xcb,0x03,0xd5,0xe8,0x07,0x00,0x28,0xbc,0x8b,
  0xe8,0x03,0x2c,0x24,0x8b,0xcb,0x8b,0x54,0x24,0x04,0x8d,0x14,0x6a,0xe8,0x07,0x00,
  0x28,0xbc,0x8b,0x54,0x24,0x04,0x8d,0x2c,0x68,0x8b,0xcb,0x8d,0x14,0x6a,0xe8,0x07,
  0x00,0x28,0xbc,0x8d,0x2c,0x68,0x83,0xe5,0x0f,0x8d,0x55,0x01,0x89,0x54,0x24,0x08,
  0x4d,0x89,0x6c,0x24,0x04,0x0f,0x8c,0x8d,0x00,0x00,0x00,0x8b,0xcb,0x8d,0x96,0x36,
  0x08,0x00,0x00,0xe8,0x07,0x00,0x28,0xbc,0x89,0x3c,0x24,0x8d,0x68,0x02,0xba,0x02,
  0x00,0x00,0x00,0x8b,0xc8,0x8b,0xc6,0x8b,0x74,0x24,0x04,0xeb,0x08,0x8b,0x54,0x24,
  0x0c,0x8b,0x44,0x24,0x04,0x03,0xd1,0x8b,0xfa,0x83,0xe7,0x0f,0x89,0x44,0x24,0x04,
  0x8d,0x14,0x3f,0x89,0x54,0x24,0x0c,0x8d,0x8c,0x02,0x34,0x08,0x00,0x00,0x89,0x4c,
  0x24,0x10,0x4e,0x78,0x32,0x8b,0xcb,0x8b,0x54,0x24,0x10,0xe8,0x07,0x00,0x28,0xbc,
  0x8b,0xc8,0x8d,0x2c,0x69,0x83,0xff,0x08,0x73,0xe8,0xeb,0xc1,0x33,0xc0,0x89,0x44,
  0x24,0x08,0x33,0xff,0x8b,0x54,0x24,0x08,0x8b,0xc7,0x88,0x56,0x0a,0x83,0xc4,0x14,
  0x5d,0x5b,0x5f,0x5e,0xc2,0x08,0x00,0x8b,0x3c,0x24,0x8b,0x74,0x24,0x04,0x8b,0xd7,
  0xf7,0xda,0x33,0xea,0x03,0xfd,0xeb,0xdc,0xbd,0x01,0x00,0x00,0x00,0xeb,0xef,0x90,
  0x56,0x57,0x53,0x55,0x83,0xec,0x28,0x8b,0xd9,0x8b,0x4c,0x24,0x44,0x8b,0x74,0x24,
  0x3c,0x85,0xc9,0x74,0x13,0x8b,0xc6,0x2b,0x32,0x89,0x02,0x83,0xf9,0x01,0x7e,0x08,
  0x8b,0xc6,0x2b,0x72,0x04,0x89,0x42,0x04,0x33,0xc0,0x85,0xf6,0x0f,0xb6,0x7a,0x08,
  0x8d,0x6a,0x0c,0x0f,0x97,0xc0,0x8d,0x0c,0x78,0x83,0xe1,0x03,0x88,0x4a,0x08,0x0f,
  0xb7,0x44,0x7d,0x00,0x0f,0xb7,0x4b,0x06,0x0f,0xaf,0xc8,0x89,0x4c,0x24,0x04,0x85,
  0xf6,0x0f,0x85,0x8d,0x00,0x00,0x00,0x8b,0xc8,0xf7,0xd9,0x81,0xc1,0xff,0xff,0x00,
  0x00,0xc1,0xe9,0x06,0x03,0xc1,0x66,0x89,0x44,0x7d,0x00,0x8b,0x44,0x24,0x04,0x89,
  0x43,0x04,0x3d,0x00,0x00,0x00,0x01,0x0f,0x83,0x5b,0x01,0x00,0x00,0x8b,0x43,0x14,
  0x8b,0x7b,0x08,0x89,0x74,0x24,0x1c,0x89,0x54,0x24,0x04,0xc1,0xe8,0x18,0x88,0x07,
  0x47,0x3b,0x7b,0x10,0x72,0x2f,0x8b,0x43,0x0c,0x2b,0xf8,0x75,0x04,0x33,0xc9,0xeb,
  0x04,0x0f,0xbd,0xcf,0x41,0x83,0xc1,0x1e,0xbe,0x01,0x00,0x00,0x00,0xd3,0xe6,0x03,
  0xf7,0x56,0x50,0xe8,0x07,0x02,0x43,0x32,0x83,0xc4,0x08,0x03,0xf0,0x03,0xf8,0x89,
  0x43,0x0c,0x89,0x73,0x10,0x8b,0x53,0x04,0xc1,0xe2,0x08,0x8b,0x43,0x14,0xc1,0xe0,
  0x08,0x89,0x43,0x14,0x89,0x53,0x04,0x81,0xfa,0x00,0x00,0x00,0x01,0x72,0xac,0xe9,
  0xe9,0x00,0x00,0x00,0x8b,0xc8,0xc1,0xe9,0x06,0x2b,0xc1,0x66,0x89,0x44,0x7d,0x00,
  0x89,0x2c,0x24,0x8b,0x7b,0x14,0x8b,0x6c,0x24,0x04,0x8b,0x43,0x04,0x2b,0xc5,0x89,
  0x43,0x04,0x8d,0x4c,0x3d,0x00,0x89,0x4b,0x14,0x8b,0x2c,0x24,0x3b,0xf9,0x76,0x54,
  0x8b,0x4b,0x08,0x49,0x8b,0xf9,0x0f,0xb6,0x01,0x3d,0xff,0x00,0x00,0x00,0x75,0x3e,
  0x89,0x5c,0x24,0x14,0x33,0xc9,0x89,0x54,0x24,0x04,0x41,0x8d,0x1c,0x09,0xf7,0xdb,
  0x03,0xdf,0x0f,0xb6,0x43,0x01,0x8d,0x53,0x01,0xc6,0x43,0x02,0x00,0x3d,0xff,0x00,
  0x00,0x00,0x75,0x10,0x0f,0xb6,0x03,0x8b,0xd3,0xc6,0x43,0x01,0x00,0x3d,0xff,0x00,
  0x00,0x00,0x74,0xd6,0x8b,0xca,0x8b,0x5c,0x24,0x14,0x8b,0x54,0x24,0x04,0x40,0x88,
  0x01,0x8b,0x43,0x04,0x3d,0x00,0x00,0x00,0x01,0x73,0x6d,0x8b,0x43,0x14,0x8b,0x7b,
  0x08,0x89,0x74,0x24,0x1c,0x89,0x54,0x24,0x04,0xc1,0xe8,0x18,0x88,0x07,0x47,0x3b,
  0x7b,0x10,0x72,0x2f,0x8b,0x43,0x0c,0x2b,0xf8,0x75,0x04,0x33,0xc9,0xeb,0x04,0x0f,
  0xbd,0xcf,0x41,0x83,0xc1,0x1e,0xbe,0x01,0x00,0x00,0x00,0xd3,0xe6,0x03,0xf7,0x56,
  0x50,0xe8,0x07,0x02,0x43,0x32,0x83,0xc4,0x08,0x03,0xf0,0x03,0xf8,0x89,0x43,0x0c,
  0x89,0x73,0x10,0x8b,0x53,0x04,0xc1,0xe2,0x08,0x8b,0x43,0x14,0xc1,0xe0,0x08,0x89,
  0x43,0x14,0x89,0x53,0x04,0x81,0xfa,0x00,0x00,0x00,0x01,0x72,0xac,0x8b,0x74,0x24,
  0x1c,0x8b,0x54,0x24,0x04,0x89,0x7b,0x08,0x85,0xf6,0x0f,0x84,0xe3,0x05,0x00,0x00,
  0x78,0x09,0xc7,0x04,0x24,0x00,0x00,0x00,0x00,0xeb,0x09,0xc7,0x04,0x24,0x01,0x00,
  0x00,0x00,0xf7,0xde,0x0f,0xb6,0x4a,0x09,0x8b,0x04,0x24,0x88,0x42,0x09,0x89,0x4c,
  0x24,0x08,0x0f,0xb7,0x4c,0x4d,0x08,0x0f,0xb7,0x7b,0x06,0x0f,0xaf,0xf9,0x85,0xc0,
  0x0f,0x85,0x8a,0x00,0x00,0x00,0x8b,0xc1,0xf7,0xd8,0x05,0xff,0xff,0x00,0x00,0xc1,
  0xe8,0x06,0x03,0xc8,0x8b,0x44,0x24,0x08,0x66,0x89,0x4c,0x45,0x08,0x89,0x7b,0x04,
  0x81,0xff,0x00,0x00,0x00,0x01,0x0f,0x83,0x41,0x01,0x00,0x00,0x8b,0x6b,0x08,0x8b,
  0x43,0x14,0x89,0x54,0x24,0x04,0xc1,0xe8,0x18,0x88,0x45,0x00,0x45,0x3b,0x6b,0x10,
  0x72,0x2f,0x8b,0x43,0x0c,0x2b,0xe8,0x75,0x04,0x33,0xc9,0xeb,0x04,0x0f,0xbd,0xcd,
  0x41,0x83,0xc1,0x1e,0xbf,0x01,0x00,0x00,0x00,0xd3,0xe7,0x03,0xfd,0x57,0x50,0xe8,
  0x07,0x02,0x43,0x32,0x83,0xc4,0x08,0x03,0xf8,0x03,0xe8,0x89,0x43,0x0c,0x89,0x7b,
  0x10,0x8b,0x7b,0x04,0xc1,0xe7,0x08,0x8b,0x43,0x14,0xc1,0xe0,0x08,0x89,0x43,0x14,
  0x89,0x7b,0x04,0x81,0xff,0x00,0x00,0x00,0x01,0x72,0xab,0xe9,0xd6,0x00,0x00,0x00,
  0x8b,0xc1,0xc1,0xe8,0x06,0x2b,0xc8,0x8b,0x44,0x24,0x08,0x66,0x89,0x4c,0x45,0x08,
  0x8b,0x4b,0x14,0x8d,0x2c,0x0f,0xf7,0xdf,0x03,0x7b,0x04,0x89,0x6b,0x14,0x89,0x7b,
  0x04,0x3b,0xcd,0x76,0x4a,0x8b,0x7b,0x08,0x4f,0x8b,0xef,0x0f,0xb6,0x07,0x3d,0xff,
  0x00,0x00,0x00,0x75,0x34,0x89,0x54,0x24,0x04,0x33,0xc9,0x41,0x8d,0x14,0x09,0xf7,
  0xda,0x03,0xd5,0x0f,0xb6,0x42,0x01,0x8d,0x7a,0x01,0xc6,0x42,0x02,0x00,0x3d,0xff,
  0x00,0x00,0x00,0x75,0x10,0x0f,0xb6,0x02,0x8b,0xfa,0xc6,0x42,0x01,0x00,0x3d,0xff,
  0x00,0x00,0x00,0x74,0xd6,0x8b,0x54,0x24,0x04,0x40,0x88,0x07,0x8b,0x7b,0x04,0x81,
  0xff,0x00,0x00,0x00,0x01,0x73,0x66,0x8b,0x6b,0x08,0x8b,0x43,0x14,0x89,0x54,0x24,
  0x04,0xc1,0xe8,0x18,0x88,0x45,0x00,0x45,0x3b,0x6b,0x10,0x72,0x2f,0x8b,0x43,0x0c,
  0x2b,0xe8,0x75,0x04,0x33,0xc9,0xeb,0x04,0x0f,0xbd,0xcd,0x41,0x83,0xc1,0x1e,0xbf,
  0x01,0x00,0x00,0x00,0xd3,0xe7,0x03,0xfd,0x57,0x50,0xe8,0x07,0x02,0x43,0x32,0x83,
  0xc4,0x08,0x03,0xf8,0x03,0xe8,0x89,0x43,0x0c,0x89,0x7b,0x10,0x8b,0x7b,0x04,0xc1,
  0xe7,0x08,0x8b,0x43,0x14,0xc1,0xe0,0x08,0x89,0x43,0x14,0x89,0x7b,0x04,0x81,0xff,
  0x00,0x00,0x00,0x01,0x72,0xab,0x8b,0x54,0x24,0x04,0x89,0x6b,0x08,0x85,0xf6,0x75,
  0x04,0x33,0xc0,0xeb,0x04,0x0f,0xbd,0xc6,0x40,0x0f,0xb6,0x4a,0x0a,0xc1,0xe1,0x05,
  0xc7,0x44,0x24,0x0c,0x01,0x00,0x00,0x00,0xc7,0x04,0x24,0x00,0x00,0x00,0x00,0x89,
  0x74,0x24,0x1c,0x89,0x54,0x24,0x04,0x8d,0x6c,0x11,0x0c,0x89,0x6c,0x24,0x18,0x8d,
  0x48,0xff,0x89,0x4c,0x24,0x10,0x89,0x44,0x24,0x08,0x8b,0x14,0x24,0x8b,0x74,0x24,
  0x0c,0x8b,0xca,0x8b,0x44,0x24,0x18,0xf7,0xd9,0x83,0xc1,0x03,0x8b,0x6c,0x24,0x10,
  0xc1,0xef,0x10,0xd3,0xed,0x0f,0xb7,0x44,0x70,0x28,0x0f,0xaf,0xf8,0x83,0xe5,0x01,
  0x0f,0x85,0x9d,0x00,0x00,0x00,0x8b,0xc8,0xf7,0xd9,0x81,0xc1,0xff,0xff,0x00,0x00,
  0xc1,0xe9,0x06,0x03,0xc1,0x8b,0x4c,0x24,0x18,0x66,0x89,0x44,0x71,0x28,0x89,0x7b,
  0x04,0x81,0xff,0x00,0x00,0x00,0x01,0x0f,0x83,0x66,0x01,0x00,0x00,0x8b,0x43,0x14,
  0x8b,0x4b,0x08,0x8b,0xf9,0x89,0x14,0x24,0x89,0x74,0x24,0x0c,0xc1,0xe8,0x18,0x88,
  0x07,0x47,0x3b,0x7b,0x10,0x72,0x2f,0x8b,0x43,0x0c,0x2b,0xf8,0x75,0x04,0x33,0xc9,
  0xeb,0x04,0x0f,0xbd,0xcf,0x41,0x83,0xc1,0x1e,0xbe,0x01,0x00,0x00,0x00,0xd3,0xe6,
  0x03,0xf7,0x56,0x50,0xe8,0x07,0x02,0x43,0x32,0x83,0xc4,0x08,0x03,0xf0,0x03,0xf8,
  0x89,0x43,0x0c,0x89,0x73,0x10,0x8b,0x53,0x04,0xc1,0xe2,0x08,0x8b,0x43,0x14,0xc1,
  0xe0,0x08,0x89,0x43,0x14,0x89,0x53,0x04,0x81,0xfa,0x00,0x00,0x00,0x01,0x72,0xac,
  0x8b,0xcf,0x8b,0xfa,0x8b,0x14,0x24,0x8b,0x74,0x24,0x0c,0x89,0x4b,0x08,0xe9,0xf0,
  0x00,0x00,0x00,0x8b,0xc8,0xc1,0xe9,0x06,0x2b,0xc1,0x8b,0x4c,0x24,0x18,0x66,0x89,
  0x44,0x71,0x28,0x8b,0x43,0x14,0x8d,0x0c,0x07,0xf7,0xdf,0x03,0x7b,0x04,0x89,0x4b,
  0x14,0x89,0x7b,0x04,0x3b,0xc1,0x76,0x54,0x8b,0x4b,0x08,0x49,0x8b,0xf9,0x0f,0xb6,
  0x01,0x3d,0xff,0x00,0x00,0x00,0x75,0x3e,0x89,0x74,0x24,0x0c,0x33,0xc9,0x89,0x5c,
  0x24,0x14,0x41,0x8d,0x34,0x09,0xf7,0xde,0x03,0xf7,0x0f,0xb6,0x46,0x01,0x8d,0x5e,
  0x01,0xc6,0x46,0x02,0x00,0x3d,0xff,0x00,0x00,0x00,0x75,0x10,0x0f,0xb6,0x06,0x8b,
  0xde,0xc6,0x46,0x01,0x00,0x3d,0xff,0x00,0x00,0x00,0x74,0xd6,0x8b,0xcb,0x8b,0x74,
  0x24,0x0c,0x8b,0x5c,0x24,0x14,0x40,0x88,0x01,0x8b,0x7b,0x04,0x81,0xff,0x00,0x00,
  0x00,0x01,0x73,0x6f,0x8b,0x43,0x14,0x8b,0x4b,0x08,0x89,0x14,0x24,0x89,0x74,0x24,
  0x0c,0x8b,0xf1,0xc1,0xe8,0x18,0x88,0x06,0x46,0x3b,0x73,0x10,0x72,0x2f,0x8b,0x43,
  0x0c,0x2b,0xf0,0x75,0x04,0x33,0xc9,0xeb,0x04,0x0f,0xbd,0xce,0x41,0x83,0xc1,0x1e,
  0xbf,0x01,0x00,0x00,0x00,0xd3,0xe7,0x03,0xfe,0x57,0x50,0xe8,0x07,0x02,0x43,0x32,
  0x83,0xc4,0x08,0x03,0xf8,0x03,0xf0,0x89,0x43,0x0c,0x89,0x7b,0x10,0x8b,0x7b,0x04,
  0xc1,0xe7,0x08,0x8b,0x43,0x14,0xc1,0xe0,0x08,0x89,0x43,0x14,0x89,0x7b,0x04,0x81,
  0xff,0x00,0x00,0x00,0x01,0x72,0xac,0x8b,0xce,0x8b,0x14,0x24,0x8b,0x74,0x24,0x0c,
  0x89,0x4b,0x08,0x03,0xf6,0x42,0x0b,0xf5,0x83,0xfa,0x04,0x0f,0x82,0x40,0xfe,0xff,
  0xff,0x8b,0x44,0x24,0x08,0x8b,0xc8,0xc1,0xe1,0x05,0x83,0x7c,0x24,0x40,0x00,0x8b,
  0x54,0x24,0x04,0x8b,0x74,0x24,0x1c,0x8d,0xac,0x11,0x14,0x08,0x00,0x00,0x8d,0x8a,
  0x34,0x08,0x00,0x00,0x0f,0x45,0xcd,0x89,0x4c,0x24,0x24,0x8b,0xc8,0x83,0xc1,0xfe,
  0x0f,0x88,0x0f,0x02,0x00,0x00,0xc7,0x04,0x24,0x00,0x00,0x00,0x00,0x8d,0x68,0xff,
  0x89,0x54,0x24,0x04,0x89,0x6c,0x24,0x20,0xbd,0x01,0x00,0x00,0x00,0x89,0x44,0x24,
  0x08,0x89,0x74,0x24,0x1c,0x89,0x5c,0x24,0x14,0x8b,0x14,0x24,0x8b,0x44,0x24,0x24,
  0x8b,0x5c,0x24,0x1c,0xc1,0xef,0x10,0xd3,0xeb,0x0f,0xb7,0x04,0x68,0x0f,0xaf,0xf8,
  0x83,0xe3,0x01,0x0f,0x85,0x98,0x00,0x00,0x00,0x8b,0xf0,0xf7,0xde,0x81,0xc6,0xff,
  0xff,0x00,0x00,0xc1,0xee,0x06,0x03,0xc6,0x8b,0x74,0x24,0x24,0x66,0x89,0x04,0x6e,
  0x8b,0x44,0x24,0x14,0x89,0x78,0x04,0x81,0xff,0x00,0x00,0x00,0x01,0x0f,0x83,0x7e,
  0x01,0x00,0x00,0x8b,0xf8,0x89,0x14,0x24,0x89,0x6c,0x24,0x0c,0x8b,0xef,0x8b,0x47,
  0x14,0x8b,0x77,0x08,0x89,0x4c,0x24,0x10,0xc1,0xe8,0x18,0x88,0x06,0x46,0x3b,0x75,
  0x10,0x72,0x2f,0x8b,0x45,0x0c,0x2b,0xf0,0x75,0x04,0x33,0xc9,0xeb,0x04,0x0f,0xbd,
  0xce,0x41,0x83,0xc1,0x1e,0xbf,0x01,0x00,0x00,0x00,0xd3,0xe7,0x03,0xfe,0x57,0x50,
  0xe8,0x07,0x02,0x43,0x32,0x83,0xc4,0x08,0x03,0xf8,0x03,0xf0,0x89,0x45,0x0c,0x89,
  0x7d,0x10,0x8b,0x7d,0x04,0xc1,0xe7,0x08,0x8b,0x45,0x14,0xc1,0xe0,0x08,0x89,0x45,
  0x14,0x89,0x7d,0x04,0x81,0xff,0x00,0x00,0x00,0x01,0x72,0xac,0xe9,0xfc,0x00,0x00,
  0x00,0x8b,0x74,0x24,0x24,0x89,0x5c,0x24,0x18,0x8b,0xd8,0xc1,0xeb,0x06,0x2b,0xc3,
  0x66,0x89,0x04,0x6e,0x8b,0x74,0x24,0x14,0x8b,0x46,0x14,0x8d,0x1c,0x07,0xf7,0xdf,
  0x03,0x7e,0x04,0x89,0x5e,0x14,0x89,0x7e,0x04,0x3b,0xc3,0x8b,0x5c,0x24,0x18,0x76,
  0x59,0x8b,0x76,0x08,0x4e,0x8b,0xfe,0x0f,0xb6,0x06,0x3d,0xff,0x00,0x00,0x00,0x75,
  0x3f,0x89,0x6c,0x24,0x0c,0x33,0xf6,0x89,0x4c,0x24,0x10,0x46,0x8d,0x2c,0x36,0xf7,
  0xdd,0x03,0xef,0x0f,0xb6,0x45,0x01,0x8d,0x4d,0x01,0xc6,0x45,0x02,0x00,0x3d,0xff,
  0x00,0x00,0x00,0x75,0x11,0x0f,0xb6,0x45,0x00,0x8b,0xcd,0xc6,0x45,0x01,0x00,0x3d,
  0xff,0x00,0x00,0x00,0x74,0xd5,0x8b,0xf1,0x8b,0x6c,0x24,0x0c,0x8b,0x4c,0x24,0x10,
  0x40,0x88,0x06,0x8b,0x74,0x24,0x14,0x8b,0x7e,0x04,0x81,0xff,0x00,0x00,0x00,0x01,
  0x73,0x7f,0x8b,0xc6,0x89,0x6c,0x24,0x0c,0x89,0x14,0x24,0x8b,0x70,0x08,0x8b,0x40,
  0x14,0x89,0x4c,0x24,0x10,0x8b,0x6c,0x24,0x14,0xc1,0xe8,0x18,0x88,0x06,0x46,0x3b,
  0x75,0x10,0x72,0x2f,0x8b,0x45,0x0c,0x2b,0xf0,0x75,0x04,0x33,0xc9,0xeb,0x04,0x0f,
  0xbd,0xce,0x41,0x83,0xc1,0x1e,0xbf,0x01,0x00,0x00,0x00,0xd3,0xe7,0x03,0xfe,0x57,
  0x50,0xe8,0x07,0x02,0x43,0x32,0x83,0xc4,0x08,0x03,0xf8,0x03,0xf0,0x89,0x45,0x0c,
  0x89,0x7d,0x10,0x8b,0x7d,0x04,0xc1,0xe7,0x08,0x8b,0x45,0x14,0xc1,0xe0,0x08,0x89,
  0x45,0x14,0x89,0x7d,0x04,0x81,0xff,0x00,0x00,0x00,0x01,0x72,0xac,0x89,0x6c,0x24,
  0x14,0x8b,0xc5,0x8b,0x14,0x24,0x8b,0x6c,0x24,0x0c,0x8b,0x4c,0x24,0x10,0x89,0x70,
  0x08,0x42,0x8d,0x04,0x6b,0x83,0xe0,0x0f,0x83,0xfd,0x08,0x0f,0x42,0xe8,0x49,0x3b,
  0x54,0x24,0x20,0x0f,0x82,0x23,0xfe,0xff,0xff,0x8b,0x44,0x24,0x08,0x8b,0x54,0x24,
  0x04,0xeb,0x02,0x33,0xc0,0x88,0x42,0x0a,0x33,0xc0,0x83,0xc4,0x28,0x5d,0x5b,0x5f,
  0x5e,0xc2,0x0c,0x00,0x0f,0x1f,0x44,0x00,0x00,0x0f,0x1f,0x80,0x00,0x00,0x00,0x00,
  0x53,0x55,0x8b,0xc1,0x83,0xfa,0x01,0x7e,0x23,0x4a,0x8b,0xda,0xd1,0xeb,0x85,0xdb,
  0x76,0x1d,0x33,0xed,0x0f,0xaf,0xc1,0x45,0x0f,0xaf,0xc1,0x3b,0xeb,0x72,0xf5,0x8d,
  0x5c,0x2d,0x01,0x0f,0xaf,0xc8,0x4b,0x3b,0xda,0x0f,0x42,0xc1,0x5d,0x5b,0xc3,0xbb,
  0x01,0x00,0x00,0x00,0xeb,0xed,0x0f,0x1f,0x00,0x0f,0x1f,0x80,0x00,0x00,0x00,0x00,
  0x56,0x57,0x53,0x55,0x83,0xec,0x14,0x8b,0xf9,0x8b,0x74,0x24,0x28,0x8b,0xda,0x85,
  0xff,0x74,0x7c,0x8b,0x8e,0xd4,0x06,0x00,0x00,0x85,0xc9,0x0f,0x8c,0x4d,0x04,0x00,
  0x00,0x3b,0x4c,0x24,0x30,0x7d,0x32,0x83,0x7c,0x24,0x30,0x18,0x0f,0x8e,0x7d,0x01,
  0x00,0x00,0x8b,0xce,0xba,0x18,0x00,0x00,0x00,0xe8,0x07,0x00,0x80,0xcc,0x89,0x04,
  0x24,0x8b,0x44,0x24,0x30,0x8b,0xce,0x8d,0x50,0xe8,0xe8,0x07,0x00,0x7f,0x7c,0x8b,
  0xe8,0xc1,0xe5,0x18,0x03,0x2c,0x24,0xeb,0x28,0x8b,0xae,0xd0,0x06,0x00,0x00,0x8b,
  0x44,0x24,0x30,0x2b,0xc8,0x89,0x8e,0xd4,0x06,0x00,0x00,0x8b,0xc8,0x8b,0xd5,0xd3,
  0xea,0x89,0x96,0xd0,0x06,0x00,0x00,0xba,0x01,0x00,0x00,0x00,0xd3,0xe2,0x4a,0x23,
  0xea,0x83,0xff,0x02,0x0f,0x84,0x04,0x02,0x00,0x00,0xe9,0x14,0x01,0x00,0x00,0x8b,
  0x44,0x24,0x2c,0x8b,0xcb,0x8b,0xae,0x88,0x00,0x00,0x00,0x8d,0x6c,0x45,0x00,0x8d,
  0x55,0x02,0xe8,0x07,0x00,0x28,0xbc,0x8b,0xcb,0x8d,0x44,0x00,0x04,0x89,0x04,0x24,
  0x8d,0x54,0x05,0x00,0xe8,0x07,0x00,0x28,0xbc,0x8b,0xf8,0x03,0x3c,0x24,0x8b,0xcb,
  0x8d,0x54,0x7d,0x00,0xe8,0x07,0x00,0x28,0xbc,0x8b,0xcb,0x8d,0x3c,0x78,0x8d,0x54,
  0x7d,0x00,0xe8,0x07,0x00,0x28,0xbc,0x8b,0x4e,0x6c,0x8d,0x2c,0x78,0x8b,0x7c,0x24,
  0x30,0x83,0xe5,0x0f,0x8b,0x5e,0x74,0x89,0x4c,0x24,0x04,0x8b,0x14,0xbd,0x00,0x02,
  0xd1,0xa0,0x03,0xf9,0x23,0xd5,0x89,0x14,0x24,0xd3,0xe2,0x08,0x13,0x83,0xff,0x08,
  0x0f,0x8e,0x9a,0x00,0x00,0x00,0x8b,0x5e,0x74,0x43,0x89,0x5e,0x74,0x3b,0x5e,0x78,
  0x72,0x1e,0x80,0xbe,0xb5,0x06,0x00,0x00,0x00,0x0f,0x85,0x84,0x00,0x00,0x00,0x8b,
  0xce,0xe8,0x07,0x00,0x26,0x8c,0x85,0xc0,0x74,0x79,0x01,0x46,0x78,0x8b,0x5e,0x74,
  0x8b,0x7c,0x24,0x30,0x8b,0x54,0x24,0x04,0x8b,0x4e,0x6c,0xf7,0xd9,0x83,0xc1,0x08,
  0x8d,0x7c,0x17,0xf8,0x8b,0x14,0x24,0xff,0x8e,0xb8,0x06,0x00,0x00,0xff,0x8e,0xdc,
  0x06,0x00,0x00,0xd3,0xea,0x89,0x14,0x24,0x88,0x13,0x83,0xff,0x08,0x7e,0x41,0x8b,
  0xda,0x8b,0x56,0x74,0x42,0x89,0x56,0x74,0x3b,0x56,0x78,0x72,0x1a,0x80,0xbe,0xb5,
  0x06,0x00,0x00,0x00,0x75,0x2d,0x8b,0xce,0xe8,0x07,0x00,0x26,0x8c,0x85,0xc0,0x74,
  0x22,0x01,0x46,0x78,0x8b,0x56,0x74,0x83,0xc7,0xf8,0xff,0x8e,0xb8,0x06,0x00,0x00,
  0xff,0x8e,0xdc,0x06,0x00,0x00,0xc1,0xeb,0x08,0x88,0x1a,0x83,0xff,0x08,0x7f,0xc1,
  0x89,0x7e,0x6c,0x8b,0xc5,0x83,0xc4,0x14,0x5d,0x5b,0x5f,0x5e,0xc2,0x10,0x00,0x85,
  0xc9,0x75,0x0a,0xc7,0x86,0xd0,0x06,0x00,0x00,0x00,0x00,0x00,0x00,0x8b,0x6c,0x24,
  0x30,0xeb,0x0c,0x89,0x8e,0xd4,0x06,0x00,0x00,0x89,0x86,0xd0,0x06,0x00,0x00,0x8b,
  0x86,0xb8,0x06,0x00,0x00,0x85,0xc0,0x75,0x2b,0x80,0xbe,0xb5,0x06,0x00,0x00,0x00,
  0x75,0x0b,0x8b,0xce,0xe8,0x07,0x00,0x26,0x8c,0x85,0xc0,0x75,0x11,0xc7,0x86,0xd4,
  0x06,0x00,0x00,0xff,0xff,0xff,0xff,0x33,0xed,0xe9,0x83,0xfe,0xff,0xff,0x8b,0x86,
  0xb8,0x06,0x00,0x00,0x8b,0x96,0xc0,0x06,0x00,0x00,0x48,0xff,0x86,0xdc,0x06,0x00,
  0x00,0x89,0x86,0xb8,0x06,0x00,0x00,0x3b,0x96,0xc8,0x06,0x00,0x00,0x73,0x3c,0x0f,
  0xb6,0x02,0x42,0x89,0x96,0xc0,0x06,0x00,0x00,0x8b,0x8e,0xd4,0x06,0x00,0x00,0xd3,
  0xe0,0x83,0xc1,0x08,0x03,0x86,0xd0,0x06,0x00,0x00,0x3b,0xcd,0x7c,0x85,0x8b,0xe8,
  0x85,0xc9,0x0f,0x89,0x17,0xfe,0xff,0xff,0x89,0x8e,0xd4,0x06,0x00,0x00,0x89,0xae,
  0xd0,0x06,0x00,0x00,0x33,0xed,0xe9,0x26,0xfe,0xff,0xff,0x33,0xd2,0x8b,0x0e,0xe8,
  0x07,0x00,0x73,0xbc,0x85,0xc0,0x7f,0x14,0xc7,0x86,0x90,0x00,0x00,0x00,0x01,0x00,
  0x00,0x00,0x33,0xc0,0x8b,0x8e,0xd4,0x06,0x00,0x00,0xeb,0xb3,0x8b,0xce,0x50,0x8b,
  0x16,0xe8,0x07,0x00,0x71,0xac,0x8b,0x96,0xc0,0x06,0x00,0x00,0xeb,0x91,0x8b,0x96,
  0x88,0x00,0x00,0x00,0x8b,0x74,0x24,0x2c,0x8b,0x43,0x04,0x89,0x6c,0x24,0x10,0x8d,
  0x3c,0x72,0xbe,0x01,0x00,0x00,0x00,0x89,0x7c,0x24,0x0c,0x33,0xd2,0x8b,0xca,0x8b,
  0x7c,0x24,0x0c,0xf7,0xd9,0x83,0xc1,0x03,0x8b,0x6c,0x24,0x10,0xc1,0xe8,0x10,0xd3,
  0xed,0x0f,0xb7,0x3c,0x77,0x0f,0xaf,0xc7,0x83,0xe5,0x01,0x0f,0x85,0x8c,0x00,0x00,
  0x00,0x8b,0xcf,0xf7,0xd9,0x81,0xc1,0xff,0xff,0x00,0x00,0xc1,0xe9,0x06,0x03,0xf9,
  0x8b,0x4c,0x24,0x0c,0x66,0x89,0x3c,0x71,0x89,0x43,0x04,0x3d,0x00,0x00,0x00,0x01,
  0x0f,0x83,0x52,0x01,0x00,0x00,0x8b,0x43,0x14,0x89,0x14,0x24,0x8b,0x7b,0x08,0x89,
  0x74,0x24,0x04,0x8b,0xd0,0xc1,0xea,0x18,0x88,0x17,0x47,0x3b,0x7b,0x10,0x72,0x2f,
  0x8b,0x43,0x0c,0x2b,0xf8,0x75,0x04,0x33,0xc9,0xeb,0x04,0x0f,0xbd,0xcf,0x41,0x83,
  0xc1,0x1e,0xbe,0x01,0x00,0x00,0x00,0xd3,0xe6,0x03,0xf7,0x56,0x50,0xe8,0x07,0x02,
  0x43,0x32,0x83,0xc4,0x08,0x03,0xf0,0x03,0xf8,0x89,0x43,0x0c,0x89,0x73,0x10,0x8b,
  0x43,0x04,0xc1,0xe0,0x08,0x8b,0x53,0x14,0xc1,0xe2,0x08,0x89,0x53,0x14,0x89,0x43,
  0x04,0x3d,0x00,0x00,0x00,0x01,0x72,0xad,0xe9,0xe1,0x00,0x00,0x00,0x8b,0xcf,0xc1,
  0xe9,0x06,0x2b,0xf9,0x8b,0x4c,0x24,0x0c,0x66,0x89,0x3c,0x71,0x8b,0x7b,0x14,0x8d,
  0x0c,0x38,0xf7,0xd8,0x03,0x43,0x04,0x89,0x4b,0x14,0x89,0x43,0x04,0x3b,0xf9,0x76,
  0x54,0x8b,0x7b,0x08,0x4f,0x8b,0xcf,0x0f,0xb6,0x07,0x3d,0xff,0x00,0x00,0x00,0x75,
  0x3e,0x89,0x74,0x24,0x04,0x33,0xff,0x89,0x5c,0x24,0x08,0x47,0x8d,0x34,0x3f,0xf7,
  0xde,0x03,0xf1,0x0f,0xb6,0x46,0x01,0x8d,0x5e,0x01,0xc6,0x46,0x02,0x00,0x3d,0xff,
  0x00,0x00,0x00,0x75,0x10,0x0f,0xb6,0x06,0x8b,0xde,0xc6,0x46,0x01,0x00,0x3d,0xff,
  0x00,0x00,0x00,0x74,0xd6,0x8b,0xfb,0x8b,0x74,0x24,0x04,0x8b,0x5c,0x24,0x08,0x40,
  0x88,0x07,0x8b,0x43,0x04,0x3d,0x00,0x00,0x00,0x01,0x73,0x6c,0x8b,0x43,0x14,0x89,
  0x14,0x24,0x8b,0x7b,0x08,0x89,0x74,0x24,0x04,0x8b,0xd0,0xc1,0xea,0x18,0x88,0x17,
  0x47,0x3b,0x7b,0x10,0x72,0x2f,0x8b,0x43,0x0c,0x2b,0xf8,0x75,0x04,0x33,0xc9,0xeb,
  0x04,0x0f,0xbd,0xcf,0x41,0x83,0xc1,0x1e,0xbe,0x01,0x00,0x00,0x00,0xd3,0xe6,0x03,
  0xf7,0x56,0x50,0xe8,0x07,0x02,0x43,0x32,0x83,0xc4,0x08,0x03,0xf0,0x03,0xf8,0x89,
  0x43,0x0c,0x89,0x73,0x10,0x8b,0x43,0x04,0xc1,0xe0,0x08,0x8b,0x53,0x14,0xc1,0xe2,
  0x08,0x89,0x53,0x14,0x89,0x43,0x04,0x3d,0x00,0x00,0x00,0x01,0x72,0xad,0x8b,0x14,
  0x24,0x8b,0x74,0x24,0x04,0x89,0x7b,0x08,0x03,0xf6,0x42,0x0b,0xf5,0x83,0xfa,0x04,
  0x0f,0x82,0x57,0xfe,0xff,0xff,0x8b,0x4c,0x24,0x34,0x8b,0x54,0x24,0x30,0x8b,0x6c,
  0x24,0x10,0x01,0x14,0x8d,0x00,0x03,0x95,0xe0,0xe9,0x35,0xfd,0xff,0xff,0x33,0xed,
  0xe9,0x0c,0xfc,0xff,0xff,0x0f,0x1f,0x40,0x00,0x0f,0x1f,0x80,0x00,0x00,0x00,0x00,
  0x56,0x57,0x53,0x55,0x83,0xec,0x14,0x8b,0xf9,0x8b,0x74,0x24,0x28,0x8b,0xda,0x85,
  0xff,0x74,0x7c,0x8b,0x8e,0xd4,0x06,0x00,0x00,0x85,0xc9,0x0f,0x8c,0x3c,0x04,0x00,
  0x00,0x3b,0x4c,0x24,0x30,0x7d,0x32,0x83,0x7c,0x24,0x30,0x18,0x0f,0x8e,0x6c,0x01,
  0x00,0x00,0x8b,0xce,0xba,0x18,0x00,0x00,0x00,0xe8,0x07,0x00,0x80,0xcc,0x89,0x04,
  0x24,0x8b,0x44,0x24,0x30,0x8b,0xce,0x8d,0x50,0xe8,0xe8,0x07,0x00,0x7f,0x7c,0x8b,
  0xe8,0xc1,0xe5,0x18,0x03,0x2c,0x24,0xeb,0x28,0x8b,0xae,0xd0,0x06,0x00,0x00,0x8b,
  0x44,0x24,0x30,0x2b,0xc8,0x89,0x8e,0xd4,0x06,0x00,0x00,0x8b,0xc8,0x8b,0xd5,0xd3,
  0xea,0x89,0x96,0xd0,0x06,0x00,0x00,0xba,0x01,0x00,0x00,0x00,0xd3,0xe2,0x4a,0x23,
  0xea,0x83,0xff,0x02,0x0f,0x84,0xf3,0x01,0x00,0x00,0xe9,0x03,0x01,0x00,0x00,0x8b,
  0x44,0x24,0x2c,0x8b,0xcb,0x8b,0xbe,0x88,0x00,0x00,0x00,0x8d,0x3c,0x47,0x8d,0x57,
  0x02,0xe8,0x07,0x00,0x28,0xbc,0x8b,0xcb,0x8d,0x44,0x00,0x04,0x89,0x04,0x24,0x8d,
  0x14,0x07,0xe8,0x07,0x00,0x28,0xbc,0x8b,0xe8,0x03,0x2c,0x24,0x8b,0xcb,0x8d,0x14,
  0x6f,0xe8,0x07,0x00,0x28,0xbc,0x8b,0x7c,0x24,0x30,0x8d,0x2c,0x68,0x8b,0x4e,0x6c,
  0x83,0xe5,0x07,0x8b,0x5e,0x74,0x8b,0x14,0xbd,0x00,0x02,0xd1,0xa0,0x23,0xd5,0x03,
  0xf9,0x89,0x14,0x24,0xd3,0xe2,0x08,0x13,0x89,0x4c,0x24,0x04,0x83,0xff,0x08,0x0f,
  0x8e,0x9a,0x00,0x00,0x00,0x8b,0x5e,0x74,0x43,0x89,0x5e,0x74,0x3b,0x5e,0x78,0x72,
  0x1e,0x80,0xbe,0xb5,0x06,0x00,0x00,0x00,0x0f,0x85,0x84,0x00,0x00,0x00,0x8b,0xce,
  0xe8,0x07,0x00,0x26,0x8c,0x85,0xc0,0x74,0x79,0x01,0x46,0x78,0x8b,0x5e,0x74,0x8b,
  0x7c,0x24,0x30,0x8b,0x54,0x24,0x04,0x8b,0x4e,0x6c,0xf7,0xd9,0x83,0xc1,0x08,0x8d,
  0x7c,0x17,0xf8,0x8b,0x14,0x24,0xff,0x8e,0xb8,0x06,0x00,0x00,0xff,0x8e,0xdc,0x06,
  0x00,0x00,0xd3,0xea,0x89,0x14,0x24,0x88,0x13,0x83,0xff,0x08,0x7e,0x41,0x8b,0xda,
  0x8b,0x56,0x74,0x42,0x89,0x56,0x74,0x3b,0x56,0x78,0x72,0x1a,0x80,0xbe,0xb5,0x06,
  0x00,0x00,0x00,0x75,0x2d,0x8b,0xce,0xe8,0x07,0x00,0x26,0x8c,0x85,0xc0,0x74,0x22,
  0x01,0x46,0x78,0x8b,0x56,0x74,0x83,0xc7,0xf8,0xff,0x8e,0xb8,0x06,0x00,0x00,0xff,
  0x8e,0xdc,0x06,0x00,0x00,0xc1,0xeb,0x08,0x88,0x1a,0x83,0xff,0x08,0x7f,0xc1,0x89,
  0x7e,0x6c,0x8b,0xc5,0x83,0xc4,0x14,0x5d,0x5b,0x5f,0x5e,0xc2,0x10,0x00,0x85,0xc9,
  0x75,0x0a,0xc7,0x86,0xd0,0x06,0x00,0x00,0x00,0x00,0x00,0x00,0x8b,0x6c,0x24,0x30,
  0xeb,0x0c,0x89,0x8e,0xd4,0x06,0x00,0x00,0x89,0x86,0xd0,0x06,0x00,0x00,0x8b,0x86,
  0xb8,0x06,0x00,0x00,0x85,0xc0,0x75,0x2b,0x80,0xbe,0xb5,0x06,0x00,0x00,0x00,0x75,
  0x0b,0x8b,0xce,0xe8,0x07,0x00,0x26,0x8c,0x85,0xc0,0x75,0x11,0xc7,0x86,0xd4,0x06,
  0x00,0x00,0xff,0xff,0xff,0xff,0x33,0xed,0xe9,0x94,0xfe,0xff,0xff,0x8b,0x86,0xb8,
  0x06,0x00,0x00,0x8b,0x96,0xc0,0x06,0x00,0x00,0x48,0xff,0x86,0xdc,0x06,0x00,0x00,
  0x89,0x86,0xb8,0x06,0x00,0x00,0x3b,0x96,0xc8,0x06,0x00,0x00,0x73,0x3c,0x0f,0xb6,
  0x02,0x42,0x89,0x96,0xc0,0x06,0x00,0x00,0x8b,0x8e,0xd4,0x06,0x00,0x00,0xd3,0xe0,
  0x83,0xc1,0x08,0x03,0x86,0xd0,0x06,0x00,0x00,0x3b,0xcd,0x7c,0x85,0x8b,0xe8,0x85,
  0xc9,0x0f,0x89,0x28,0xfe,0xff,0xff,0x89,0x8e,0xd4,0x06,0x00,0x00,0x89,0xae,0xd0,
  0x06,0x00,0x00,0x33,0xed,0xe9,0x37,0xfe,0xff,0xff,0x33,0xd2,0x8b,0x0e,0xe8,0x07,
  0x00,0x73,0xbc,0x85,0xc0,0x7f,0x14,0xc7,0x86,0x90,0x00,0x00,0x00,0x01,0x00,0x00,
  0x00,0x33,0xc0,0x8b,0x8e,0xd4,0x06,0x00,0x00,0xeb,0xb3,0x8b,0xce,0x50,0x8b,0x16,
  0xe8,0x07,0x00,0x71,0xac,0x8b,0x96,0xc0,0x06,0x00,0x00,0xeb,0x91,0x8b,0x96,0x88,
  0x00,0x00,0x00,0x8b,0x74,0x24,0x2c,0x8b,0x43,0x04,0x89,0x6c,0x24,0x10,0x8d,0x3c,
  0x72,0xbe,0x01,0x00,0x00,0x00,0x89,0x7c,0x24,0x0c,0x33,0xd2,0x8b,0xca,0x8b,0x7c,
  0x24,0x0c,0xf7,0xd9,0x83,0xc1,0x02,0x8b,0x6c,0x24,0x10,0xc1,0xe8,0x10,0xd3,0xed,
  0x0f,0xb7,0x3c,0x77,0x0f,0xaf,0xc7,0x83,0xe5,0x01,0x0f,0x85,0x8c,0x00,0x00,0x00,
  0x8b,0xcf,0xf7,0xd9,0x81,0xc1,0xff,0xff,0x00,0x00,0xc1,0xe9,0x06,0x03,0xf9,0x8b,
  0x4c,0x24,0x0c,0x66,0x89,0x3c,0x71,0x89,0x43,0x04,0x3d,0x00,0x00,0x00,0x01,0x0f,
  0x83,0x52,0x01,0x00,0x00,0x8b,0x43,0x14,0x89,0x14,0x24,0x8b,0x7b,0x08,0x89,0x74,
  0x24,0x04,0x8b,0xd0,0xc1,0xea,0x18,0x88,0x17,0x47,0x3b,0x7b,0x10,0x72,0x2f,0x8b,
  0x43,0x0c,0x2b,0xf8,0x75,0x04,0x33,0xc9,0xeb,0x04,0x0f,0xbd,0xcf,0x41,0x83,0xc1,
  0x1e,0xbe,0x01,0x00,0x00,0x00,0xd3,0xe6,0x03,0xf7,0x56,0x50,0xe8,0x07,0x02,0x43,
  0x32,0x83,0xc4,0x08,0x03,0xf0,0x03,0xf8,0x89,0x43,0x0c,0x89,0x73,0x10,0x8b,0x43,
  0x04,0xc1,0xe0,0x08,0x8b,0x53,0x14,0xc1,0xe2,0x08,0x89,0x53,0x14,0x89,0x43,0x04,
  0x3d,0x00,0x00,0x00,0x01,0x72,0xad,0xe9,0xe1,0x00,0x00,0x00,0x8b,0xcf,0xc1,0xe9,
  0x06,0x2b,0xf9,0x8b,0x4c,0x24,0x0c,0x66,0x89,0x3c,0x71,0x8b,0x7b,0x14,0x8d,0x0c,
  0x38,0xf7,0xd8,0x03,0x43,0x04,0x89,0x4b,0x14,0x89,0x43,0x04,0x3b,0xf9,0x76,0x54,
  0x8b,0x7b,0x08,0x4f,0x8b,0xcf,0x0f,0xb6,0x07,0x3d,0xff,0x00,0x00,0x00,0x75,0x3e,
  0x89,0x74,0x24,0x04,0x33,0xff,0x89,0x5c,0x24,0x08,0x47,0x8d,0x34,0x3f,0xf7,0xde,
  0x03,0xf1,0x0f,0xb6,0x46,0x01,0x8d,0x5e,0x01,0xc6,0x46,0x02,0x00,0x3d,0xff,0x00,
  0x00,0x00,0x75,0x10,0x0f,0xb6,0x06,0x8b,0xde,0xc6,0x46,0x01,0x00,0x3d,0xff,0x00,
  0x00,0x00,0x74,0xd6,0x8b,0xfb,0x8b,0x74,0x24,0x04,0x8b,0x5c,0x24,0x08,0x40,0x88,
  0x07,0x8b,0x43,0x04,0x3d,0x00,0x00,0x00,0x01,0x73,0x6c,0x8b,0x43,0x14,0x89,0x14,
  0x24,0x8b,0x7b,0x08,0x89,0x74,0x24,0x04,0x8b,0xd0,0xc1,0xea,0x18,0x88,0x17,0x47,
  0x3b,0x7b,0x10,0x72,0x2f,0x8b,0x43,0x0c,0x2b,0xf8,0x75,0x04,0x33,0xc9,0xeb,0x04,
  0x0f,0xbd,0xcf,0x41,0x83,0xc1,0x1e,0xbe,0x01,0x00,0x00,0x00,0xd3,0xe6,0x03,0xf7,
  0x56,0x50,0xe8,0x07,0x02,0x43,0x32,0x83,0xc4,0x08,0x03,0xf0,0x03,0xf8,0x89,0x43,
  0x0c,0x89,0x73,0x10,0x8b,0x43,0x04,0xc1,0xe0,0x08,0x8b,0x53,0x14,0xc1,0xe2,0x08,
  0x89,0x53,0x14,0x89,0x43,0x04,0x3d,0x00,0x00,0x00,0x01,0x72,0xad,0x8b,0x14,0x24,
  0x8b,0x74,0x24,0x04,0x89,0x7b,0x08,0x03,0xf6,0x42,0x0b,0xf5,0x83,0xfa,0x03,0x0f,
  0x82,0x57,0xfe,0xff,0xff,0x8b,0x4c,0x24,0x34,0x8b,0x54,0x24,0x30,0x8b,0x6c,0x24,
  0x10,0x01,0x14,0x8d,0x00,0x03,0x95,0xe0,0xe9,0x35,0xfd,0xff,0xff,0x33,0xed,0xe9,
  0x1d,0xfc,0xff,0xff,0x0f,0x1f,0x44,0x00,0x00,0x0f,0x1f,0x80,0x00,0x00,0x00,0x00,
  0x56,0x57,0x53,0x83,0xec,0x08,0x8b,0xf2,0x8b,0xd9,0x85,0xf6,0x0f,0x8e,0xc4,0x00,
  0x00,0x00,0x8b,0xfe,0xb9,0xff,0xff,0xff,0xff,0xd1,0xef,0xba,0x00,0x00,0x01,0x00,
  0x85,0xff,0x0f,0x86,0xb7,0x00,0x00,0x00,0x89,0x7c,0x24,0x04,0x33,0xc0,0x89,0x2c,
  0x24,0x0f,0xb7,0x2c,0x83,0x3b,0xe9,0x7e,0x13,0x0f,0xb7,0x3c,0x73,0x3b,0xef,0x7d,
  0x0b,0x8b,0x7c,0x24,0x18,0x8d,0x0c,0x00,0x89,0x0f,0x8b,0xcd,0x3b,0xea,0x7d,0x13,
  0x0f,0xb7,0x3c,0x73,0x3b,0xef,0x7e,0x0b,0x8b,0x7c,0x24,0x1c,0x8b,0xd5,0x8d,0x2c,
  0x00,0x89,0x2f,0x0f,0xb7,0x6c,0x83,0x02,0x3b,0xe9,0x7e,0x14,0x0f,0xb7,0x3c,0x73,
  0x3b,0xef,0x7d,0x0c,0x8b,0x7c,0x24,0x18,0x8d,0x4c,0x00,0x01,0x89,0x0f,0x8b,0xcd,
  0x3b,0xea,0x7d,0x14,0x0f,0xb7,0x3c,0x73,0x3b,0xef,0x7e,0x0c,0x8b,0x7c,0x24,0x1c,
  0x8b,0xd5,0x8d,0x6c,0x00,0x01,0x89,0x2f,0x40,0x3b,0x44,0x24,0x04,0x72,0x92,0x8b,
  0x2c,0x24,0x8d,0x7c,0x00,0x01,0x8d,0x47,0xff,0x3b,0xf0,0x76,0x29,0x0f,0xb7,0x7c,
  0x7b,0xfe,0x3b,0xf9,0x7e,0x0e,0x0f,0xb7,0x0c,0x73,0x3b,0xf9,0x7d,0x06,0x8b,0x4c,
  0x24,0x18,0x89,0x01,0x3b,0xfa,0x7d,0x0e,0x0f,0xb7,0x14,0x73,0x3b,0xfa,0x7e,0x06,
  0x8b,0x54,0x24,0x1c,0x89,0x02,0x83,0xc4,0x08,0x5b,0x5f,0x5e,0xc2,0x08,0x00,0xbf,
  0x01,0x00,0x00,0x00,0xeb,0xc0,0x0f,0x1f,0x00,0x0f,0x1f,0x80,0x00,0x00,0x00,0x00,
  0x56,0x57,0x53,0x55,0x83,0xec,0x10,0x8b,0xf1,0x8b,0x7c,0x24,0x2c,0x8b,0xda,0x85,
  0xf6,0x0f,0x84,0x8a,0x00,0x00,0x00,0x8b,0x44,0x24,0x24,0x8b,0x90,0xd4,0x06,0x00,
  0x00,0x85,0xd2,0x0f,0x8c,0x8b,0x03,0x00,0x00,0x3b,0x54,0x24,0x28,0x7d,0x36,0x83,
  0x7c,0x24,0x28,0x18,0x0f,0x8e,0x56,0x02,0x00,0x00,0xba,0x18,0x00,0x00,0x00,0x8b,
  0x4c,0x24,0x24,0xe8,0x07,0x00,0x80,0xcc,0x89,0x04,0x24,0x8b,0x44,0x24,0x28,0x8b,
  0x4c,0x24,0x24,0x8d,0x50,0xe8,0xe8,0x07,0x00,0x7f,0x7c,0x8b,0xe8,0xc1,0xe5,0x18,
  0x03,0x2c,0x24,0xeb,0x2e,0x8b,0x44,0x24,0x24,0x8b,0xa8,0xd0,0x06,0x00,0x00,0x8b,
  0x44,0x24,0x24,0x8b,0x4c,0x24,0x28,0x2b,0xd1,0x89,0x90,0xd4,0x06,0x00,0x00,0x8b,
  0xd5,0xd3,0xea,0x89,0x90,0xd0,0x06,0x00,0x00,0xb8,0x01,0x00,0x00,0x00,0xd3,0xe0,
  0x48,0x23,0xe8,0x83,0xfe,0x02,0x0f,0x84,0xf2,0x02,0x00,0x00,0xe9,0xe3,0x01,0x00,
  0x00,0x8b,0xcb,0x0f,0xb6,0x6f,0x08,0x8d,0x54,0x6f,0x0c,0xe8,0x07,0x00,0x28,0xbc,
  0x8b,0xf0,0x8d,0x04,0x6e,0x83,0xe0,0x03,0x88,0x47,0x08,0x85,0xf6,0x0f,0x84,0xcd,
  0x00,0x00,0x00,0x0f,0xb6,0x47,0x09,0x8b,0xcb,0x8d,0x54,0x47,0x14,0xe8,0x07,0x00,
  0x28,0xbc,0x8b,0xe8,0x0f,0xb6,0x77,0x0a,0x8b,0xc5,0xc1,0xe6,0x05,0x8b,0xcb,0x83,
  0xe0,0x01,0x88,0x47,0x09,0x8d,0x74,0x3e,0x34,0x89,0x74,0x24,0x04,0x8d,0x56,0x02,
  0xe8,0x07,0x00,0x28,0xbc,0x8d,0x44,0x00,0x04,0x8b,0xcb,0x89,0x04,0x24,0x8d,0x14,
  0x06,0xe8,0x07,0x00,0x28,0xbc,0x8b,0xf0,0x03,0x34,0x24,0x8b,0xcb,0x8b,0x44,0x24,
  0x04,0x8d,0x14,0x70,0xe8,0x07,0x00,0x28,0xbc,0x8b,0xcb,0x8d,0x34,0x70,0x8b,0x44,
  0x24,0x04,0x8d,0x14,0x70,0xe8,0x07,0x00,0x28,0xbc,0x8d,0x14,0x70,0x83,0xe2,0x0f,
  0x8d,0x42,0x01,0x8d,0xb4,0x97,0x34,0x08,0x00,0x00,0x89,0x74,0x24,0x08,0xbe,0x01,
  0x00,0x00,0x00,0x4a,0x89,0x54,0x24,0x0c,0x7c,0x3c,0x83,0x7c,0x24,0x34,0x00,0x8d,
  0x97,0x34,0x08,0x00,0x00,0x89,0x6c,0x24,0x04,0x8b,0xfb,0x0f,0x45,0x54,0x24,0x08,
  0x83,0xc2,0x02,0x8b,0x6c,0x24,0x0c,0x8b,0xda,0x89,0x04,0x24,0x8b,0xcf,0x8b,0xd3,
  0xe8,0x07,0x00,0x28,0xbc,0x4d,0x8d,0x34,0x70,0x79,0xf1,0x8b,0x6c,0x24,0x04,0x8b,
  0x04,0x24,0x8b,0x7c,0x24,0x2c,0x8b,0xcd,0xf7,0xd9,0x33,0xf1,0x03,0xee,0xeb,0x04,
  0x33,0xc0,0x33,0xed,0x88,0x47,0x0a,0x83,0x7c,0x24,0x38,0x00,0x74,0x11,0x83,0x7c,
  0x24,0x38,0x01,0x7e,0x06,0x03,0x6f,0x04,0x89,0x6f,0x04,0x03,0x2f,0x89,0x2f,0x8b,
  0x54,0x24,0x24,0x8b,0xdd,0x8b,0x7c,0x24,0x28,0x8b,0x72,0x6c,0x8b,0xce,0x23,0x1c,
  0xbd,0x00,0x02,0xd1,0xa0,0x8b,0x42,0x74,0x8b,0xd3,0xd3,0xe2,0x03,0xfe,0x08,0x10,
  0x83,0xff,0x08,0x0f,0x8e,0xa4,0x00,0x00,0x00,0x8b,0x7c,0x24,0x24,0x8b,0x57,0x74,
  0x42,0x89,0x57,0x74,0x3b,0x57,0x78,0x72,0x28,0x8b,0x54,0x24,0x24,0x80,0xba,0xb5,
  0x06,0x00,0x00,0x00,0x0f,0x85,0x8a,0x00,0x00,0x00,0x8b,0x4c,0x24,0x24,0xe8,0x07,
  0x00,0x26,0x8c,0x85,0xc0,0x74,0x7d,0x8b,0x54,0x24,0x24,0x01,0x42,0x78,0x8b,0x52,
  0x74,0x8b,0x7c,0x24,0x28,0x8d,0x7c,0x37,0xf8,0x8b,0x74,0x24,0x24,0x8b,0x4e,0x6c,
  0xf7,0xd9,0x83,0xc1,0x08,0xff,0x8e,0xb8,0x06,0x00,0x00,0xff,0x8e,0xdc,0x06,0x00,
  0x00,0xd3,0xeb,0x88,0x1a,0x83,0xff,0x08,0x7e,0x43,0x8b,0x74,0x24,0x24,0x8b,0x56,
  0x74,0x42,0x89,0x56,0x74,0x3b,0x56,0x78,0x72,0x1a,0x80,0xbe,0xb5,0x06,0x00,0x00,
  0x00,0x75,0x31,0x8b,0xce,0xe8,0x07,0x00,0x26,0x8c,0x85,0xc0,0x74,0x26,0x01,0x46,
  0x78,0x8b,0x56,0x74,0x83,0xc7,0xf8,0xff,0x8e,0xb8,0x06,0x00,0x00,0xff,0x8e,0xdc,
  0x06,0x00,0x00,0xc1,0xeb,0x08,0x88,0x1a,0x83,0xff,0x08,0x7f,0xc1,0x8b,0x54,0x24,
  0x24,0x89,0x7a,0x6c,0x8b,0xc5,0x83,0xc4,0x10,0x5d,0x5b,0x5f,0x5e,0xc2,0x18,0x00,
  0x85,0xd2,0x75,0x0e,0x8b,0x44,0x24,0x24,0xc7,0x80,0xd0,0x06,0x00,0x00,0x00,0x00,
  0x00,0x00,0x89,0x1c,0x24,0x8b,0x6c,0x24,0x28,0x8b,0x5c,0x24,0x24,0xeb,0x0c,0x89,
  0x8b,0xd4,0x06,0x00,0x00,0x89,0x83,0xd0,0x06,0x00,0x00,0x8b,0x83,0xb8,0x06,0x00,
  0x00,0x85,0xc0,0x75,0x32,0x80,0xbb,0xb5,0x06,0x00,0x00,0x00,0x75,0x0b,0x8b,0xcb,
  0xe8,0x07,0x00,0x26,0x8c,0x85,0xc0,0x75,0x18,0x8b,0x1c,0x24,0x8b,0x44,0x24,0x24,
  0x33,0xed,0xc7,0x80,0xd4,0x06,0x00,0x00,0xff,0xff,0xff,0xff,0xe9,0xa2,0xfd,0xff,
  0xff,0x8b,0x83,0xb8,0x06,0x00,0x00,0x8b,0x93,0xc0,0x06,0x00,0x00,0x48,0xff,0x83,
  0xdc,0x06,0x00,0x00,0x89,0x83,0xb8,0x06,0x00,0x00,0x3b,0x93,0xc8,0x06,0x00,0x00,
  0x73,0x49,0x0f,0xb6,0x02,0x42,0x89,0x93,0xc0,0x06,0x00,0x00,0x8b,0x8b,0xd4,0x06,
  0x00,0x00,0xd3,0xe0,0x83,0xc1,0x08,0x03,0x83,0xd0,0x06,0x00,0x00,0x3b,0xcd,0x0f,
  0x8c,0x7a,0xff,0xff,0xff,0x8b,0xd1,0x8b,0xe8,0x8b,0x1c,0x24,0x85,0xd2,0x0f,0x89,
  0x2b,0xfd,0xff,0xff,0x8b,0x44,0x24,0x24,0x89,0x90,0xd4,0x06,0x00,0x00,0x89,0xa8,
  0xd0,0x06,0x00,0x00,0x33,0xed,0xe9,0x38,0xfd,0xff,0xff,0x33,0xd2,0x8b,0x0b,0xe8,
  0x07,0x00,0x73,0xbc,0x85,0xc0,0x7f,0x14,0xc7,0x83,0x90,0x00,0x00,0x00,0x01,0x00,
  0x00,0x00,0x33,0xc0,0x8b,0x8b,0xd4,0x06,0x00,0x00,0xeb,0xa6,0x8b,0xcb,0x50,0x8b,
  0x13,0xe8,0x07,0x00,0x71,0xac,0x8b,0x93,0xc0,0x06,0x00,0x00,0xeb,0x84,0xff,0x74,
  0x24,0x38,0xff,0x74,0x24,0x38,0x8b,0xcb,0x8b,0xd7,0x55,0xe8,0x07,0x01,0x04,0x3c,
  0x8b,0x4c,0x24,0x30,0x8b,0x54,0x24,0x28,0x01,0x14,0x8d,0x00,0x03,0x95,0xe0,0xe9,
  0xd0,0xfe,0xff,0xff,0x33,0xed,0xe9,0xd8,0xfc,0xff,0xff,0x0f,0x1f,0x44,0x00,0x00,
  0x56,0x57,0x53,0x55,0x83,0xec,0x20,0x8b,0xd9,0x8b,0x4c,0x24,0x3c,0x8b,0x74,0x24,
  0x34,0x85,0xc9,0x74,0x13,0x8b,0xc6,0x2b,0x32,0x89,0x02,0x83,0xf9,0x01,0x7e,0x08,
  0x8b,0xc6,0x2b,0x72,0x04,0x89,0x42,0x04,0x33,0xc0,0x85,0xf6,0x0f,0xb6,0x7a,0x08,
  0x8d,0x6a,0x0c,0x0f,0x97,0xc0,0x8d,0x0c,0x78,0x83,0xe1,0x03,0x88,0x4a,0x08,0x0f,
  0xb7,0x44,0x7d,0x00,0x0f,0xb7,0x4b,0x06,0x0f,0xaf,0xc8,0x89,0x4c,0x24,0x04,0x85,
  0xf6,0x0f,0x85,0x8d,0x00,0x00,0x00,0x8b,0xc8,0xf7,0xd9,0x81,0xc1,0xff,0xff,0x00,
  0x00,0xc1,0xe9,0x06,0x03,0xc1,0x66,0x89,0x44,0x7d,0x00,0x8b,0x44,0x24,0x04,0x89,
  0x43,0x04,0x3d,0x00,0x00,0x00,0x01,0x0f,0x83,0x5b,0x01,0x00,0x00,0x8b,0x43,0x14,
  0x8b,0x7b,0x08,0x89,0x74,0x24,0x1c,0x89,0x54,0x24,0x04,0xc1,0xe8,0x18,0x88,0x07,
  0x47,0x3b,0x7b,0x10,0x72,0x2f,0x8b,0x43,0x0c,0x2b,0xf8,0x75,0x04,0x33,0xc9,0xeb,
  0x04,0x0f,0xbd,0xcf,0x41,0x83,0xc1,0x1e,0xbe,0x01,0x00,0x00,0x00,0xd3,0xe6,0x03,
  0xf7,0x56,0x50,0xe8,0x07,0x02,0x43,0x32,0x83,0xc4,0x08,0x03,0xf0,0x03,0xf8,0x89,
  0x43,0x0c,0x89,0x73,0x10,0x8b,0x53,0x04,0xc1,0xe2,0x08,0x8b,0x43,0x14,0xc1,0xe0,
  0x08,0x89,0x43,0x14,0x89,0x53,0x04,0x81,0xfa,0x00,0x00,0x00,0x01,0x72,0xac,0xe9,
  0xe9,0x00,0x00,0x00,0x8b,0xc8,0xc1,0xe9,0x06,0x2b,0xc1,0x66,0x89,0x44,0x7d,0x00,
  0x89,0x2c,0x24,0x8b,0x7b,0x14,0x8b,0x6c,0x24,0x04,0x8b,0x43,0x04,0x2b,0xc5,0x89,
  0x43,0x04,0x8d,0x4c,0x3d,0x00,0x89,0x4b,0x14,0x8b,0x2c,0x24,0x3b,0xf9,0x76,0x54,
  0x8b,0x4b,0x08,0x49,0x8b,0xf9,0x0f,0xb6,0x01,0x3d,0xff,0x00,0x00,0x00,0x75,0x3e,
  0x89,0x5c,0x24,0x10,0x33,0xc9,0x89,0x54,0x24,0x04,0x41,0x8d,0x1c,0x09,0xf7,0xdb,
  0x03,0xdf,0x0f,0xb6,0x43,0x01,0x8d,0x53,0x01,0xc6,0x43,0x02,0x00,0x3d,0xff,0x00,
  0x00,0x00,0x75,0x10,0x0f,0xb6,0x03,0x8b,0xd3,0xc6,0x43,0x01,0x00,0x3d,0xff,0x00,
  0x00,0x00,0x74,0xd6,0x8b,0xca,0x8b,0x5c,0x24,0x10,0x8b,0x54,0x24,0x04,0x40,0x88,
  0x01,0x8b,0x43,0x04,0x3d,0x00,0x00,0x00,0x01,0x73,0x6d,0x8b,0x43,0x14,0x8b,0x7b,
  0x08,0x89,0x74,0x24,0x1c,0x89,0x54,0x24,0x04,0xc1,0xe8,0x18,0x88,0x07,0x47,0x3b,
  0x7b,0x10,0x72,0x2f,0x8b,0x43,0x0c,0x2b,0xf8,0x75,0x04,0x33,0xc9,0xeb,0x04,0x0f,
  0xbd,0xcf,0x41,0x83,0xc1,0x1e,0xbe,0x01,0x00,0x00,0x00,0xd3,0xe6,0x03,0xf7,0x56,
  0x50,0xe8,0x07,0x02,0x43,0x32,0x83,0xc4,0x08,0x03,0xf0,0x03,0xf8,0x89,0x43,0x0c,
  0x89,0x73,0x10,0x8b,0x53,0x04,0xc1,0xe2,0x08,0x8b,0x43,0x14,0xc1,0xe0,0x08,0x89,
  0x43,0x14,0x89,0x53,0x04,0x81,0xfa,0x00,0x00,0x00,0x01,0x72,0xac,0x8b,0x74,0x24,
  0x1c,0x8b,0x54,0x24,0x04,0x89,0x7b,0x08,0x85,0xf6,0x0f,0x84,0x7c,0x05,0x00,0x00,
  0x78,0x09,0xc7,0x04,0x24,0x00,0x00,0x00,0x00,0xeb,0x09,0xc7,0x04,0x24,0x01,0x00,
  0x00,0x00,0xf7,0xde,0x0f,0xb6,0x4a,0x09,0x8b,0x04,0x24,0x88,0x42,0x09,0x89,0x4c,
  0x24,0x08,0x0f,0xb7,0x4c,0x4d,0x08,0x0f,0xb7,0x7b,0x06,0x0f,0xaf,0xf9,0x85,0xc0,
  0x0f,0x85,0x8a,0x00,0x00,0x00,0x8b,0xc1,0xf7,0xd8,0x05,0xff,0xff,0x00,0x00,0xc1,
  0xe8,0x06,0x03,0xc8,0x8b,0x44,0x24,0x08,0x66,0x89,0x4c,0x45,0x08,0x89,0x7b,0x04,
  0x81,0xff,0x00,0x00,0x00,0x01,0x0f,0x83,0x41,0x01,0x00,0x00,0x8b,0x6b,0x08,0x8b,
  0x43,0x14,0x89,0x54,0x24,0x04,0xc1,0xe8,0x18,0x88,0x45,0x00,0x45,0x3b,0x6b,0x10,
  0x72,0x2f,0x8b,0x43,0x0c,0x2b,0xe8,0x75,0x04,0x33,0xc9,0xeb,0x04,0x0f,0xbd,0xcd,
  0x41,0x83,0xc1,0x1e,0xbf,0x01,0x00,0x00,0x00,0xd3,0xe7,0x03,0xfd,0x57,0x50,0xe8,
  0x07,0x02,0x43,0x32,0x83,0xc4,0x08,0x03,0xf8,0x03,0xe8,0x89,0x43,0x0c,0x89,0x7b,
  0x10,0x8b,0x7b,0x04,0xc1,0xe7,0x08,0x8b,0x43,0x14,0xc1,0xe0,0x08,0x89,0x43,0x14,
  0x89,0x7b,0x04,0x81,0xff,0x00,0x00,0x00,0x01,0x72,0xab,0xe9,0xd6,0x00,0x00,0x00,
  0x8b,0xc1,0xc1,0xe8,0x06,0x2b,0xc8,0x8b,0x44,0x24,0x08,0x66,0x89,0x4c,0x45,0x08,
  0x8b,0x4b,0x14,0x8d,0x2c,0x0f,0xf7,0xdf,0x03,0x7b,0x04,0x89,0x6b,0x14,0x89,0x7b,
  0x04,0x3b,0xcd,0x76,0x4a,0x8b,0x7b,0x08,0x4f,0x8b,0xef,0x0f,0xb6,0x07,0x3d,0xff,
  0x00,0x00,0x00,0x75,0x34,0x89,0x54,0x24,0x04,0x33,0xc9,0x41,0x8d,0x14,0x09,0xf7,
  0xda,0x03,0xd5,0x0f,0xb6,0x42,0x01,0x8d,0x7a,0x01,0xc6,0x42,0x02,0x00,0x3d,0xff,
  0x00,0x00,0x00,0x75,0x10,0x0f,0xb6,0x02,0x8b,0xfa,0xc6,0x42,0x01,0x00,0x3d,0xff,
  0x00,0x00,0x00,0x74,0xd6,0x8b,0x54,0x24,0x04,0x40,0x88,0x07,0x8b,0x7b,0x04,0x81,
  0xff,0x00,0x00,0x00,0x01,0x73,0x66,0x8b,0x6b,0x08,0x8b,0x43,0x14,0x89,0x54,0x24,
  0x04,0xc1,0xe8,0x18,0x88,0x45,0x00,0x45,0x3b,0x6b,0x10,0x72,0x2f,0x8b,0x43,0x0c,
  0x2b,0xe8,0x75,0x04,0x33,0xc9,0xeb,0x04,0x0f,0xbd,0xcd,0x41,0x83,0xc1,0x1e,0xbf,
  0x01,0x00,0x00,0x00,0xd3,0xe7,0x03,0xfd,0x57,0x50,0xe8,0x07,0x02,0x43,0x32,0x83,
  0xc4,0x08,0x03,0xf8,0x03,0xe8,0x89,0x43,0x0c,0x89,0x7b,0x10,0x8b,0x7b,0x04,0xc1,
  0xe7,0x08,0x8b,0x43,0x14,0xc1,0xe0,0x08,0x89,0x43,0x14,0x89,0x7b,0x04,0x81,0xff,
  0x00,0x00,0x00,0x01,0x72,0xab,0x8b,0x54,0x24,0x04,0x89,0x6b,0x08,0x85,0xf6,0x75,
  0x04,0x33,0xc0,0xeb,0x04,0x0f,0xbd,0xc6,0x40,0x0f,0xb6,0x4a,0x0a,0x8d,0x68,0xff,
  0xc1,0xe1,0x05,0xc7,0x44,0x24,0x0c,0x01,0x00,0x00,0x00,0xc7,0x04,0x24,0x00,0x00,
  0x00,0x00,0x89,0x74,0x24,0x1c,0x89,0x54,0x24,0x04,0x8d,0x4c,0x11,0x0c,0x89,0x6c,
  0x24,0x14,0x89,0x4c,0x24,0x18,0x89,0x44,0x24,0x08,0x8b,0x14,0x24,0x8b,0x74,0x24,
  0x0c,0x8b,0xca,0x8b,0x44,0x24,0x18,0xf7,0xd9,0x83,0xc1,0x03,0x8b,0x6c,0x24,0x14,
  0xc1,0xef,0x10,0xd3,0xed,0x0f,0xb7,0x44,0x70,0x28,0x0f,0xaf,0xf8,0x83,0xe5,0x01,
  0x0f,0x85,0x9d,0x00,0x00,0x00,0x8b,0xc8,0xf7,0xd9,0x81,0xc1,0xff,0xff,0x00,0x00,
  0xc1,0xe9,0x06,0x03,0xc1,0x8b,0x4c,0x24,0x18,0x66,0x89,0x44,0x71,0x28,0x89,0x7b,
  0x04,0x81,0xff,0x00,0x00,0x00,0x01,0x0f,0x83,0x66,0x01,0x00,0x00,0x8b,0x43,0x14,
  0x8b,0x4b,0x08,0x8b,0xf9,0x89,0x14,0x24,0x89,0x74,0x24,0x0c,0xc1,0xe8,0x18,0x88,
  0x07,0x47,0x3b,0x7b,0x10,0x72,0x2f,0x8b,0x43,0x0c,0x2b,0xf8,0x75,0x04,0x33,0xc9,
  0xeb,0x04,0x0f,0xbd,0xcf,0x41,0x83,0xc1,0x1e,0xbe,0x01,0x00,0x00,0x00,0xd3,0xe6,
  0x03,0xf7,0x56,0x50,0xe8,0x07,0x02,0x43,0x32,0x83,0xc4,0x08,0x03,0xf0,0x03,0xf8,
  0x89,0x43,0x0c,0x89,0x73,0x10,0x8b,0x53,0x04,0xc1,0xe2,0x08,0x8b,0x43,0x14,0xc1,
  0xe0,0x08,0x89,0x43,0x14,0x89,0x53,0x04,0x81,0xfa,0x00,0x00,0x00,0x01,0x72,0xac,
  0x8b,0xcf,0x8b,0xfa,0x8b,0x14,0x24,0x8b,0x74,0x24,0x0c,0x89,0x4b,0x08,0xe9,0xf0,
  0x00,0x00,0x00,0x8b,0xc8,0xc1,0xe9,0x06,0x2b,0xc1,0x8b,0x4c,0x24,0x18,0x66,0x89,
  0x44,0x71,0x28,0x8b,0x43,0x14,0x8d,0x0c,0x07,0xf7,0xdf,0x03,0x7b,0x04,0x89,0x4b,
  0x14,0x89,0x7b,0x04,0x3b,0xc1,0x76,0x54,0x8b,0x4b,0x08,0x49,0x8b,0xf9,0x0f,0xb6,
  0x01,0x3d,0xff,0x00,0x00,0x00,0x75,0x3e,0x89,0x74,0x24,0x0c,0x33,0xc9,0x89,0x5c,
  0x24,0x10,0x41,0x8d,0x34,0x09,0xf7,0xde,0x03,0xf7,0x0f,0xb6,0x46,0x01,0x8d,0x5e,
  0x01,0xc6,0x46,0x02,0x00,0x3d,0xff,0x00,0x00,0x00,0x75,0x10,0x0f,0xb6,0x06,0x8b,
  0xde,0xc6,0x46,0x01,0x00,0x3d,0xff,0x00,0x00,0x00,0x74,0xd6,0x8b,0xcb,0x8b,0x74,
  0x24,0x0c,0x8b,0x5c,0x24,0x10,0x40,0x88,0x01,0x8b,0x7b,0x04,0x81,0xff,0x00,0x00,
  0x00,0x01,0x73,0x6f,0x8b,0x43,0x14,0x8b,0x4b,0x08,0x89,0x14,0x24,0x89,0x74,0x24,
  0x0c,0x8b,0xf1,0xc1,0xe8,0x18,0x88,0x06,0x46,0x3b,0x73,0x10,0x72,0x2f,0x8b,0x43,
  0x0c,0x2b,0xf0,0x75,0x04,0x33,0xc9,0xeb,0x04,0x0f,0xbd,0xce,0x41,0x83,0xc1,0x1e,
  0xbf,0x01,0x00,0x00,0x00,0xd3,0xe7,0x03,0xfe,0x57,0x50,0xe8,0x07,0x02,0x43,0x32,
  0x83,0xc4,0x08,0x03,0xf8,0x03,0xf0,0x89,0x43,0x0c,0x89,0x7b,0x10,0x8b,0x7b,0x04,
  0xc1,0xe7,0x08,0x8b,0x43,0x14,0xc1,0xe0,0x08,0x89,0x43,0x14,0x89,0x7b,0x04,0x81,
  0xff,0x00,0x00,0x00,0x01,0x72,0xac,0x8b,0xce,0x8b,0x14,0x24,0x8b,0x74,0x24,0x0c,
  0x89,0x4b,0x08,0x03,0xf6,0x42,0x0b,0xf5,0x83,0xfa,0x04,0x0f,0x82,0x40,0xfe,0xff,
  0xff,0x83,0x7c,0x24,0x38,0x00,0x8b,0x44,0x24,0x08,0x8b,0x54,0x24,0x04,0x8d,0x8c,
  0x82,0x30,0x08,0x00,0x00,0x8b,0x74,0x24,0x1c,0x8d,0xaa,0x34,0x08,0x00,0x00,0x0f,
  0x45,0xe9,0x8b,0xc8,0x89,0x6c,0x24,0x14,0x83,0xc1,0xfe,0x0f,0x88,0xad,0x01,0x00,
  0x00,0x89,0x44,0x24,0x08,0x8d,0x68,0xff,0x89,0x6c,0x24,0x0c,0x33,0xed,0x89,0x74,
  0x24,0x1c,0x89,0x54,0x24,0x04,0x8b,0x44,0x24,0x14,0x8b,0x54,0x24,0x1c,0xc1,0xef,
  0x10,0xd3,0xea,0x0f,0xb7,0x40,0x02,0x0f,0xaf,0xf8,0xf6,0xc2,0x01,0x0f,0x85,0x88,
  0x00,0x00,0x00,0x8b,0xd0,0xf7,0xda,0x8b,0x74,0x24,0x14,0x81,0xc2,0xff,0xff,0x00,
  0x00,0xc1,0xea,0x06,0x03,0xc2,0x66,0x89,0x46,0x02,0x89,0x7b,0x04,0x81,0xff,0x00,
  0x00,0x00,0x01,0x0f,0x83,0x3d,0x01,0x00,0x00,0x8b,0x43,0x14,0x8b,0x73,0x08,0x89,
  0x0c,0x24,0xc1,0xe8,0x18,0x88,0x06,0x46,0x3b,0x73,0x10,0x72,0x2f,0x8b,0x43,0x0c,
  0x2b,0xf0,0x75,0x04,0x33,0xc9,0xeb,0x04,0x0f,0xbd,0xce,0x41,0x83,0xc1,0x1e,0xbf,
  0x01,0x00,0x00,0x00,0xd3,0xe7,0x03,0xfe,0x57,0x50,0xe8,0x07,0x02,0x43,0x32,0x83,
  0xc4,0x08,0x03,0xf8,0x03,0xf0,0x89,0x43,0x0c,0x89,0x7b,0x10,0x8b,0x7b,0x04,0xc1,
  0xe7,0x08,0x8b,0x43,0x14,0xc1,0xe0,0x08,0x89,0x43,0x14,0x89,0x7b,0x04,0x81,0xff,
  0x00,0x00,0x00,0x01,0x72,0xac,0xe9,0xd3,0x00,0x00,0x00,0x8b,0x74,0x24,0x14,0x8b,
  0xd0,0xc1,0xea,0x06,0x2b,0xc2,0x66,0x89,0x46,0x02,0x8b,0x43,0x14,0x8d,0x14,0x07,
  0xf7,0xdf,0x03,0x7b,0x04,0x89,0x53,0x14,0x89,0x7b,0x04,0x3b,0xc2,0x76,0x4a,0x8b,
  0x53,0x08,0x4a,0x8b,0xf2,0x0f,0xb6,0x02,0x3d,0xff,0x00,0x00,0x00,0x75,0x34,0x89,
  0x5c,0x24,0x10,0x33,0xff,0x47,0x8d,0x1c,0x3f,0xf7,0xdb,0x03,0xde,0x0f,0xb6,0x43,
  0x01,0x8d,0x53,0x01,0xc6,0x43,0x02,0x00,0x3d,0xff,0x00,0x00,0x00,0x75,0x10,0x0f,
  0xb6,0x03,0x8b,0xd3,0xc6,0x43,0x01,0x00,0x3d,0xff,0x00,0x00,0x00,0x74,0xd6,0x8b,
  0x5c,0x24,0x10,0x40,0x88,0x02,0x8b,0x7b,0x04,0x81,0xff,0x00,0x00,0x00,0x01,0x73,
  0x65,0x8b,0x43,0x14,0x8b,0x73,0x08,0x89,0x0c,0x24,0xc1,0xe8,0x18,0x88,0x06,0x46,
  0x3b,0x73,0x10,0x72,0x2f,0x8b,0x43,0x0c,0x2b,0xf0,0x75,0x04,0x33,0xc9,0xeb,0x04,
  0x0f,0xbd,0xce,0x41,0x83,0xc1,0x1e,0xbf,0x01,0x00,0x00,0x00,0xd3,0xe7,0x03,0xfe,
  0x57,0x50,0xe8,0x07,0x02,0x43,0x32,0x83,0xc4,0x08,0x03,0xf8,0x03,0xf0,0x89,0x43,
  0x0c,0x89,0x7b,0x10,0x8b,0x7b,0x04,0xc1,0xe7,0x08,0x8b,0x43,0x14,0xc1,0xe0,0x08,
  0x89,0x43,0x14,0x89,0x7b,0x04,0x81,0xff,0x00,0x00,0x00,0x01,0x72,0xac,0x66,0x90,
  0x8b,0x0c,0x24,0x89,0x73,0x08,0x45,0x49,0x3b,0x6c,0x24,0x0c,0x0f,0x82,0x74,0xfe,
  0xff,0xff,0x8b,0x44,0x24,0x08,0x8b,0x54,0x24,0x04,0xeb,0x02,0x33,0xc0,0x88,0x42,
  0x0a,0x33,0xc0,0x83,0xc4,0x20,0x5d,0x5b,0x5f,0x5e,0xc2,0x0c,0x00,0x0f,0x1f,0x00,
  0x56,0x57,0x53,0x55,0x83,0xec,0x14,0x8b,0xf9,0x8b,0x74,0x24,0x28,0x8b,0xda,0x85,
  0xff,0x74,0x7c,0x8b,0x8e,0xd4,0x06,0x00,0x00,0x85,0xc9,0x0f,0x8c,0x2b,0x04,0x00,
  0x00,0x3b,0x4c,0x24,0x30,0x7d,0x32,0x83,0x7c,0x24,0x30,0x18,0x0f,0x8e,0x5d,0x01,
  0x00,0x00,0x8b,0xce,0xba,0x18,0x00,0x00,0x00,0xe8,0x07,0x00,0x80,0xcc,0x89,0x04,
  0x24,0x8b,0x44,0x24,0x30,0x8b,0xce,0x8d,0x50,0xe8,0xe8,0x07,0x00,0x7f,0x7c,0x8b,
  0xe8,0xc1,0xe5,0x18,0x03,0x2c,0x24,0xeb,0x28,0x8b,0xae,0xd0,0x06,0x00,0x00,0x8b,
  0x44,0x24,0x30,0x2b,0xc8,0x89,0x8e,0xd4,0x06,0x00,0x00,0x8b,0xc8,0x8b,0xd5,0xd3,
  0xea,0x89,0x96,0xd0,0x06,0x00,0x00,0xba,0x01,0x00,0x00,0x00,0xd3,0xe2,0x4a,0x23,
  0xea,0x83,0xff,0x02,0x0f,0x84,0xe4,0x01,0x00,0x00,0xe9,0xf4,0x00,0x00,0x00,0x8b,
  0x44,0x24,0x2c,0x8b,0xcb,0x8b,0xae,0x88,0x00,0x00,0x00,0x8d,0x6c,0x45,0x00,0x8d,
  0x55,0x02,0xe8,0x07,0x00,0x28,0xbc,0x8b,0xcb,0x8d,0x7c,0x00,0x04,0x03,0xef,0x8b,
  0xd5,0xe8,0x07,0x00,0x28,0xbc,0x8b,0xe8,0x03,0xef,0x8b,0x7c,0x24,0x30,0x83,0xe5,
  0x03,0x8b,0x4e,0x6c,0x8b,0x5e,0x74,0x8b,0x14,0xbd,0x00,0x02,0xd1,0xa0,0x23,0xd5,
  0x03,0xf9,0x89,0x14,0x24,0xd3,0xe2,0x08,0x13,0x89,0x4c,0x24,0x04,0x83,0xff,0x08,
  0x0f,0x8e,0x9a,0x00,0x00,0x00,0x8b,0x5e,0x74,0x43,0x89,0x5e,0x74,0x3b,0x5e,0x78,
  0x72,0x1e,0x80,0xbe,0xb5,0x06,0x00,0x00,0x00,0x0f,0x85,0x84,0x00,0x00,0x00,0x8b,
  0xce,0xe8,0x07,0x00,0x26,0x8c,0x85,0xc0,0x74,0x79,0x01,0x46,0x78,0x8b,0x5e,0x74,
  0x8b,0x7c,0x24,0x30,0x8b,0x54,0x24,0x04,0x8b,0x4e,0x6c,0xf7,0xd9,0x83,0xc1,0x08,
  0x8d,0x7c,0x17,0xf8,0x8b,0x14,0x24,0xff,0x8e,0xb8,0x06,0x00,0x00,0xff,0x8e,0xdc,
  0x06,0x00,0x00,0xd3,0xea,0x89,0x14,0x24,0x88,0x13,0x83,0xff,0x08,0x7e,0x41,0x8b,
  0xda,0x8b,0x56,0x74,0x42,0x89,0x56,0x74,0x3b,0x56,0x78,0x72,0x1a,0x80,0xbe,0xb5,
  0x06,0x00,0x00,0x00,0x75,0x2d,0x8b,0xce,0xe8,0x07,0x00,0x26,0x8c,0x85,0xc0,0x74,
  0x22,0x01,0x46,0x78,0x8b,0x56,0x74,0x83,0xc7,0xf8,0xff,0x8e,0xb8,0x06,0x00,0x00,
  0xff,0x8e,0xdc,0x06,0x00,0x00,0xc1,0xeb,0x08,0x88,0x1a,0x83,0xff,0x08,0x7f,0xc1,
  0x89,0x7e,0x6c,0x8b,0xc5,0x83,0xc4,0x14,0x5d,0x5b,0x5f,0x5e,0xc2,0x10,0x00,0x85,
  0xc9,0x75,0x0a,0xc7,0x86,0xd0,0x06,0x00,0x00,0x00,0x00,0x00,0x00,0x8b,0x6c,0x24,
  0x30,0xeb,0x0c,0x89,0x8e,0xd4,0x06,0x00,0x00,0x89,0x86,0xd0,0x06,0x00,0x00,0x8b,
  0x86,0xb8,0x06,0x00,0x00,0x85,0xc0,0x75,0x2b,0x80,0xbe,0xb5,0x06,0x00,0x00,0x00,
  0x75,0x0b,0x8b,0xce,0xe8,0x07,0x00,0x26,0x8c,0x85,0xc0,0x75,0x11,0xc7,0x86,0xd4,
  0x06,0x00,0x00,0xff,0xff,0xff,0xff,0x33,0xed,0xe9,0xa3,0xfe,0xff,0xff,0x8b,0x86,
  0xb8,0x06,0x00,0x00,0x8b,0x96,0xc0,0x06,0x00,0x00,0x48,0xff,0x86,0xdc,0x06,0x00,
  0x00,0x89,0x86,0xb8,0x06,0x00,0x00,0x3b,0x96,0xc8,0x06,0x00,0x00,0x73,0x3c,0x0f,
  0xb6,0x02,0x42,0x89,0x96,0xc0,0x06,0x00,0x00,0x8b,0x8e,0xd4,0x06,0x00,0x00,0xd3,
  0xe0,0x83,0xc1,0x08,0x03,0x86,0xd0,0x06,0x00,0x00,0x3b,0xcd,0x7c,0x85,0x8b,0xe8,
  0x85,0xc9,0x0f,0x89,0x37,0xfe,0xff,0xff,0x89,0x8e,0xd4,0x06,0x00,0x00,0x89,0xae,
  0xd0,0x06,0x00,0x00,0x33,0xed,0xe9,0x46,0xfe,0xff,0xff,0x33,0xd2,0x8b,0x0e,0xe8,
  0x07,0x00,0x73,0xbc,0x85,0xc0,0x7f,0x14,0xc7,0x86,0x90,0x00,0x00,0x00,0x01,0x00,
  0x00,0x00,0x33,0xc0,0x8b,0x8e,0xd4,0x06,0x00,0x00,0xeb,0xb3,0x8b,0xce,0x50,0x8b,
  0x16,0xe8,0x07,0x00,0x71,0xac,0x8b,0x96,0xc0,0x06,0x00,0x00,0xeb,0x91,0x8b,0x96,
  0x88,0x00,0x00,0x00,0x8b,0x74,0x24,0x2c,0x8b,0x43,0x04,0x89,0x6c,0x24,0x10,0x8d,
  0x3c,0x72,0xbe,0x01,0x00,0x00,0x00,0x89,0x7c,0x24,0x0c,0x33,0xd2,0x8b,0xca,0x8b,
  0x7c,0x24,0x0c,0xf7,0xd9,0x41,0x8b,0x6c,0x24,0x10,0xc1,0xe8,0x10,0xd3,0xed,0x0f,
  0xb7,0x3c,0x77,0x0f,0xaf,0xc7,0x83,0xe5,0x01,0x0f,0x85,0x8c,0x00,0x00,0x00,0x8b,
  0xcf,0xf7,0xd9,0x81,0xc1,0xff,0xff,0x00,0x00,0xc1,0xe9,0x06,0x03,0xf9,0x8b,0x4c,
  0x24,0x0c,0x66,0x89,0x3c,0x71,0x89,0x43,0x04,0x3d,0x00,0x00,0x00,0x01,0x0f,0x83,
  0x52,0x01,0x00,0x00,0x8b,0x43,0x14,0x89,0x14,0x24,0x8b,0x7b,0x08,0x89,0x74,0x24,
  0x04,0x8b,0xd0,0xc1,0xea,0x18,0x88,0x17,0x47,0x3b,0x7b,0x10,0x72,0x2f,0x8b,0x43,
  0x0c,0x2b,0xf8,0x75,0x04,0x33,0xc9,0xeb,0x04,0x0f,0xbd,0xcf,0x41,0x83,0xc1,0x1e,
  0xbe,0x01,0x00,0x00,0x00,0xd3,0xe6,0x03,0xf7,0x56,0x50,0xe8,0x07,0x02,0x43,0x32,
  0x83,0xc4,0x08,0x03,0xf0,0x03,0xf8,0x89,0x43,0x0c,0x89,0x73,0x10,0x8b,0x43,0x04,
  0xc1,0xe0,0x08,0x8b,0x53,0x14,0xc1,0xe2,0x08,0x89,0x53,0x14,0x89,0x43,0x04,0x3d,
  0x00,0x00,0x00,0x01,0x72,0xad,0xe9,0xe1,0x00,0x00,0x00,0x8b,0xcf,0xc1,0xe9,0x06,
  0x2b,0xf9,0x8b,0x4c,0x24,0x0c,0x66,0x89,0x3c,0x71,0x8b,0x7b,0x14,0x8d,0x0c,0x38,
  0xf7,0xd8,0x03,0x43,0x04,0x89,0x4b,0x14,0x89,0x43,0x04,0x3b,0xf9,0x76,0x54,0x8b,
  0x7b,0x08,0x4f,0x8b,0xcf,0x0f,0xb6,0x07,0x3d,0xff,0x00,0x00,0x00,0x75,0x3e,0x89,
  0x74,0x24,0x04,0x33,0xff,0x89,0x5c,0x24,0x08,0x47,0x8d,0x34,0x3f,0xf7,0xde,0x03,
  0xf1,0x0f,0xb6,0x46,0x01,0x8d,0x5e,0x01,0xc6,0x46,0x02,0x00,0x3d,0xff,0x00,0x00,
  0x00,0x75,0x10,0x0f,0xb6,0x06,0x8b,0xde,0xc6,0x46,0x01,0x00,0x3d,0xff,0x00,0x00,
  0x00,0x74,0xd6,0x8b,0xfb,0x8b,0x74,0x24,0x04,0x8b,0x5c,0x24,0x08,0x40,0x88,0x07,
  0x8b,0x43,0x04,0x3d,0x00,0x00,0x00,0x01,0x73,0x6c,0x8b,0x43,0x14,0x89,0x14,0x24,
  0x8b,0x7b,0x08,0x89,0x74,0x24,0x04,0x8b,0xd0,0xc1,0xea,0x18,0x88,0x17,0x47,0x3b,
  0x7b,0x10,0x72,0x2f,0x8b,0x43,0x0c,0x2b,0xf8,0x75,0x04,0x33,0xc9,0xeb,0x04,0x0f,
  0xbd,0xcf,0x41,0x83,0xc1,0x1e,0xbe,0x01,0x00,0x00,0x00,0xd3,0xe6,0x03,0xf7,0x56,
  0x50,0xe8,0x07,0x02,0x43,0x32,0x83,0xc4,0x08,0x03,0xf0,0x03,0xf8,0x89,0x43,0x0c,
  0x89,0x73,0x10,0x8b,0x43,0x04,0xc1,0xe0,0x08,0x8b,0x53,0x14,0xc1,0xe2,0x08,0x89,
  0x53,0x14,0x89,0x43,0x04,0x3d,0x00,0x00,0x00,0x01,0x72,0xad,0x8b,0x14,0x24,0x8b,
  0x74,0x24,0x04,0x89,0x7b,0x08,0x03,0xf6,0x42,0x0b,0xf5,0x83,0xfa,0x02,0x0f,0x82,
  0x59,0xfe,0xff,0xff,0x8b,0x4c,0x24,0x34,0x8b,0x54,0x24,0x30,0x8b,0x6c,0x24,0x10,
  0x01,0x14,0x8d,0x00,0x03,0x95,0xe0,0xe9,0x37,0xfd,0xff,0xff,0x33,0xed,0xe9,0x2e,
  0xfc,0xff,0xff,0x0f,0x1f,0x44,0x00,0x00,0x0f,0x1f,0x84,0x00,0x00,0x00,0x00,0x00,
  0x56,0x8b,0xd1,0x8b,0x8a,0xd4,0x06,0x00,0x00,0x85,0xc9,0x0f,0x8c,0xf1,0x00,0x00,
  0x00,0x83,0xf9,0x03,0x0f,0x8d,0x95,0x00,0x00,0x00,0x85,0xc9,0x75,0x0a,0xc7,0x82,
  0xd0,0x06,0x00,0x00,0x00,0x00,0x00,0x00,0x89,0x34,0x24,0x8b,0xf2,0xeb,0x0c,0x89,
  0x8e,0xd4,0x06,0x00,0x00,0x89,0x86,0xd0,0x06,0x00,0x00,0x8b,0x86,0xb8,0x06,0x00,
  0x00,0x85,0xc0,0x75,0x2d,0x80,0xbe,0xb5,0x06,0x00,0x00,0x00,0x75,0x0b,0x8b,0xce,
  0xe8,0x07,0x00,0x26,0x8c,0x85,0xc0,0x75,0x13,0x8b,0xd6,0x8b,0x34,0x24,0x33,0xc0,
  0xc7,0x82,0xd4,0x06,0x00,0x00,0xff,0xff,0xff,0xff,0x59,0xc3,0x8b,0x86,0xb8,0x06,
  0x00,0x00,0x8b,0x96,0xc0,0x06,0x00,0x00,0x48,0xff,0x86,0xdc,0x06,0x00,0x00,0x89,
  0x86,0xb8,0x06,0x00,0x00,0x3b,0x96,0xc8,0x06,0x00,0x00,0x73,0x48,0x0f,0xb6,0x02,
  0x42,0x89,0x96,0xc0,0x06,0x00,0x00,0x8b,0x8e,0xd4,0x06,0x00,0x00,0xd3,0xe0,0x83,
  0xc1,0x08,0x03,0x86,0xd0,0x06,0x00,0x00,0x83,0xf9,0x03,0x7c,0x82,0xeb,0x1f,0x8b,
  0x82,0xd0,0x06,0x00,0x00,0x83,0xc1,0xfd,0x89,0x8a,0xd4,0x06,0x00,0x00,0x8b,0xc8,
  0xc1,0xe9,0x03,0x83,0xe0,0x07,0x89,0x8a,0xd0,0x06,0x00,0x00,0x59,0xc3,0x8b,0xd6,
  0x8b,0x34,0x24,0xeb,0xe0,0x33,0xd2,0x8b,0x0e,0xe8,0x07,0x00,0x73,0xbc,0x85,0xc0,
  0x7f,0x0e,0xc7,0x86,0x90,0x00,0x00,0x00,0x01,0x00,0x00,0x00,0x33,0xc0,0xeb,0xa7,
  0x8b,0xce,0x50,0x8b,0x16,0xe8,0x07,0x00,0x71,0xac,0x8b,0x96,0xc0,0x06,0x00,0x00,
  0xeb,0x8b,0x33,0xc0,0x59,0xc3,0x0f,0x1f,0x00,0x0f,0x1f,0x80,0x00,0x00,0x00,0x00,
  0x56,0x57,0x53,0x55,0x8b,0xf1,0x8b,0xda,0x83,0xe3,0x07,0x8b,0xc3,0x8b,0x6e,0x6c,
  0x8b,0xcd,0x8b,0x56,0x74,0xd3,0xe0,0x8d,0x7d,0x03,0x08,0x02,0x83,0xff,0x08,0x0f,
  0x8e,0x8e,0x00,0x00,0x00,0x8b,0x46,0x74,0x40,0x89,0x46,0x74,0x3b,0x46,0x78,0x72,
  0x23,0x80,0xbe,0xb5,0x06,0x00,0x00,0x00,0x75,0x13,0x8b,0xce,0xe8,0x07,0x00,0x26,
  0x8c,0x85,0xc0,0x74,0x08,0x01,0x46,0x78,0x8b,0x46,0x74,0xeb,0x07,0x5d,0x5b,0x5f,
  0x5e,0xc2,0x04,0x00,0x8b,0x4e,0x6c,0x8d,0x7d,0xfb,0xf7,0xd9,0x83,0xc1,0x08,0xff,
  0x8e,0xb8,0x06,0x00,0x00,0xff,0x8e,0xdc,0x06,0x00,0x00,0xd3,0xeb,0x88,0x18,0x83,
  0xff,0x08,0x7e,0x3f,0x8b,0x46,0x74,0x40,0x89,0x46,0x74,0x3b,0x46,0x78,0x72,0x1a,
  0x80,0xbe,0xb5,0x06,0x00,0x00,0x00,0x75,0xc4,0x8b,0xce,0xe8,0x07,0x00,0x26,0x8c,
  0x85,0xc0,0x74,0xb9,0x01,0x46,0x78,0x8b,0x46,0x74,0x83,0xc7,0xf8,0xff,0x8e,0xb8,
  0x06,0x00,0x00,0xff,0x8e,0xdc,0x06,0x00,0x00,0xc1,0xeb,0x08,0x88,0x18,0x83,0xff,
  0x08,0x7f,0xc1,0x89,0x7e,0x6c,0x5d,0x5b,0x5f,0x5e,0xc2,0x04,0x00,0x0f,0x1f,0x00,
  0x56,0x57,0x53,0x55,0x8b,0xf1,0x8b,0xda,0x83,0xe3,0x1f,0x8b,0xc3,0x8b,0x6e,0x6c,
  0x8b,0xcd,0x8b,0x56,0x74,0xd3,0xe0,0x8d,0x7d,0x05,0x08,0x02,0x83,0xff,0x08,0x0f,
  0x8e,0x8e,0x00,0x00,0x00,0x8b,0x46,0x74,0x40,0x89,0x46,0x74,0x3b,0x46,0x78,0x72,
  0x23,0x80,0xbe,0xb5,0x06,0x00,0x00,0x00,0x75,0x13,0x8b,0xce,0xe8,0x07,0x00,0x26,
  0x8c,0x85,0xc0,0x74,0x08,0x01,0x46,0x78,0x8b,0x46,0x74,0xeb,0x07,0x5d,0x5b,0x5f,
  0x5e,0xc2,0x04,0x00,0x8b,0x4e,0x6c,0x8d,0x7d,0xfd,0xf7,0xd9,0x83,0xc1,0x08,0xff,
  0x8e,0xb8,0x06,0x00,0x00,0xff,0x8e,0xdc,0x06,0x00,0x00,0xd3,0xeb,0x88,0x18,0x83,
  0xff,0x08,0x7e,0x3f,0x8b,0x46,0x74,0x40,0x89,0x46,0x74,0x3b,0x46,0x78,0x72,0x1a,
  0x80,0xbe,0xb5,0x06,0x00,0x00,0x00,0x75,0xc4,0x8b,0xce,0xe8,0x07,0x00,0x26,0x8c,
  0x85,0xc0,0x74,0xb9,0x01,0x46,0x78,0x8b,0x46,0x74,0x83,0xc7,0xf8,0xff,0x8e,0xb8,
  0x06,0x00,0x00,0xff,0x8e,0xdc,0x06,0x00,0x00,0xc1,0xeb,0x08,0x88,0x18,0x83,0xff,
  0x08,0x7f,0xc1,0x89,0x7e,0x6c,0x5d,0x5b,0x5f,0x5e,0xc2,0x04,0x00,0x0f,0x1f,0x00,
  0x56,0x8b,0xd1,0x8b,0x8a,0xd4,0x06,0x00,0x00,0x85,0xc9,0x0f,0x8c,0xf1,0x00,0x00,
  0x00,0x83,0xf9,0x05,0x0f,0x8d,0x95,0x00,0x00,0x00,0x85,0xc9,0x75,0x0a,0xc7,0x82,
  0xd0,0x06,0x00,0x00,0x00,0x00,0x00,0x00,0x89,0x34,0x24,0x8b,0xf2,0xeb,0x0c,0x89,
  0x8e,0xd4,0x06,0x00,0x00,0x89,0x86,0xd0,0x06,0x00,0x00,0x8b,0x86,0xb8,0x06,0x00,
  0x00,0x85,0xc0,0x75,0x2d,0x80,0xbe,0xb5,0x06,0x00,0x00,0x00,0x75,0x0b,0x8b,0xce,
  0xe8,0x07,0x00,0x26,0x8c,0x85,0xc0,0x75,0x13,0x8b,0xd6,0x8b,0x34,0x24,0x33,0xc0,
  0xc7,0x82,0xd4,0x06,0x00,0x00,0xff,0xff,0xff,0xff,0x59,0xc3,0x8b,0x86,0xb8,0x06,
  0x00,0x00,0x8b,0x96,0xc0,0x06,0x00,0x00,0x48,0xff,0x86,0xdc,0x06,0x00,0x00,0x89,
  0x86,0xb8,0x06,0x00,0x00,0x3b,0x96,0xc8,0x06,0x00,0x00,0x73,0x48,0x0f,0xb6,0x02,
  0x42,0x89,0x96,0xc0,0x06,0x00,0x00,0x8b,0x8e,0xd4,0x06,0x00,0x00,0xd3,0xe0,0x83,
  0xc1,0x08,0x03,0x86,0xd0,0x06,0x00,0x00,0x83,0xf9,0x05,0x7c,0x82,0xeb,0x1f,0x8b,
  0x82,0xd0,0x06,0x00,0x00,0x83,0xc1,0xfb,0x89,0x8a,0xd4,0x06,0x00,0x00,0x8b,0xc8,
  0xc1,0xe9,0x05,0x83,0xe0,0x1f,0x89,0x8a,0xd0,0x06,0x00,0x00,0x59,0xc3,0x8b,0xd6,
  0x8b,0x34,0x24,0xeb,0xe0,0x33,0xd2,0x8b,0x0e,0xe8,0x07,0x00,0x73,0xbc,0x85,0xc0,
  0x7f,0x0e,0xc7,0x86,0x90,0x00,0x00,0x00,0x01,0x00,0x00,0x00,0x33,0xc0,0xeb,0xa7,
  0x8b,0xce,0x50,0x8b,0x16,0xe8,0x07,0x00,0x71,0xac,0x8b,0x96,0xc0,0x06,0x00,0x00,
  0xeb,0x8b,0x33,0xc0,0x59,0xc3,0x0f,0x1f,0x00,0x0f,0x1f,0x80,0x00,0x00,0x00,0x00,
  0x56,0x57,0x53,0x55,0x83,0xec,0x14,0x8b,0xf1,0x8b,0x7c,0x24,0x30,0x8b,0xda,0x85,
  0xf6,0x0f,0x84,0x8a,0x00,0x00,0x00,0x8b,0x44,0x24,0x28,0x8b,0x90,0xd4,0x06,0x00,
  0x00,0x85,0xd2,0x0f,0x8c,0xb8,0x03,0x00,0x00,0x3b,0x54,0x24,0x2c,0x7d,0x36,0x83,
  0x7c,0x24,0x2c,0x18,0x0f,0x8e,0x83,0x02,0x00,0x00,0xba,0x18,0x00,0x00,0x00,0x8b,
  0x4c,0x24,0x28,0xe8,0x07,0x00,0x80,0xcc,0x89,0x04,0x24,0x8b,0x44,0x24,0x2c,0x8b,
  0x4c,0x24,0x28,0x8d,0x50,0xe8,0xe8,0x07,0x00,0x7f,0x7c,0x8b,0xe8,0xc1,0xe5,0x18,
  0x03,0x2c,0x24,0xeb,0x2e,0x8b,0x44,0x24,0x28,0x8b,0xa8,0xd0,0x06,0x00,0x00,0x8b,
  0x44,0x24,0x28,0x8b,0x4c,0x24,0x2c,0x2b,0xd1,0x89,0x90,0xd4,0x06,0x00,0x00,0x8b,
  0xd5,0xd3,0xea,0x89,0x90,0xd0,0x06,0x00,0x00,0xb8,0x01,0x00,0x00,0x00,0xd3,0xe0,
  0x48,0x23,0xe8,0x83,0xfe,0x02,0x0f,0x84,0x1f,0x03,0x00,0x00,0xe9,0x10,0x02,0x00,
  0x00,0x8b,0xcb,0x0f,0xb6,0x6f,0x08,0x8d,0x54,0x6f,0x0c,0xe8,0x07,0x00,0x28,0xbc,
  0x8b,0xd0,0x8d,0x04,0x6a,0x83,0xe0,0x03,0x88,0x47,0x08,0x85,0xd2,0x0f,0x84,0xf2,
  0x00,0x00,0x00,0x0f,0xb6,0x47,0x09,0x8b,0xcb,0x8d,0x54,0x47,0x14,0xe8,0x07,0x00,
  0x28,0xbc,0x8b,0xe8,0x0f,0xb6,0x77,0x0a,0x8b,0xc5,0xc1,0xe6,0x04,0x83,0xe0,0x01,
  0x88,0x47,0x09,0x8d,0x4c,0x3e,0x34,0x89,0x4c,0x24,0x04,0x8d,0x51,0x02,0x8b,0xcb,
  0xe8,0x07,0x00,0x28,0xbc,0x8b,0xcb,0x8d,0x74,0x00,0x04,0x8b,0x44,0x24,0x04,0x89,
  0x34,0x24,0x8d,0x14,0x30,0xe8,0x07,0x00,0x28,0xbc,0x8b,0xf0,0x03,0x34,0x24,0x8b,
  0xcb,0x8b,0x44,0x24,0x04,0x8d,0x14,0x70,0xe8,0x07,0x00,0x28,0xbc,0x8d,0x14,0x70,
  0x83,0xe2,0x07,0x8b,0xf2,0xc1,0xe6,0x05,0x83,0x7c,0x24,0x38,0x00,0x8d,0x42,0x01,
  0x89,0x44,0x24,0x08,0x8d,0x8c,0x3e,0x34,0x08,0x00,0x00,0x8d,0xb7,0x34,0x08,0x00,
  0x00,0x0f,0x45,0xf1,0x4a,0x89,0x54,0x24,0x04,0x0f,0x8c,0xaf,0x02,0x00,0x00,0x8b,
  0xcb,0x8d,0x56,0x02,0xe8,0x07,0x00,0x28,0xbc,0x8b,0xc8,0x89,0x2c,0x24,0x8d,0x41,
  0x02,0xba,0x02,0x00,0x00,0x00,0x8b,0xe8,0x8b,0xc2,0x8b,0xd6,0x8b,0xf3,0x8b,0xdd,
  0x8b,0x6c,0x24,0x04,0xeb,0x08,0x8b,0x44,0x24,0x0c,0x8b,0x54,0x24,0x04,0x03,0xc1,
  0x8b,0xf8,0x83,0xe7,0x0f,0x89,0x54,0x24,0x04,0x8d,0x04,0x3f,0x89,0x44,0x24,0x0c,
  0x8d,0x0c,0x7a,0x89,0x4c,0x24,0x10,0x4d,0x0f,0x88,0x4a,0x02,0x00,0x00,0x8b,0xce,
  0x8b,0x54,0x24,0x10,0xe8,0x07,0x00,0x28,0xbc,0x8b,0xc8,0x8d,0x1c,0x59,0x83,0xff,
  0x08,0x73,0xe4,0xeb,0xc1,0x33,0xc0,0x89,0x44,0x24,0x08,0x33,0xed,0x8b,0x4c,0x24,
  0x08,0x88,0x4f,0x0a,0x83,0x7c,0x24,0x3c,0x00,0x74,0x11,0x83,0x7c,0x24,0x3c,0x01,
  0x7e,0x06,0x03,0x6f,0x04,0x89,0x6f,0x04,0x03,0x2f,0x89,0x2f,0x8b,0x54,0x24,0x28,
  0x8b,0xdd,0x8b,0x7c,0x24,0x2c,0x8b,0x72,0x6c,0x8b,0xce,0x23,0x1c,0xbd,0x00,0x02,
  0xd1,0xa0,0x8b,0x42,0x74,0x8b,0xd3,0xd3,0xe2,0x03,0xfe,0x08,0x10,0x83,0xff,0x08,
  0x0f,0x8e,0xa4,0x00,0x00,0x00,0x8b,0x7c,0x24,0x28,0x8b,0x57,0x74,0x42,0x89,0x57,
  0x74,0x3b,0x57,0x78,0x72,0x28,0x8b,0x54,0x24,0x28,0x80,0xba,0xb5,0x06,0x00,0x00,
  0x00,0x0f,0x85,0x8a,0x00,0x00,0x00,0x8b,0x4c,0x24,0x28,0xe8,0x07,0x00,0x26,0x8c,
  0x85,0xc0,0x74,0x7d,0x8b,0x54,0x24,0x28,0x01,0x42,0x78,0x8b,0x52,0x74,0x8b,0x7c,
  0x24,0x2c,0x8d,0x7c,0x37,0xf8,0x8b,0x74,0x24,0x28,0x8b,0x4e,0x6c,0xf7,0xd9,0x83,
  0xc1,0x08,0xff,0x8e,0xb8,0x06,0x00,0x00,0xff,0x8e,0xdc,0x06,0x00,0x00,0xd3,0xeb,
  0x88,0x1a,0x83,0xff,0x08,0x7e,0x43,0x8b,0x74,0x24,0x28,0x8b,0x56,0x74,0x42,0x89,
  0x56,0x74,0x3b,0x56,0x78,0x72,0x1a,0x80,0xbe,0xb5,0x06,0x00,0x00,0x00,0x75,0x31,
  0x8b,0xce,0xe8,0x07,0x00,0x26,0x8c,0x85,0xc0,0x74,0x26,0x01,0x46,0x78,0x8b,0x56,
  0x74,0x83,0xc7,0xf8,0xff,0x8e,0xb8,0x06,0x00,0x00,0xff,0x8e,0xdc,0x06,0x00,0x00,
  0xc1,0xeb,0x08,0x88,0x1a,0x83,0xff,0x08,0x7f,0xc1,0x8b,0x54,0x24,0x28,0x89,0x7a,
  0x6c,0x8b,0xc5,0x83,0xc4,0x14,0x5d,0x5b,0x5f,0x5e,0xc2,0x18,0x00,0x85,0xd2,0x75,
  0x0e,0x8b,0x44,0x24,0x28,0xc7,0x80,0xd0,0x06,0x00,0x00,0x00,0x00,0x00,0x00,0x89,
  0x1c,0x24,0x8b,0x6c,0x24,0x2c,0x8b,0x5c,0x24,0x28,0xeb,0x0c,0x89,0x8b,0xd4,0x06,
  0x00,0x00,0x89,0x83,0xd0,0x06,0x00,0x00,0x8b,0x83,0xb8,0x06,0x00,0x00,0x85,0xc0,
  0x75,0x32,0x80,0xbb,0xb5,0x06,0x00,0x00,0x00,0x75,0x0b,0x8b,0xcb,0xe8,0x07,0x00,
  0x26,0x8c,0x85,0xc0,0x75,0x18,0x8b,0x1c,0x24,0x8b,0x44,0x24,0x28,0x33,0xed,0xc7,
  0x80,0xd4,0x06,0x00,0x00,0xff,0xff,0xff,0xff,0xe9,0x75,0xfd,0xff,0xff,0x8b,0x83,
  0xb8,0x06,0x00,0x00,0x8b,0x93,0xc0,0x06,0x00,0x00,0x48,0xff,0x83,0xdc,0x06,0x00,
  0x00,0x89,0x83,0xb8,0x06,0x00,0x00,0x3b,0x93,0xc8,0x06,0x00,0x00,0x73,0x49,0x0f,
  0xb6,0x02,0x42,0x89,0x93,0xc0,0x06,0x00,0x00,0x8b,0x8b,0xd4,0x06,0x00,0x00,0xd3,
  0xe0,0x83,0xc1,0x08,0x03,0x83,0xd0,0x06,0x00,0x00,0x3b,0xcd,0x0f,0x8c,0x7a,0xff,
  0xff,0xff,0x8b,0xd1,0x8b,0xe8,0x8b,0x1c,0x24,0x85,0xd2,0x0f,0x89,0xfe,0xfc,0xff,
  0xff,0x8b,0x44,0x24,0x28,0x89,0x90,0xd4,0x06,0x00,0x00,0x89,0xa8,0xd0,0x06,0x00,
  0x00,0x33,0xed,0xe9,0x0b,0xfd,0xff,0xff,0x33,0xd2,0x8b,0x0b,0xe8,0x07,0x00,0x73,
  0xbc,0x85,0xc0,0x7f,0x14,0xc7,0x83,0x90,0x00,0x00,0x00,0x01,0x00,0x00,0x00,0x33,
  0xc0,0x8b,0x8b,0xd4,0x06,0x00,0x00,0xeb,0xa6,0x8b,0xcb,0x50,0x8b,0x13,0xe8,0x07,
  0x00,0x71,0xac,0x8b,0x93,0xc0,0x06,0x00,0x00,0xeb,0x84,0xff,0x74,0x24,0x3c,0xff,
  0x74,0x24,0x3c,0x8b,0xcb,0x8b,0xd7,0x55,0xe8,0x07,0x01,0x17,0xbc,0x8b,0x4c,0x24,
  0x34,0x8b,0x54,0x24,0x2c,0x01,0x14,0x8d,0x00,0x03,0x95,0xe0,0xe9,0xd0,0xfe,0xff,
  0xff,0x33,0xed,0xe9,0xab,0xfc,0xff,0xff,0x8b,0x2c,0x24,0x8b,0xc3,0x8b,0x7c,0x24,
  0x30,0x8b,0xcd,0xf7,0xd9,0x33,0xc1,0x03,0xe8,0xe9,0xbf,0xfd,0xff,0xff,0xb8,0x01,
  0x00,0x00,0x00,0xeb,0xec,0x0f,0x1f,0x40,0x00,0x0f,0x1f,0x80,0x00,0x00,0x00,0x00,
  0x56,0x57,0x53,0x55,0x83,0xec,0x28,0x8b,0xd9,0x8b,0x4c,0x24,0x44,0x8b,0x74,0x24,
  0x3c,0x85,0xc9,0x74,0x13,0x8b,0xc6,0x2b,0x32,0x89,0x02,0x83,0xf9,0x01,0x7e,0x08,
  0x8b,0xc6,0x2b,0x72,0x04,0x89,0x42,0x04,0x33,0xc0,0x85,0xf6,0x0f,0xb6,0x7a,0x08,
  0x8d,0x6a,0x0c,0x0f,0x97,0xc0,0x8d,0x0c,0x78,0x83,0xe1,0x03,0x88,0x4a,0x08,0x0f,
  0xb7,0x44,0x7d,0x00,0x0f,0xb7,0x4b,0x06,0x0f,0xaf,0xc8,0x89,0x4c,0x24,0x04,0x85,
  0xf6,0x0f,0x85,0x8d,0x00,0x00,0x00,0x8b,0xc8,0xf7,0xd9,0x81,0xc1,0xff,0xff,0x00,
  0x00,0xc1,0xe9,0x06,0x03,0xc1,0x66,0x89,0x44,0x7d,0x00,0x8b,0x44,0x24,0x04,0x89,
  0x43,0x04,0x3d,0x00,0x00,0x00,0x01,0x0f,0x83,0x5b,0x01,0x00,0x00,0x8b,0x43,0x14,
  0x8b,0x7b,0x08,0x89,0x74,0x24,0x1c,0x89,0x54,0x24,0x04,0xc1,0xe8,0x18,0x88,0x07,
  0x47,0x3b,0x7b,0x10,0x72,0x2f,0x8b,0x43,0x0c,0x2b,0xf8,0x75,0x04,0x33,0xc9,0xeb,
  0x04,0x0f,0xbd,0xcf,0x41,0x83,0xc1,0x1e,0xbe,0x01,0x00,0x00,0x00,0xd3,0xe6,0x03,
  0xf7,0x56,0x50,0xe8,0x07,0x02,0x43,0x32,0x83,0xc4,0x08,0x03,0xf0,0x03,0xf8,0x89,
  0x43,0x0c,0x89,0x73,0x10,0x8b,0x53,0x04,0xc1,0xe2,0x08,0x8b,0x43,0x14,0xc1,0xe0,
  0x08,0x89,0x43,0x14,0x89,0x53,0x04,0x81,0xfa,0x00,0x00,0x00,0x01,0x72,0xac,0xe9,
  0xe9,0x00,0x00,0x00,0x8b,0xc8,0xc1,0xe9,0x06,0x2b,0xc1,0x66,0x89,0x44,0x7d,0x00,
  0x89,0x2c,0x24,0x8b,0x7b,0x14,0x8b,0x6c,0x24,0x04,0x8b,0x43,0x04,0x2b,0xc5,0x89,
  0x43,0x04,0x8d,0x4c,0x3d,0x00,0x89,0x4b,0x14,0x8b,0x2c,0x24,0x3b,0xf9,0x76,0x54,
  0x8b,0x4b,0x08,0x49,0x8b,0xf9,0x0f,0xb6,0x01,0x3d,0xff,0x00,0x00,0x00,0x75,0x3e,
  0x89,0x5c,0x24,0x14,0x33,0xc9,0x89,0x54,0x24,0x04,0x41,0x8d,0x1c,0x09,0xf7,0xdb,
  0x03,0xdf,0x0f,0xb6,0x43,0x01,0x8d,0x53,0x01,0xc6,0x43,0x02,0x00,0x3d,0xff,0x00,
  0x00,0x00,0x75,0x10,0x0f,0xb6,0x03,0x8b,0xd3,0xc6,0x43,0x01,0x00,0x3d,0xff,0x00,
  0x00,0x00,0x74,0xd6,0x8b,0xca,0x8b,0x5c,0x24,0x14,0x8b,0x54,0x24,0x04,0x40,0x88,
  0x01,0x8b,0x43,0x04,0x3d,0x00,0x00,0x00,0x01,0x73,0x6d,0x8b,0x43,0x14,0x8b,0x7b,
  0x08,0x89,0x74,0x24,0x1c,0x89,0x54,0x24,0x04,0xc1,0xe8,0x18,0x88,0x07,0x47,0x3b,
  0x7b,0x10,0x72,0x2f,0x8b,0x43,0x0c,0x2b,0xf8,0x75,0x04,0x33,0xc9,0xeb,0x04,0x0f,
  0xbd,0xcf,0x41,0x83,0xc1,0x1e,0xbe,0x01,0x00,0x00,0x00,0xd3,0xe6,0x03,0xf7,0x56,
  0x50,0xe8,0x07,0x02,0x43,0x32,0x83,0xc4,0x08,0x03,0xf0,0x03,0xf8,0x89,0x43,0x0c,
  0x89,0x73,0x10,0x8b,0x53,0x04,0xc1,0xe2,0x08,0x8b,0x43,0x14,0xc1,0xe0,0x08,0x89,
  0x43,0x14,0x89,0x53,0x04,0x81,0xfa,0x00,0x00,0x00,0x01,0x72,0xac,0x8b,0x74,0x24,
  0x1c,0x8b,0x54,0x24,0x04,0x89,0x7b,0x08,0x85,0xf6,0x0f,0x84,0xe3,0x05,0x00,0x00,
  0x78,0x09,0xc7,0x04,0x24,0x00,0x00,0x00,0x00,0xeb,0x09,0xc7,0x04,0x24,0x01,0x00,
  0x00,0x00,0xf7,0xde,0x0f,0xb6,0x4a,0x09,0x8b,0x04,0x24,0x88,0x42,0x09,0x89,0x4c,
  0x24,0x08,0x0f,0xb7,0x4c,0x4d,0x08,0x0f,0xb7,0x7b,0x06,0x0f,0xaf,0xf9,0x85,0xc0,
  0x0f,0x85,0x8a,0x00,0x00,0x00,0x8b,0xc1,0xf7,0xd8,0x05,0xff,0xff,0x00,0x00,0xc1,
  0xe8,0x06,0x03,0xc8,0x8b,0x44,0x24,0x08,0x66,0x89,0x4c,0x45,0x08,0x89,0x7b,0x04,
  0x81,0xff,0x00,0x00,0x00,0x01,0x0f,0x83,0x41,0x01,0x00,0x00,0x8b,0x6b,0x08,0x8b,
  0x43,0x14,0x89,0x54,0x24,0x04,0xc1,0xe8,0x18,0x88,0x45,0x00,0x45,0x3b,0x6b,0x10,
  0x72,0x2f,0x8b,0x43,0x0c,0x2b,0xe8,0x75,0x04,0x33,0xc9,0xeb,0x04,0x0f,0xbd,0xcd,
  0x41,0x83,0xc1,0x1e,0xbf,0x01,0x00,0x00,0x00,0xd3,0xe7,0x03,0xfd,0x57,0x50,0xe8,
  0x07,0x02,0x43,0x32,0x83,0xc4,0x08,0x03,0xf8,0x03,0xe8,0x89,0x43,0x0c,0x89,0x7b,
  0x10,0x8b,0x7b,0x04,0xc1,0xe7,0x08,0x8b,0x43,0x14,0xc1,0xe0,0x08,0x89,0x43,0x14,
  0x89,0x7b,0x04,0x81,0xff,0x00,0x00,0x00,0x01,0x72,0xab,0xe9,0xd6,0x00,0x00,0x00,
  0x8b,0xc1,0xc1,0xe8,0x06,0x2b,0xc8,0x8b,0x44,0x24,0x08,0x66,0x89,0x4c,0x45,0x08,
  0x8b,0x4b,0x14,0x8d,0x2c,0x0f,0xf7,0xdf,0x03,0x7b,0x04,0x89,0x6b,0x14,0x89,0x7b,
  0x04,0x3b,0xcd,0x76,0x4a,0x8b,0x7b,0x08,0x4f,0x8b,0xef,0x0f,0xb6,0x07,0x3d,0xff,
  0x00,0x00,0x00,0x75,0x34,0x89,0x54,0x24,0x04,0x33,0xc9,0x41,0x8d,0x14,0x09,0xf7,
  0xda,0x03,0xd5,0x0f,0xb6,0x42,0x01,0x8d,0x7a,0x01,0xc6,0x42,0x02,0x00,0x3d,0xff,
  0x00,0x00,0x00,0x75,0x10,0x0f,0xb6,0x02,0x8b,0xfa,0xc6,0x42,0x01,0x00,0x3d,0xff,
  0x00,0x00,0x00,0x74,0xd6,0x8b,0x54,0x24,0x04,0x40,0x88,0x07,0x8b,0x7b,0x04,0x81,
  0xff,0x00,0x00,0x00,0x01,0x73,0x66,0x8b,0x6b,0x08,0x8b,0x43,0x14,0x89,0x54,0x24,
  0x04,0xc1,0xe8,0x18,0x88,0x45,0x00,0x45,0x3b,0x6b,0x10,0x72,0x2f,0x8b,0x43,0x0c,
  0x2b,0xe8,0x75,0x04,0x33,0xc9,0xeb,0x04,0x0f,0xbd,0xcd,0x41,0x83,0xc1,0x1e,0xbf,
  0x01,0x00,0x00,0x00,0xd3,0xe7,0x03,0xfd,0x57,0x50,0xe8,0x07,0x02,0x43,0x32,0x83,
  0xc4,0x08,0x03,0xf8,0x03,0xe8,0x89,0x43,0x0c,0x89,0x7b,0x10,0x8b,0x7b,0x04,0xc1,
  0xe7,0x08,0x8b,0x43,0x14,0xc1,0xe0,0x08,0x89,0x43,0x14,0x89,0x7b,0x04,0x81,0xff,
  0x00,0x00,0x00,0x01,0x72,0xab,0x8b,0x54,0x24,0x04,0x89,0x6b,0x08,0x85,0xf6,0x75,
  0x04,0x33,0xc0,0xeb,0x04,0x0f,0xbd,0xc6,0x40,0x0f,0xb6,0x4a,0x0a,0xc1,0xe1,0x04,
  0xc7,0x44,0x24,0x0c,0x01,0x00,0x00,0x00,0xc7,0x04,0x24,0x00,0x00,0x00,0x00,0x89,
  0x74,0x24,0x1c,0x89,0x54,0x24,0x04,0x8d,0x6c,0x11,0x0c,0x89,0x6c,0x24,0x18,0x8d,
  0x48,0xff,0x89,0x4c,0x24,0x10,0x89,0x44,0x24,0x08,0x8b,0x14,0x24,0x8b,0x74,0x24,
  0x0c,0x8b,0xca,0x8b,0x44,0x24,0x18,0xf7,0xd9,0x83,0xc1,0x02,0x8b,0x6c,0x24,0x10,
  0xc1,0xef,0x10,0xd3,0xed,0x0f,0xb7,0x44,0x70,0x28,0x0f,0xaf,0xf8,0x83,0xe5,0x01,
  0x0f,0x85,0x9d,0x00,0x00,0x00,0x8b,0xc8,0xf7,0xd9,0x81,0xc1,0xff,0xff,0x00,0x00,
  0xc1,0xe9,0x06,0x03,0xc1,0x8b,0x4c,0x24,0x18,0x66,0x89,0x44,0x71,0x28,0x89,0x7b,
  0x04,0x81,0xff,0x00,0x00,0x00,0x01,0x0f,0x83,0x66,0x01,0x00,0x00,0x8b,0x43,0x14,
  0x8b,0x4b,0x08,0x8b,0xf9,0x89,0x14,0x24,0x89,0x74,0x24,0x0c,0xc1,0xe8,0x18,0x88,
  0x07,0x47,0x3b,0x7b,0x10,0x72,0x2f,0x8b,0x43,0x0c,0x2b,0xf8,0x75,0x04,0x33,0xc9,
  0xeb,0x04,0x0f,0xbd,0xcf,0x41,0x83,0xc1,0x1e,0xbe,0x01,0x00,0x00,0x00,0xd3,0xe6,
  0x03,0xf7,0x56,0x50,0xe8,0x07,0x02,0x43,0x32,0x83,0xc4,0x08,0x03,0xf0,0x03,0xf8,
  0x89,0x43,0x0c,0x89,0x73,0x10,0x8b,0x53,0x04,0xc1,0xe2,0x08,0x8b,0x43,0x14,0xc1,
  0xe0,0x08,0x89,0x43,0x14,0x89,0x53,0x04,0x81,0xfa,0x00,0x00,0x00,0x01,0x72,0xac,
  0x8b,0xcf,0x8b,0xfa,0x8b,0x14,0x24,0x8b,0x74,0x24,0x0c,0x89,0x4b,0x08,0xe9,0xf0,
  0x00,0x00,0x00,0x8b,0xc8,0xc1,0xe9,0x06,0x2b,0xc1,0x8b,0x4c,0x24,0x18,0x66,0x89,
  0x44,0x71,0x28,0x8b,0x43,0x14,0x8d,0x0c,0x07,0xf7,0xdf,0x03,0x7b,0x04,0x89,0x4b,
  0x14,0x89,0x7b,0x04,0x3b,0xc1,0x76,0x54,0x8b,0x4b,0x08,0x49,0x8b,0xf9,0x0f,0xb6,
  0x01,0x3d,0xff,0x00,0x00,0x00,0x75,0x3e,0x89,0x74,0x24,0x0c,0x33,0xc9,0x89,0x5c,
  0x24,0x14,0x41,0x8d,0x34,0x09,0xf7,0xde,0x03,0xf7,0x0f,0xb6,0x46,0x01,0x8d,0x5e,
  0x01,0xc6,0x46,0x02,0x00,0x3d,0xff,0x00,0x00,0x00,0x75,0x10,0x0f,0xb6,0x06,0x8b,
  0xde,0xc6,0x46,0x01,0x00,0x3d,0xff,0x00,0x00,0x00,0x74,0xd6,0x8b,0xcb,0x8b,0x74,
  0x24,0x0c,0x8b,0x5c,0x24,0x14,0x40,0x88,0x01,0x8b,0x7b,0x04,0x81,0xff,0x00,0x00,
  0x00,0x01,0x73,0x6f,0x8b,0x43,0x14,0x8b,0x4b,0x08,0x89,0x14,0x24,0x89,0x74,0x24,
  0x0c,0x8b,0xf1,0xc1,0xe8,0x18,0x88,0x06,0x46,0x3b,0x73,0x10,0x72,0x2f,0x8b,0x43,
  0x0c,0x2b,0xf0,0x75,0x04,0x33,0xc9,0xeb,0x04,0x0f,0xbd,0xce,0x41,0x83,0xc1,0x1e,
  0xbf,0x01,0x00,0x00,0x00,0xd3,0xe7,0x03,0xfe,0x57,0x50,0xe8,0x07,0x02,0x43,0x32,
  0x83,0xc4,0x08,0x03,0xf8,0x03,0xf0,0x89,0x43,0x0c,0x89,0x7b,0x10,0x8b,0x7b,0x04,
  0xc1,0xe7,0x08,0x8b,0x43,0x14,0xc1,0xe0,0x08,0x89,0x43,0x14,0x89,0x7b,0x04,0x81,
  0xff,0x00,0x00,0x00,0x01,0x72,0xac,0x8b,0xce,0x8b,0x14,0x24,0x8b,0x74,0x24,0x0c,
  0x89,0x4b,0x08,0x03,0xf6,0x42,0x0b,0xf5,0x83,0xfa,0x03,0x0f,0x82,0x40,0xfe,0xff,
  0xff,0x8b,0x44,0x24,0x08,0x8b,0xc8,0xc1,0xe1,0x05,0x83,0x7c,0x24,0x40,0x00,0x8b,
  0x54,0x24,0x04,0x8b,0x74,0x24,0x1c,0x8d,0xac,0x11,0x14,0x08,0x00,0x00,0x8d,0x8a,
  0x34,0x08,0x00,0x00,0x0f,0x45,0xcd,0x89,0x4c,0x24,0x24,0x8b,0xc8,0x83,0xc1,0xfe,
  0x0f,0x88,0x0f,0x02,0x00,0x00,0xc7,0x04,0x24,0x00,0x00,0x00,0x00,0x8d,0x68,0xff,
  0x89,0x54,0x24,0x04,0x89,0x6c,0x24,0x20,0xbd,0x01,0x00,0x00,0x00,0x89,0x44,0x24,
  0x08,0x89,0x74,0x24,0x1c,0x89,0x5c,0x24,0x14,0x8b,0x14,0x24,0x8b,0x44,0x24,0x24,
  0x8b,0x5c,0x24,0x1c,0xc1,0xef,0x10,0xd3,0xeb,0x0f,0xb7,0x04,0x68,0x0f,0xaf,0xf8,
  0x83,0xe3,0x01,0x0f,0x85,0x98,0x00,0x00,0x00,0x8b,0xf0,0xf7,0xde,0x81,0xc6,0xff,
  0xff,0x00,0x00,0xc1,0xee,0x06,0x03,0xc6,0x8b,0x74,0x24,0x24,0x66,0x89,0x04,0x6e,
  0x8b,0x44,0x24,0x14,0x89,0x78,0x04,0x81,0xff,0x00,0x00,0x00,0x01,0x0f,0x83,0x7e,
  0x01,0x00,0x00,0x8b,0xf8,0x89,0x14,0x24,0x89,0x6c,0x24,0x0c,0x8b,0xef,0x8b,0x47,
  0x14,0x8b,0x77,0x08,0x89,0x4c,0x24,0x10,0xc1,0xe8,0x18,0x88,0x06,0x46,0x3b,0x75,
  0x10,0x72,0x2f,0x8b,0x45,0x0c,0x2b,0xf0,0x75,0x04,0x33,0xc9,0xeb,0x04,0x0f,0xbd,
  0xce,0x41,0x83,0xc1,0x1e,0xbf,0x01,0x00,0x00,0x00,0xd3,0xe7,0x03,0xfe,0x57,0x50,
  0xe8,0x07,0x02,0x43,0x32,0x83,0xc4,0x08,0x03,0xf8,0x03,0xf0,0x89,0x45,0x0c,0x89,
  0x7d,0x10,0x8b,0x7d,0x04,0xc1,0xe7,0x08,0x8b,0x45,0x14,0xc1,0xe0,0x08,0x89,0x45,
  0x14,0x89,0x7d,0x04,0x81,0xff,0x00,0x00,0x00,0x01,0x72,0xac,0xe9,0xfc,0x00,0x00,
  0x00,0x8b,0x74,0x24,0x24,0x89,0x5c,0x24,0x18,0x8b,0xd8,0xc1,0xeb,0x06,0x2b,0xc3,
  0x66,0x89,0x04,0x6e,0x8b,0x74,0x24,0x14,0x8b,0x46,0x14,0x8d,0x1c,0x07,0xf7,0xdf,
  0x03,0x7e,0x04,0x89,0x5e,0x14,0x89,0x7e,0x04,0x3b,0xc3,0x8b,0x5c,0x24,0x18,0x76,
  0x59,0x8b,0x76,0x08,0x4e,0x8b,0xfe,0x0f,0xb6,0x06,0x3d,0xff,0x00,0x00,0x00,0x75,
  0x3f,0x89,0x6c,0x24,0x0c,0x33,0xf6,0x89,0x4c,0x24,0x10,0x46,0x8d,0x2c,0x36,0xf7,
  0xdd,0x03,0xef,0x0f,0xb6,0x45,0x01,0x8d,0x4d,0x01,0xc6,0x45,0x02,0x00,0x3d,0xff,
  0x00,0x00,0x00,0x75,0x11,0x0f,0xb6,0x45,0x00,0x8b,0xcd,0xc6,0x45,0x01,0x00,0x3d,
  0xff,0x00,0x00,0x00,0x74,0xd5,0x8b,0xf1,0x8b,0x6c,0x24,0x0c,0x8b,0x4c,0x24,0x10,
  0x40,0x88,0x06,0x8b,0x74,0x24,0x14,0x8b,0x7e,0x04,0x81,0xff,0x00,0x00,0x00,0x01,
  0x73,0x7f,0x8b,0xc6,0x89,0x6c,0x24,0x0c,0x89,0x14,0x24,0x8b,0x70,0x08,0x8b,0x40,
  0x14,0x89,0x4c,0x24,0x10,0x8b,0x6c,0x24,0x14,0xc1,0xe8,0x18,0x88,0x06,0x46,0x3b,
  0x75,0x10,0x72,0x2f,0x8b,0x45,0x0c,0x2b,0xf0,0x75,0x04,0x33,0xc9,0xeb,0x04,0x0f,
  0xbd,0xce,0x41,0x83,0xc1,0x1e,0xbf,0x01,0x00,0x00,0x00,0xd3,0xe7,0x03,0xfe,0x57,
  0x50,0xe8,0x07,0x02,0x43,0x32,0x83,0xc4,0x08,0x03,0xf8,0x03,0xf0,0x89,0x45,0x0c,
  0x89,0x7d,0x10,0x8b,0x7d,0x04,0xc1,0xe7,0x08,0x8b,0x45,0x14,0xc1,0xe0,0x08,0x89,
  0x45,0x14,0x89,0x7d,0x04,0x81,0xff,0x00,0x00,0x00,0x01,0x72,0xac,0x89,0x6c,0x24,
  0x14,0x8b,0xc5,0x8b,0x14,0x24,0x8b,0x6c,0x24,0x0c,0x8b,0x4c,0x24,0x10,0x89,0x70,
  0x08,0x42,0x8d,0x04,0x6b,0x83,0xe0,0x0f,0x83,0xfd,0x08,0x0f,0x42,0xe8,0x49,0x3b,
  0x54,0x24,0x20,0x0f,0x82,0x23,0xfe,0xff,0xff,0x8b,0x44,0x24,0x08,0x8b,0x54,0x24,
  0x04,0xeb,0x02,0x33,0xc0,0x88,0x42,0x0a,0x33,0xc0,0x83,0xc4,0x28,0x5d,0x5b,0x5f,
  0x5e,0xc2,0x0c,0x00,0x0f,0x1f,0x44,0x00,0x00,0x0f,0x1f,0x80,0x00,0x00,0x00,0x00,
  0x56,0x57,0x53,0x55,0x8b,0xf1,0x8b,0xda,0x83,0xe3,0x03,0x8b,0xc3,0x8b,0x6e,0x6c,
  0x8b,0xcd,0x8b,0x56,0x74,0xd3,0xe0,0x8d,0x7d,0x02,0x08,0x02,0x83,0xff,0x08,0x0f,
  0x8e,0x8e,0x00,0x00,0x00,0x8b,0x46,0x74,0x40,0x89,0x46,0x74,0x3b,0x46,0x78,0x72,
  0x23,0x80,0xbe,0xb5,0x06,0x00,0x00,0x00,0x75,0x13,0x8b,0xce,0xe8,0x07,0x00,0x26,
  0x8c,0x85,0xc0,0x74,0x08,0x01,0x46,0x78,0x8b,0x46,0x74,0xeb,0x07,0x5d,0x5b,0x5f,
  0x5e,0xc2,0x04,0x00,0x8b,0x4e,0x6c,0x8d,0x7d,0xfa,0xf7,0xd9,0x83,0xc1,0x08,0xff,
  0x8e,0xb8,0x06,0x00,0x00,0xff,0x8e,0xdc,0x06,0x00,0x00,0xd3,0xeb,0x88,0x18,0x83,
  0xff,0x08,0x7e,0x3f,0x8b,0x46,0x74,0x40,0x89,0x46,0x74,0x3b,0x46,0x78,0x72,0x1a,
  0x80,0xbe,0xb5,0x06,0x00,0x00,0x00,0x75,0xc4,0x8b,0xce,0xe8,0x07,0x00,0x26,0x8c,
  0x85,0xc0,0x74,0xb9,0x01,0x46,0x78,0x8b,0x46,0x74,0x83,0xc7,0xf8,0xff,0x8e,0xb8,
  0x06,0x00,0x00,0xff,0x8e,0xdc,0x06,0x00,0x00,0xc1,0xeb,0x08,0x88,0x18,0x83,0xff,
  0x08,0x7f,0xc1,0x89,0x7e,0x6c,0x5d,0x5b,0x5f,0x5e,0xc2,0x04,0x00,0x0f,0x1f,0x00,
  0x56,0x8b,0xd1,0x8b,0x8a,0xd4,0x06,0x00,0x00,0x85,0xc9,0x0f,0x8c,0xf1,0x00,0x00,
  0x00,0x83,0xf9,0x02,0x0f,0x8d,0x95,0x00,0x00,0x00,0x85,0xc9,0x75,0x0a,0xc7,0x82,
  0xd0,0x06,0x00,0x00,0x00,0x00,0x00,0x00,0x89,0x34,0x24,0x8b,0xf2,0xeb,0x0c,0x89,
  0x8e,0xd4,0x06,0x00,0x00,0x89,0x86,0xd0,0x06,0x00,0x00,0x8b,0x86,0xb8,0x06,0x00,
  0x00,0x85,0xc0,0x75,0x2d,0x80,0xbe,0xb5,0x06,0x00,0x00,0x00,0x75,0x0b,0x8b,0xce,
  0xe8,0x07,0x00,0x26,0x8c,0x85,0xc0,0x75,0x13,0x8b,0xd6,0x8b,0x34,0x24,0x33,0xc0,
  0xc7,0x82,0xd4,0x06,0x00,0x00,0xff,0xff,0xff,0xff,0x59,0xc3,0x8b,0x86,0xb8,0x06,
  0x00,0x00,0x8b,0x96,0xc0,0x06,0x00,0x00,0x48,0xff,0x86,0xdc,0x06,0x00,0x00,0x89,
  0x86,0xb8,0x06,0x00,0x00,0x3b,0x96,0xc8,0x06,0x00,0x00,0x73,0x48,0x0f,0xb6,0x02,
  0x42,0x89,0x96,0xc0,0x06,0x00,0x00,0x8b,0x8e,0xd4,0x06,0x00,0x00,0xd3,0xe0,0x83,
  0xc1,0x08,0x03,0x86,0xd0,0x06,0x00,0x00,0x83,0xf9,0x02,0x7c,0x82,0xeb,0x1f,0x8b,
  0x82,0xd0,0x06,0x00,0x00,0x83,0xc1,0xfe,0x89,0x8a,0xd4,0x06,0x00,0x00,0x8b,0xc8,
  0xc1,0xe9,0x02,0x83,0xe0,0x03,0x89,0x8a,0xd0,0x06,0x00,0x00,0x59,0xc3,0x8b,0xd6,
  0x8b,0x34,0x24,0xeb,0xe0,0x33,0xd2,0x8b,0x0e,0xe8,0x07,0x00,0x73,0xbc,0x85,0xc0,
  0x7f,0x0e,0xc7,0x86,0x90,0x00,0x00,0x00,0x01,0x00,0x00,0x00,0x33,0xc0,0xeb,0xa7,
  0x8b,0xce,0x50,0x8b,0x16,0xe8,0x07,0x00,0x71,0xac,0x8b,0x96,0xc0,0x06,0x00,0x00,
  0xeb,0x8b,0x33,0xc0,0x59,0xc3,0x0f,0x1f,0x00,0x0f,0x1f,0x80,0x00,0x00,0x00,0x00,
  0x56,0x57,0x53,0x55,0x8b,0xf1,0x0f,0xb6,0xda,0x8b,0xc3,0x8b,0x6e,0x6c,0x8b,0xcd,
  0x8b,0x56,0x74,0xd3,0xe0,0x8d,0x7d,0x08,0x08,0x02,0x83,0xff,0x08,0x0f,0x8e,0x8d,
  0x00,0x00,0x00,0x8b,0x46,0x74,0x40,0x89,0x46,0x74,0x3b,0x46,0x78,0x72,0x23,0x80,
  0xbe,0xb5,0x06,0x00,0x00,0x00,0x75,0x13,0x8b,0xce,0xe8,0x07,0x00,0x26,0x8c,0x85,
  0xc0,0x74,0x08,0x01,0x46,0x78,0x8b,0x46,0x74,0xeb,0x07,0x5d,0x5b,0x5f,0x5e,0xc2,
  0x04,0x00,0x8b,0x4e,0x6c,0x8b,0xfd,0xf7,0xd9,0x83,0xc1,0x08,0xff,0x8e,0xb8,0x06,
  0x00,0x00,0xff,0x8e,0xdc,0x06,0x00,0x00,0xd3,0xeb,0x88,0x18,0x83,0xff,0x08,0x7e,
  0x3f,0x8b,0x46,0x74,0x40,0x89,0x46,0x74,0x3b,0x46,0x78,0x72,0x1a,0x80,0xbe,0xb5,
  0x06,0x00,0x00,0x00,0x75,0xc5,0x8b,0xce,0xe8,0x07,0x00,0x26,0x8c,0x85,0xc0,0x74,
  0xba,0x01,0x46,0x78,0x8b,0x46,0x74,0x83,0xc7,0xf8,0xff,0x8e,0xb8,0x06,0x00,0x00,
  0xff,0x8e,0xdc,0x06,0x00,0x00,0xc1,0xeb,0x08,0x88,0x18,0x83,0xff,0x08,0x7f,0xc1,
  0x89,0x7e,0x6c,0x5d,0x5b,0x5f,0x5e,0xc2,0x04,0x00,0x66,0x0f,0x1f,0x44,0x00,0x00,
  0x56,0x57,0x53,0x55,0x8b,0xf1,0x8b,0xda,0x83,0xe3,0x0f,0x8b,0xc3,0x8b,0x6e,0x6c,
  0x8b,0xcd,0x8b,0x56,0x74,0xd3,0xe0,0x8d,0x7d,0x04,0x08,0x02,0x83,0xff,0x08,0x0f,
  0x8e,0x8e,0x00,0x00,0x00,0x8b,0x46,0x74,0x40,0x89,0x46,0x74,0x3b,0x46,0x78,0x72,
  0x23,0x80,0xbe,0xb5,0x06,0x00,0x00,0x00,0x75,0x13,0x8b,0xce,0xe8,0x07,0x00,0x26,
  0x8c,0x85,0xc0,0x74,0x08,0x01,0x46,0x78,0x8b,0x46,0x74,0xeb,0x07,0x5d,0x5b,0x5f,
  0x5e,0xc2,0x04,0x00,0x8b,0x4e,0x6c,0x8d,0x7d,0xfc,0xf7,0xd9,0x83,0xc1,0x08,0xff,
  0x8e,0xb8,0x06,0x00,0x00,0xff,0x8e,0xdc,0x06,0x00,0x00,0xd3,0xeb,0x88,0x18,0x83,
  0xff,0x08,0x7e,0x3f,0x8b,0x46,0x74,0x40,0x89,0x46,0x74,0x3b,0x46,0x78,0x72,0x1a,
  0x80,0xbe,0xb5,0x06,0x00,0x00,0x00,0x75,0xc4,0x8b,0xce,0xe8,0x07,0x00,0x26,0x8c,
  0x85,0xc0,0x74,0xb9,0x01,0x46,0x78,0x8b,0x46,0x74,0x83,0xc7,0xf8,0xff,0x8e,0xb8,
  0x06,0x00,0x00,0xff,0x8e,0xdc,0x06,0x00,0x00,0xc1,0xeb,0x08,0x88,0x18,0x83,0xff,
  0x08,0x7f,0xc1,0x89,0x7e,0x6c,0x5d,0x5b,0x5f,0x5e,0xc2,0x04,0x00,0x0f,0x1f,0x00,
  0x56,0x57,0x53,0x55,0x83,0xec,0x14,0x8b,0xfa,0x8b,0xe9,0x0f,0xb6,0x5f,0x08,0x8d,
  0x54,0x5f,0x0c,0xe8,0x07,0x00,0x28,0xbc,0x8b,0xf0,0x8d,0x04,0x5e,0x83,0xe0,0x03,
  0x88,0x47,0x08,0x85,0xf6,0x0f,0x84,0xd6,0x00,0x00,0x00,0x0f,0xb6,0x47,0x09,0x8b,
  0xcd,0x8d,0x54,0x47,0x14,0xe8,0x07,0x00,0x28,0xbc,0x8b,0xf0,0x8b,0xde,0x8b,0xcd,
  0x83,0xe3,0x01,0x88,0x5f,0x09,0x0f,0xb6,0x5f,0x0a,0xc1,0xe3,0x04,0x8d,0x5c,0x3b,
  0x34,0x89,0x5c,0x24,0x04,0x8d,0x53,0x02,0xe8,0x07,0x00,0x28,0xbc,0x8d,0x44,0x00,
  0x04,0x8b,0xcd,0x89,0x04,0x24,0x8d,0x14,0x03,0xe8,0x07,0x00,0x28,0xbc,0x8b,0xd8,
  0x03,0x1c,0x24,0x8b,0xcd,0x8b,0x44,0x24,0x04,0x8d,0x14,0x58,0xe8,0x07,0x00,0x28,
  0xbc,0x8d,0x04,0x58,0x83,0xe0,0x07,0x8d,0x58,0x01,0x48,0x89,0x44,0x24,0x08,0x0f,
  0x8c,0x9a,0x00,0x00,0x00,0x8b,0xcd,0x8d,0x97,0x36,0x08,0x00,0x00,0xe8,0x07,0x00,
  0x28,0xbc,0x8b,0xc8,0xba,0x02,0x00,0x00,0x00,0x8d,0x41,0x02,0x89,0x74,0x24,0x04,
  0x89,0x1c,0x24,0x8b,0xd8,0x8b,0x74,0x24,0x08,0x8b,0xc2,0x8b,0xd7,0x8b,0xfd,0xeb,
  0x08,0x8b,0x44,0x24,0x0c,0x8b,0x54,0x24,0x08,0x03,0xc1,0x8b,0xe8,0x83,0xe5,0x03,
  0x89,0x54,0x24,0x08,0x8d,0x44,0x2d,0x00,0x89,0x44,0x24,0x0c,0x8d,0x8c,0x10,0x34,
  0x08,0x00,0x00,0x89,0x4c,0x24,0x10,0x4e,0x78,0x2e,0x8b,0xcf,0x8b,0x54,0x24,0x10,
  0xe8,0x07,0x00,0x28,0xbc,0x8b,0xc8,0x8d,0x1c,0x59,0x83,0xfd,0x02,0x73,0xe8,0xeb,
  0xc0,0x33,0xdb,0x33,0xf6,0x03,0x37,0x88,0x5f,0x0a,0x8b,0xc6,0x89,0x37,0x83,0xc4,
  0x14,0x5d,0x5b,0x5f,0x5e,0xc2,0x08,0x00,0x8b,0x74,0x24,0x04,0x8b,0xc3,0x8b,0x1c,
  0x24,0x8b,0x7c,0x24,0x08,0x8b,0xce,0xf7,0xd9,0x33,0xc1,0x03,0xf0,0xeb,0xd6,0xb8,
  0x01,0x00,0x00,0x00,0xeb,0xef,0x0f,0x1f,0x00,0x0f,0x1f,0x80,0x00,0x00,0x00,0x00,
  0x56,0x8b,0xd1,0x8b,0x8a,0xd4,0x06,0x00,0x00,0x85,0xc9,0x0f,0x8c,0xf1,0x00,0x00,
  0x00,0x83,0xf9,0x04,0x0f,0x8d,0x95,0x00,0x00,0x00,0x85,0xc9,0x75,0x0a,0xc7,0x82,
  0xd0,0x06,0x00,0x00,0x00,0x00,0x00,0x00,0x89,0x34,0x24,0x8b,0xf2,0xeb,0x0c,0x89,
  0x8e,0xd4,0x06,0x00,0x00,0x89,0x86,0xd0,0x06,0x00,0x00,0x8b,0x86,0xb8,0x06,0x00,
  0x00,0x85,0xc0,0x75,0x2d,0x80,0xbe,0xb5,0x06,0x00,0x00,0x00,0x75,0x0b,0x8b,0xce,
  0xe8,0x07,0x00,0x26,0x8c,0x85,0xc0,0x75,0x13,0x8b,0xd6,0x8b,0x34,0x24,0x33,0xc0,
  0xc7,0x82,0xd4,0x06,0x00,0x00,0xff,0xff,0xff,0xff,0x59,0xc3,0x8b,0x86,0xb8,0x06,
  0x00,0x00,0x8b,0x96,0xc0,0x06,0x00,0x00,0x48,0xff,0x86,0xdc,0x06,0x00,0x00,0x89,
  0x86,0xb8,0x06,0x00,0x00,0x3b,0x96,0xc8,0x06,0x00,0x00,0x73,0x48,0x0f,0xb6,0x02,
  0x42,0x89,0x96,0xc0,0x06,0x00,0x00,0x8b,0x8e,0xd4,0x06,0x00,0x00,0xd3,0xe0,0x83,
  0xc1,0x08,0x03,0x86,0xd0,0x06,0x00,0x00,0x83,0xf9,0x04,0x7c,0x82,0xeb,0x1f,0x8b,
  0x82,0xd0,0x06,0x00,0x00,0x83,0xc1,0xfc,0x89,0x8a,0xd4,0x06,0x00,0x00,0x8b,0xc8,
  0xc1,0xe9,0x04,0x83,0xe0,0x0f,0x89,0x8a,0xd0,0x06,0x00,0x00,0x59,0xc3,0x8b,0xd6,
  0x8b,0x34,0x24,0xeb,0xe0,0x33,0xd2,0x8b,0x0e,0xe8,0x07,0x00,0x73,0xbc,0x85,0xc0,
  0x7f,0x0e,0xc7,0x86,0x90,0x00,0x00,0x00,0x01,0x00,0x00,0x00,0x33,0xc0,0xeb,0xa7,
  0x8b,0xce,0x50,0x8b,0x16,0xe8,0x07,0x00,0x71,0xac,0x8b,0x96,0xc0,0x06,0x00,0x00,
  0xeb,0x8b,0x33,0xc0,0x59,0xc3,0x0f,0x1f,0x00,0x0f,0x1f,0x80,0x00,0x00,0x00,0x00,
  0x56,0x8b,0xd1,0x8b,0x8a,0xd4,0x06,0x00,0x00,0x85,0xc9,0x0f,0x8c,0xf1,0x00,0x00,
  0x00,0x83,0xf9,0x08,0x0f,0x8d,0x95,0x00,0x00,0x00,0x85,0xc9,0x75,0x0a,0xc7,0x82,
  0xd0,0x06,0x00,0x00,0x00,0x00,0x00,0x00,0x89,0x34,0x24,0x8b,0xf2,0xeb,0x0c,0x89,
  0x8e,0xd4,0x06,0x00,0x00,0x89,0x86,0xd0,0x06,0x00,0x00,0x8b,0x86,0xb8,0x06,0x00,
  0x00,0x85,0xc0,0x75,0x2d,0x80,0xbe,0xb5,0x06,0x00,0x00,0x00,0x75,0x0b,0x8b,0xce,
  0xe8,0x07,0x00,0x26,0x8c,0x85,0xc0,0x75,0x13,0x8b,0xd6,0x8b,0x34,0x24,0x33,0xc0,
  0xc7,0x82,0xd4,0x06,0x00,0x00,0xff,0xff,0xff,0xff,0x59,0xc3,0x8b,0x86,0xb8,0x06,
  0x00,0x00,0x8b,0x96,0xc0,0x06,0x00,0x00,0x48,0xff,0x86,0xdc,0x06,0x00,0x00,0x89,
  0x86,0xb8,0x06,0x00,0x00,0x3b,0x96,0xc8,0x06,0x00,0x00,0x73,0x48,0x0f,0xb6,0x02,
  0x42,0x89,0x96,0xc0,0x06,0x00,0x00,0x8b,0x8e,0xd4,0x06,0x00,0x00,0xd3,0xe0,0x83,
  0xc1,0x08,0x03,0x86,0xd0,0x06,0x00,0x00,0x83,0xf9,0x08,0x7c,0x82,0xeb,0x1f,0x8b,
  0x82,0xd0,0x06,0x00,0x00,0x83,0xc1,0xf8,0x89,0x8a,0xd4,0x06,0x00,0x00,0x8b,0xc8,
  0xc1,0xe9,0x08,0x89,0x8a,0xd0,0x06,0x00,0x00,0x0f,0xb6,0xc0,0x59,0xc3,0x8b,0xd6,
  0x8b,0x34,0x24,0xeb,0xe0,0x33,0xd2,0x8b,0x0e,0xe8,0x07,0x00,0x73,0xbc,0x85,0xc0,
  0x7f,0x0e,0xc7,0x86,0x90,0x00,0x00,0x00,0x01,0x00,0x00,0x00,0x33,0xc0,0xeb,0xa7,
  0x8b,0xce,0x50,0x8b,0x16,0xe8,0x07,0x00,0x71,0xac,0x8b,0x96,0xc0,0x06,0x00,0x00,
  0xeb,0x8b,0x33,0xc0,0x59,0xc3,0x0f,0x1f,0x00,0x0f,0x1f,0x80,0x00,0x00,0x00,0x00,
  0x56,0x57,0x53,0x55,0x83,0xec,0x28,0x8b,0xd9,0x8b,0x4c,0x24,0x44,0x8b,0x74,0x24,
  0x3c,0x85,0xc9,0x74,0x13,0x8b,0xc6,0x2b,0x32,0x89,0x02,0x83,0xf9,0x01,0x7e,0x08,
  0x8b,0xc6,0x2b,0x72,0x04,0x89,0x42,0x04,0x33,0xc0,0x85,0xf6,0x0f,0xb6,0x7a,0x08,
  0x8d,0x6a,0x0c,0x0f,0x97,0xc0,0x8d,0x0c,0x78,0x83,0xe1,0x03,0x88,0x4a,0x08,0x0f,
  0xb7,0x44,0x7d,0x00,0x0f,0xb7,0x4b,0x06,0x0f,0xaf,0xc8,0x89,0x4c,0x24,0x04,0x85,
  0xf6,0x0f,0x85,0x8d,0x00,0x00,0x00,0x8b,0xc8,0xf7,0xd9,0x81,0xc1,0xff,0xff,0x00,
  0x00,0xc1,0xe9,0x06,0x03,0xc1,0x66,0x89,0x44,0x7d,0x00,0x8b,0x44,0x24,0x04,0x89,
  0x43,0x04,0x3d,0x00,0x00,0x00,0x01,0x0f,0x83,0x5b,0x01,0x00,0x00,0x8b,0x43,0x14,
  0x8b,0x7b,0x08,0x89,0x74,0x24,0x1c,0x89,0x54,0x24,0x04,0xc1,0xe8,0x18,0x88,0x07,
  0x47,0x3b,0x7b,0x10,0x72,0x2f,0x8b,0x43,0x0c,0x2b,0xf8,0x75,0x04,0x33,0xc9,0xeb,
  0x04,0x0f,0xbd,0xcf,0x41,0x83,0xc1,0x1e,0xbe,0x01,0x00,0x00,0x00,0xd3,0xe6,0x03,
  0xf7,0x56,0x50,0xe8,0x07,0x02,0x43,0x32,0x83,0xc4,0x08,0x03,0xf0,0x03,0xf8,0x89,
  0x43,0x0c,0x89,0x73,0x10,0x8b,0x53,0x04,0xc1,0xe2,0x08,0x8b,0x43,0x14,0xc1,0xe0,
  0x08,0x89,0x43,0x14,0x89,0x53,0x04,0x81,0xfa,0x00,0x00,0x00,0x01,0x72,0xac,0xe9,
  0xe9,0x00,0x00,0x00,0x8b,0xc8,0xc1,0xe9,0x06,0x2b,0xc1,0x66,0x89,0x44,0x7d,0x00,
  0x89,0x2c,0x24,0x8b,0x7b,0x14,0x8b,0x6c,0x24,0x04,0x8b,0x43,0x04,0x2b,0xc5,0x89,
  0x43,0x04,0x8d,0x4c,0x3d,0x00,0x89,0x4b,0x14,0x8b,0x2c,0x24,0x3b,0xf9,0x76,0x54,
  0x8b,0x4b,0x08,0x49,0x8b,0xf9,0x0f,0xb6,0x01,0x3d,0xff,0x00,0x00,0x00,0x75,0x3e,
  0x89,0x5c,0x24,0x14,0x33,0xc9,0x89,0x54,0x24,0x04,0x41,0x8d,0x1c,0x09,0xf7,0xdb,
  0x03,0xdf,0x0f,0xb6,0x43,0x01,0x8d,0x53,0x01,0xc6,0x43,0x02,0x00,0x3d,0xff,0x00,
  0x00,0x00,0x75,0x10,0x0f,0xb6,0x03,0x8b,0xd3,0xc6,0x43,0x01,0x00,0x3d,0xff,0x00,
  0x00,0x00,0x74,0xd6,0x8b,0xca,0x8b,0x5c,0x24,0x14,0x8b,0x54,0x24,0x04,0x40,0x88,
  0x01,0x8b,0x43,0x04,0x3d,0x00,0x00,0x00,0x01,0x73,0x6d,0x8b,0x43,0x14,0x8b,0x7b,
  0x08,0x89,0x74,0x24,0x1c,0x89,0x54,0x24,0x04,0xc1,0xe8,0x18,0x88,0x07,0x47,0x3b,
  0x7b,0x10,0x72,0x2f,0x8b,0x43,0x0c,0x2b,0xf8,0x75,0x04,0x33,0xc9,0xeb,0x04,0x0f,
  0xbd,0xcf,0x41,0x83,0xc1,0x1e,0xbe,0x01,0x00,0x00,0x00,0xd3,0xe6,0x03,0xf7,0x56,
  0x50,0xe8,0x07,0x02,0x43,0x32,0x83,0xc4,0x08,0x03,0xf0,0x03,0xf8,0x89,0x43,0x0c,
  0x89,0x73,0x10,0x8b,0x53,0x04,0xc1,0xe2,0x08,0x8b,0x43,0x14,0xc1,0xe0,0x08,0x89,
  0x43,0x14,0x89,0x53,0x04,0x81,0xfa,0x00,0x00,0x00,0x01,0x72,0xac,0x8b,0x74,0x24,
  0x1c,0x8b,0x54,0x24,0x04,0x89,0x7b,0x08,0x85,0xf6,0x0f,0x84,0xdc,0x05,0x00,0x00,
  0x78,0x09,0xc7,0x04,0x24,0x00,0x00,0x00,0x00,0xeb,0x09,0xc7,0x04,0x24,0x01,0x00,
  0x00,0x00,0xf7,0xde,0x0f,0xb6,0x4a,0x09,0x8b,0x04,0x24,0x88,0x42,0x09,0x89,0x4c,
  0x24,0x08,0x0f,0xb7,0x4c,0x4d,0x08,0x0f,0xb7,0x7b,0x06,0x0f,0xaf,0xf9,0x85,0xc0,
  0x0f,0x85,0x8a,0x00,0x00,0x00,0x8b,0xc1,0xf7,0xd8,0x05,0xff,0xff,0x00,0x00,0xc1,
  0xe8,0x06,0x03,0xc8,0x8b,0x44,0x24,0x08,0x66,0x89,0x4c,0x45,0x08,0x89,0x7b,0x04,
  0x81,0xff,0x00,0x00,0x00,0x01,0x0f,0x83,0x41,0x01,0x00,0x00,0x8b,0x6b,0x08,0x8b,
  0x43,0x14,0x89,0x54,0x24,0x04,0xc1,0xe8,0x18,0x88,0x45,0x00,0x45,0x3b,0x6b,0x10,
  0x72,0x2f,0x8b,0x43,0x0c,0x2b,0xe8,0x75,0x04,0x33,0xc9,0xeb,0x04,0x0f,0xbd,0xcd,
  0x41,0x83,0xc1,0x1e,0xbf,0x01,0x00,0x00,0x00,0xd3,0xe7,0x03,0xfd,0x57,0x50,0xe8,
  0x07,0x02,0x43,0x32,0x83,0xc4,0x08,0x03,0xf8,0x03,0xe8,0x89,0x43,0x0c,0x89,0x7b,
  0x10,0x8b,0x7b,0x04,0xc1,0xe7,0x08,0x8b,0x43,0x14,0xc1,0xe0,0x08,0x89,0x43,0x14,
  0x89,0x7b,0x04,0x81,0xff,0x00,0x00,0x00,0x01,0x72,0xab,0xe9,0xd6,0x00,0x00,0x00,
  0x8b,0xc1,0xc1,0xe8,0x06,0x2b,0xc8,0x8b,0x44,0x24,0x08,0x66,0x89,0x4c,0x45,0x08,
  0x8b,0x4b,0x14,0x8d,0x2c,0x0f,0xf7,0xdf,0x03,0x7b,0x04,0x89,0x6b,0x14,0x89,0x7b,
  0x04,0x3b,0xcd,0x76,0x4a,0x8b,0x7b,0x08,0x4f,0x8b,0xef,0x0f,0xb6,0x07,0x3d,0xff,
  0x00,0x00,0x00,0x75,0x34,0x89,0x54,0x24,0x04,0x33,0xc9,0x41,0x8d,0x14,0x09,0xf7,
  0xda,0x03,0xd5,0x0f,0xb6,0x42,0x01,0x8d,0x7a,0x01,0xc6,0x42,0x02,0x00,0x3d,0xff,
  0x00,0x00,0x00,0x75,0x10,0x0f,0xb6,0x02,0x8b,0xfa,0xc6,0x42,0x01,0x00,0x3d,0xff,
  0x00,0x00,0x00,0x74,0xd6,0x8b,0x54,0x24,0x04,0x40,0x88,0x07,0x8b,0x7b,0x04,0x81,
  0xff,0x00,0x00,0x00,0x01,0x73,0x66,0x8b,0x6b,0x08,0x8b,0x43,0x14,0x89,0x54,0x24,
  0x04,0xc1,0xe8,0x18,0x88,0x45,0x00,0x45,0x3b,0x6b,0x10,0x72,0x2f,0x8b,0x43,0x0c,
  0x2b,0xe8,0x75,0x04,0x33,0xc9,0xeb,0x04,0x0f,0xbd,0xcd,0x41,0x83,0xc1,0x1e,0xbf,
  0x01,0x00,0x00,0x00,0xd3,0xe7,0x03,0xfd,0x57,0x50,0xe8,0x07,0x02,0x43,0x32,0x83,
  0xc4,0x08,0x03,0xf8,0x03,0xe8,0x89,0x43,0x0c,0x89,0x7b,0x10,0x8b,0x7b,0x04,0xc1,
  0xe7,0x08,0x8b,0x43,0x14,0xc1,0xe0,0x08,0x89,0x43,0x14,0x89,0x7b,0x04,0x81,0xff,
  0x00,0x00,0x00,0x01,0x72,0xab,0x8b,0x54,0x24,0x04,0x89,0x6b,0x08,0x85,0xf6,0x75,
  0x04,0x33,0xc0,0xeb,0x04,0x0f,0xbd,0xc6,0x40,0x0f,0xb6,0x4a,0x0a,0xc1,0xe1,0x04,
  0xc7,0x44,0x24,0x0c,0x01,0x00,0x00,0x00,0xc7,0x04,0x24,0x00,0x00,0x00,0x00,0x89,
  0x74,0x24,0x1c,0x89,0x54,0x24,0x04,0x8d,0x6c,0x11,0x0c,0x89,0x6c,0x24,0x18,0x8d,
  0x48,0xff,0x89,0x4c,0x24,0x10,0x89,0x44,0x24,0x08,0x8b,0x14,0x24,0x8b,0x74,0x24,
  0x0c,0x8b,0xca,0x8b,0x44,0x24,0x18,0xf7,0xd9,0x83,0xc1,0x02,0x8b,0x6c,0x24,0x10,
  0xc1,0xef,0x10,0xd3,0xed,0x0f,0xb7,0x44,0x70,0x28,0x0f,0xaf,0xf8,0x83,0xe5,0x01,
  0x0f,0x85,0x9d,0x00,0x00,0x00,0x8b,0xc8,0xf7,0xd9,0x81,0xc1,0xff,0xff,0x00,0x00,
  0xc1,0xe9,0x06,0x03,0xc1,0x8b,0x4c,0x24,0x18,0x66,0x89,0x44,0x71,0x28,0x89,0x7b,
  0x04,0x81,0xff,0x00,0x00,0x00,0x01,0x0f,0x83,0x66,0x01,0x00,0x00,0x8b,0x43,0x14,
  0x8b,0x4b,0x08,0x8b,0xf9,0x89,0x14,0x24,0x89,0x74,0x24,0x0c,0xc1,0xe8,0x18,0x88,
  0x07,0x47,0x3b,0x7b,0x10,0x72,0x2f,0x8b,0x43,0x0c,0x2b,0xf8,0x75,0x04,0x33,0xc9,
  0xeb,0x04,0x0f,0xbd,0xcf,0x41,0x83,0xc1,0x1e,0xbe,0x01,0x00,0x00,0x00,0xd3,0xe6,
  0x03,0xf7,0x56,0x50,0xe8,0x07,0x02,0x43,0x32,0x83,0xc4,0x08,0x03,0xf0,0x03,0xf8,
  0x89,0x43,0x0c,0x89,0x73,0x10,0x8b,0x53,0x04,0xc1,0xe2,0x08,0x8b,0x43,0x14,0xc1,
  0xe0,0x08,0x89,0x43,0x14,0x89,0x53,0x04,0x81,0xfa,0x00,0x00,0x00,0x01,0x72,0xac,
  0x8b,0xcf,0x8b,0xfa,0x8b,0x14,0x24,0x8b,0x74,0x24,0x0c,0x89,0x4b,0x08,0xe9,0xf0,
  0x00,0x00,0x00,0x8b,0xc8,0xc1,0xe9,0x06,0x2b,0xc1,0x8b,0x4c,0x24,0x18,0x66,0x89,
  0x44,0x71,0x28,0x8b,0x43,0x14,0x8d,0x0c,0x07,0xf7,0xdf,0x03,0x7b,0x04,0x89,0x4b,
  0x14,0x89,0x7b,0x04,0x3b,0xc1,0x76,0x54,0x8b,0x4b,0x08,0x49,0x8b,0xf9,0x0f,0xb6,
  0x01,0x3d,0xff,0x00,0x00,0x00,0x75,0x3e,0x89,0x74,0x24,0x0c,0x33,0xc9,0x89,0x5c,
  0x24,0x14,0x41,0x8d,0x34,0x09,0xf7,0xde,0x03,0xf7,0x0f,0xb6,0x46,0x01,0x8d,0x5e,
  0x01,0xc6,0x46,0x02,0x00,0x3d,0xff,0x00,0x00,0x00,0x75,0x10,0x0f,0xb6,0x06,0x8b,
  0xde,0xc6,0x46,0x01,0x00,0x3d,0xff,0x00,0x00,0x00,0x74,0xd6,0x8b,0xcb,0x8b,0x74,
  0x24,0x0c,0x8b,0x5c,0x24,0x14,0x40,0x88,0x01,0x8b,0x7b,0x04,0x81,0xff,0x00,0x00,
  0x00,0x01,0x73,0x6f,0x8b,0x43,0x14,0x8b,0x4b,0x08,0x89,0x14,0x24,0x89,0x74,0x24,
  0x0c,0x8b,0xf1,0xc1,0xe8,0x18,0x88,0x06,0x46,0x3b,0x73,0x10,0x72,0x2f,0x8b,0x43,
  0x0c,0x2b,0xf0,0x75,0x04,0x33,0xc9,0xeb,0x04,0x0f,0xbd,0xce,0x41,0x83,0xc1,0x1e,
  0xbf,0x01,0x00,0x00,0x00,0xd3,0xe7,0x03,0xfe,0x57,0x50,0xe8,0x07,0x02,0x43,0x32,
  0x83,0xc4,0x08,0x03,0xf8,0x03,0xf0,0x89,0x43,0x0c,0x89,0x7b,0x10,0x8b,0x7b,0x04,
  0xc1,0xe7,0x08,0x8b,0x43,0x14,0xc1,0xe0,0x08,0x89,0x43,0x14,0x89,0x7b,0x04,0x81,
  0xff,0x00,0x00,0x00,0x01,0x72,0xac,0x8b,0xce,0x8b,0x14,0x24,0x8b,0x74,0x24,0x0c,
  0x89,0x4b,0x08,0x03,0xf6,0x42,0x0b,0xf5,0x83,0xfa,0x03,0x0f,0x82,0x40,0xfe,0xff,
  0xff,0x83,0x7c,0x24,0x40,0x00,0x8b,0x44,0x24,0x08,0x8b,0x54,0x24,0x04,0x8d,0x8c,
  0xc2,0x2c,0x08,0x00,0x00,0x8b,0x74,0x24,0x1c,0x8d,0xaa,0x34,0x08,0x00,0x00,0x0f,
  0x45,0xe9,0x8b,0xc8,0x89,0x6c,0x24,0x24,0x83,0xc1,0xfe,0x0f,0x88,0x0d,0x02,0x00,
  0x00,0xc7,0x44,0x24,0x0c,0x01,0x00,0x00,0x00,0x8d,0x68,0xff,0x89,0x54,0x24,0x04,
  0x89,0x6c,0x24,0x20,0x33,0xed,0x89,0x44,0x24,0x08,0x89,0x74,0x24,0x1c,0x89,0x5c,
  0x24,0x14,0x8b,0x54,0x24,0x0c,0x8b,0x44,0x24,0x24,0x8b,0x5c,0x24,0x1c,0xc1,0xef,
  0x10,0xd3,0xeb,0x0f,0xb7,0x04,0x50,0x0f,0xaf,0xf8,0x83,0xe3,0x01,0x0f,0x85,0x98,
  0x00,0x00,0x00,0x8b,0xf0,0xf7,0xde,0x81,0xc6,0xff,0xff,0x00,0x00,0xc1,0xee,0x06,
  0x03,0xc6,0x8b,0x74,0x24,0x24,0x66,0x89,0x04,0x56,0x8b,0x44,0x24,0x14,0x89,0x78,
  0x04,0x81,0xff,0x00,0x00,0x00,0x01,0x0f,0x83,0x7d,0x01,0x00,0x00,0x8b,0xf8,0x89,
  0x2c,0x24,0x8b,0xef,0x89,0x54,0x24,0x0c,0x8b,0x47,0x14,0x8b,0x77,0x08,0x89,0x4c,
  0x24,0x10,0xc1,0xe8,0x18,0x88,0x06,0x46,0x3b,0x75,0x10,0x72,0x2f,0x8b,0x45,0x0c,
  0x2b,0xf0,0x75,0x04,0x33,0xc9,0xeb,0x04,0x0f,0xbd,0xce,0x41,0x83,0xc1,0x1e,0xbf,
  0x01,0x00,0x00,0x00,0xd3,0xe7,0x03,0xfe,0x57,0x50,0xe8,0x07,0x02,0x43,0x32,0x83,
  0xc4,0x08,0x03,0xf8,0x03,0xf0,0x89,0x45,0x0c,0x89,0x7d,0x10,0x8b,0x7d,0x04,0xc1,
  0xe7,0x08,0x8b,0x45,0x14,0xc1,0xe0,0x08,0x89,0x45,0x14,0x89,0x7d,0x04,0x81,0xff,
  0x00,0x00,0x00,0x01,0x72,0xac,0xe9,0xfb,0x00,0x00,0x00,0x8b,0x74,0x24,0x24,0x89,
  0x5c,0x24,0x18,0x8b,0xd8,0xc1,0xeb,0x06,0x2b,0xc3,0x66,0x89,0x04,0x56,0x8b,0x74,
  0x24,0x14,0x8b,0x46,0x14,0x8d,0x1c,0x07,0xf7,0xdf,0x03,0x7e,0x04,0x89,0x5e,0x14,
  0x89,0x7e,0x04,0x3b,0xc3,0x8b,0x5c,0x24,0x18,0x76,0x58,0x8b,0x76,0x08,0x4e,0x8b,
  0xfe,0x0f,0xb6,0x06,0x3d,0xff,0x00,0x00,0x00,0x75,0x3e,0x89,0x54,0x24,0x0c,0x33,
  0xf6,0x89,0x4c,0x24,0x10,0x46,0x8d,0x0c,0x36,0xf7,0xd9,0x03,0xcf,0x0f,0xb6,0x41,
  0x01,0x8d,0x51,0x01,0xc6,0x41,0x02,0x00,0x3d,0xff,0x00,0x00,0x00,0x75,0x10,0x0f,
  0xb6,0x01,0x8b,0xd1,0xc6,0x41,0x01,0x00,0x3d,0xff,0x00,0x00,0x00,0x74,0xd6,0x8b,
  0xf2,0x8b,0x54,0x24,0x0c,0x8b,0x4c,0x24,0x10,0x40,0x88,0x06,0x8b,0x74,0x24,0x14,
  0x8b,0x7e,0x04,0x81,0xff,0x00,0x00,0x00,0x01,0x73,0x7f,0x8b,0xc6,0x89,0x2c,0x24,
  0x89,0x54,0x24,0x0c,0x8b,0x70,0x08,0x8b,0x40,0x14,0x89,0x4c,0x24,0x10,0x8b,0x6c,
  0x24,0x14,0xc1,0xe8,0x18,0x88,0x06,0x46,0x3b,0x75,0x10,0x72,0x2f,0x8b,0x45,0x0c,
  0x2b,0xf0,0x75,0x04,0x33,0xc9,0xeb,0x04,0x0f,0xbd,0xce,0x41,0x83,0xc1,0x1e,0xbf,
  0x01,0x00,0x00,0x00,0xd3,0xe7,0x03,0xfe,0x57,0x50,0xe8,0x07,0x02,0x43,0x32,0x83,
  0xc4,0x08,0x03,0xf8,0x03,0xf0,0x89,0x45,0x0c,0x89,0x7d,0x10,0x8b,0x7d,0x04,0xc1,
  0xe7,0x08,0x8b,0x45,0x14,0xc1,0xe0,0x08,0x89,0x45,0x14,0x89,0x7d,0x04,0x81,0xff,
  0x00,0x00,0x00,0x01,0x72,0xac,0x89,0x6c,0x24,0x14,0x8b,0xc5,0x8b,0x2c,0x24,0x8b,
  0x54,0x24,0x0c,0x8b,0x4c,0x24,0x10,0x89,0x70,0x08,0x45,0x8d,0x04,0x53,0x83,0xe0,
  0x03,0x83,0xfa,0x02,0x0f,0x42,0xd0,0x49,0x3b,0x6c,0x24,0x20,0x0f,0x82,0x24,0xfe,
  0xff,0xff,0x8b,0x44,0x24,0x08,0x8b,0x54,0x24,0x04,0xeb,0x02,0x33,0xc0,0x88,0x42,
  0x0a,0x33,0xc0,0x83,0xc4,0x28,0x5d,0x5b,0x5f,0x5e,0xc2,0x0c,0x00,0x0f,0x1f,0x00,
  0x56,0x57,0x53,0x55,0x83,0xec,0x14,0x8b,0xe9,0x8b,0xda,0x85,0xed,0x0f,0x84,0x8a,
  0x00,0x00,0x00,0x8b,0x44,0x24,0x28,0x8b,0x88,0xd4,0x06,0x00,0x00,0x85,0xc9,0x0f,
  0x8c,0xa3,0x03,0x00,0x00,0x3b,0x4c,0x24,0x2c,0x7d,0x34,0x83,0x7c,0x24,0x2c,0x18,
  0x0f,0x8e,0x7b,0x02,0x00,0x00,0xba,0x18,0x00,0x00,0x00,0x8b,0x4c,0x24,0x28,0xe8,
  0x07,0x00,0x80,0xcc,0x8b,0xf8,0x8b,0x44,0x24,0x2c,0x8b,0x4c,0x24,0x28,0x8d,0x50,
  0xe8,0xe8,0x07,0x00,0x7f,0x7c,0x8b,0xf0,0xc1,0xe6,0x18,0x03,0xf7,0xeb,0x30,0x8b,
  0x44,0x24,0x28,0x8b,0xb0,0xd0,0x06,0x00,0x00,0x8b,0x54,0x24,0x28,0x8b,0xfe,0x8b,
  0x44,0x24,0x2c,0x2b,0xc8,0x89,0x8a,0xd4,0x06,0x00,0x00,0x8b,0xc8,0xd3,0xef,0x89,
  0xba,0xd0,0x06,0x00,0x00,0xba,0x01,0x00,0x00,0x00,0xd3,0xe2,0x4a,0x23,0xf2,0x83,
  0xfd,0x02,0x0f,0x84,0x08,0x03,0x00,0x00,0xe9,0x08,0x02,0x00,0x00,0x8b,0x44,0x24,
  0x30,0x8b,0xcb,0x0f,0xb6,0x70,0x08,0x8d,0x54,0x70,0x0c,0xe8,0x07,0x00,0x28,0xbc,
  0x8b,0xf8,0x8b,0x54,0x24,0x30,0x8d,0x04,0x77,0x83,0xe0,0x03,0x88,0x42,0x08,0x85,
  0xff,0x0f,0x84,0xd6,0x00,0x00,0x00,0x8b,0x44,0x24,0x30,0x8b,0xcb,0x0f,0xb6,0x70,
  0x09,0x8d,0x54,0x70,0x14,0xe8,0x07,0x00,0x28,0xbc,0x8b,0xf0,0x8b,0x7c,0x24,0x30,
  0x8b,0xd6,0x83,0xe2,0x01,0x8b,0xcb,0x88,0x57,0x09,0x0f,0xb6,0x57,0x0a,0x8d,0x7c,
  0xd7,0x34,0x8d,0x57,0x02,0xe8,0x07,0x00,0x28,0xbc,0x8b,0xcb,0x8d,0x44,0x00,0x04,
  0x03,0xf8,0x8b,0xd7,0x89,0x04,0x24,0xe8,0x07,0x00,0x28,0xbc,0x8b,0xf8,0x03,0x3c,
  0x24,0x83,0xe7,0x03,0x83,0x7c,0x24,0x38,0x00,0x8d,0x57,0x01,0x89,0x54,0x24,0x04,
  0x8b,0x54,0x24,0x30,0x8d,0x84,0xfa,0x34,0x08,0x00,0x00,0x8d,0xaa,0x34,0x08,0x00,
  0x00,0x0f,0x45,0xe8,0x4f,0x0f,0x8c,0xa6,0x02,0x00,0x00,0x8b,0xcb,0x8d,0x55,0x02,
  0xe8,0x07,0x00,0x28,0xbc,0x8b,0xc8,0x89,0x34,0x24,0x8d,0x41,0x02,0xba,0x02,0x00,
  0x00,0x00,0x8b,0xf0,0x8b,0xc2,0x8b,0xd5,0x8b,0xeb,0x8b,0xde,0xeb,0x08,0x8b,0x44,
  0x24,0x0c,0x8b,0x54,0x24,0x08,0x03,0xc1,0x8b,0xf0,0x83,0xe6,0x03,0x89,0x54,0x24,
  0x08,0x8d,0x04,0x36,0x89,0x44,0x24,0x0c,0x8d,0x0c,0x72,0x89,0x4c,0x24,0x10,0x4f,
  0x0f,0x88,0x49,0x02,0x00,0x00,0x8b,0xcd,0x8b,0x54,0x24,0x10,0xe8,0x07,0x00,0x28,
  0xbc,0x8b,0xc8,0x8d,0x1c,0x59,0x83,0xfe,0x02,0x73,0xe4,0xeb,0xc1,0x33,0xc0,0x89,
  0x44,0x24,0x04,0x33,0xf6,0x8b,0x4c,0x24,0x30,0x8b,0x54,0x24,0x04,0x83,0x7c,0x24,
  0x3c,0x00,0x88,0x51,0x0a,0x74,0x19,0x83,0x7c,0x24,0x3c,0x01,0x7e,0x0a,0x8b,0x54,
  0x24,0x30,0x03,0x72,0x04,0x89,0x72,0x04,0x8b,0x54,0x24,0x30,0x03,0x32,0x89,0x32,
  0x8b,0x54,0x24,0x28,0x8b,0xde,0x8b,0x7c,0x24,0x2c,0x8b,0x6a,0x6c,0x8b,0xcd,0x23,
  0x1c,0xbd,0x00,0x02,0xd1,0xa0,0x8b,0x42,0x74,0x8b,0xd3,0xd3,0xe2,0x03,0xfd,0x08,
  0x10,0x83,0xff,0x08,0x0f,0x8e,0xa4,0x00,0x00,0x00,0x8b,0x7c,0x24,0x28,0x8b,0x57,
  0x74,0x42,0x89,0x57,0x74,0x3b,0x57,0x78,0x72,0x28,0x8b,0x54,0x24,0x28,0x80,0xba,
  0xb5,0x06,0x00,0x00,0x00,0x0f,0x85,0x8a,0x00,0x00,0x00,0x8b,0x4c,0x24,0x28,0xe8,
  0x07,0x00,0x26,0x8c,0x85,0xc0,0x74,0x7d,0x8b,0x54,0x24,0x28,0x01,0x42,0x78,0x8b,
  0x52,0x74,0x8b,0x7c,0x24,0x2c,0x8d,0x7c,0x2f,0xf8,0x8b,0x6c,0x24,0x28,0x8b,0x4d,
  0x6c,0xf7,0xd9,0x83,0xc1,0x08,0xff,0x8d,0xb8,0x06,0x00,0x00,0xff,0x8d,0xdc,0x06,
  0x00,0x00,0xd3,0xeb,0x88,0x1a,0x83,0xff,0x08,0x7e,0x43,0x8b,0x6c,0x24,0x28,0x8b,
  0x55,0x74,0x42,0x89,0x55,0x74,0x3b,0x55,0x78,0x72,0x1a,0x80,0xbd,0xb5,0x06,0x00,
  0x00,0x00,0x75,0x31,0x8b,0xcd,0xe8,0x07,0x00,0x26,0x8c,0x85,0xc0,0x74,0x26,0x01,
  0x45,0x78,0x8b,0x55,0x74,0x83,0xc7,0xf8,0xff,0x8d,0xb8,0x06,0x00,0x00,0xff,0x8d,
  0xdc,0x06,0x00,0x00,0xc1,0xeb,0x08,0x88,0x1a,0x83,0xff,0x08,0x7f,0xc1,0x8b,0x54,
  0x24,0x28,0x89,0x7a,0x6c,0x8b,0xc6,0x83,0xc4,0x14,0x5d,0x5b,0x5f,0x5e,0xc2,0x18,
  0x00,0x85,0xc9,0x75,0x0e,0x8b,0x44,0x24,0x28,0xc7,0x80,0xd0,0x06,0x00,0x00,0x00,
  0x00,0x00,0x00,0x8b,0x74,0x24,0x2c,0x8b,0x7c,0x24,0x28,0xeb,0x0c,0x89,0x8f,0xd4,
  0x06,0x00,0x00,0x89,0x87,0xd0,0x06,0x00,0x00,0x8b,0x87,0xb8,0x06,0x00,0x00,0x85,
  0xc0,0x75,0x2f,0x80,0xbf,0xb5,0x06,0x00,0x00,0x00,0x75,0x0b,0x8b,0xcf,0xe8,0x07,
  0x00,0x26,0x8c,0x85,0xc0,0x75,0x15,0x8b,0x44,0x24,0x28,0x33,0xf6,0xc7,0x80,0xd4,
  0x06,0x00,0x00,0xff,0xff,0xff,0xff,0xe9,0x83,0xfd,0xff,0xff,0x8b,0x87,0xb8,0x06,
  0x00,0x00,0x8b,0x97,0xc0,0x06,0x00,0x00,0x48,0xff,0x87,0xdc,0x06,0x00,0x00,0x89,
  0x87,0xb8,0x06,0x00,0x00,0x3b,0x97,0xc8,0x06,0x00,0x00,0x73,0x40,0x0f,0xb6,0x02,
  0x42,0x89,0x97,0xc0,0x06,0x00,0x00,0x8b,0x8f,0xd4,0x06,0x00,0x00,0xd3,0xe0,0x83,
  0xc1,0x08,0x03,0x87,0xd0,0x06,0x00,0x00,0x3b,0xce,0x7c,0x81,0x8b,0xf0,0x85,0xc9,
  0x0f,0x89,0x13,0xfd,0xff,0xff,0x8b,0x54,0x24,0x28,0x89,0x8a,0xd4,0x06,0x00,0x00,
  0x89,0xb2,0xd0,0x06,0x00,0x00,0x33,0xf6,0xe9,0x22,0xfd,0xff,0xff,0x33,0xd2,0x8b,
  0x0f,0xe8,0x07,0x00,0x73,0xbc,0x85,0xc0,0x7f,0x14,0xc7,0x87,0x90,0x00,0x00,0x00,
  0x01,0x00,0x00,0x00,0x33,0xc0,0x8b,0x8f,0xd4,0x06,0x00,0x00,0xeb,0xaf,0x8b,0xcf,
  0x50,0x8b,0x17,0xe8,0x07,0x00,0x71,0xac,0x8b,0x97,0xc0,0x06,0x00,0x00,0xeb,0x8d,
  0xff,0x74,0x24,0x3c,0xff,0x74,0x24,0x3c,0x56,0x8b,0xcb,0x8b,0x54,0x24,0x3c,0xe8,
  0x07,0x01,0x32,0x0c,0x8b,0x4c,0x24,0x34,0x8b,0x54,0x24,0x2c,0x01,0x14,0x8d,0x00,
  0x03,0x95,0xe0,0xe9,0xdd,0xfe,0xff,0xff,0x33,0xf6,0xe9,0xc0,0xfc,0xff,0xff,0x8b,
  0x34,0x24,0x8b,0xc3,0x8b,0xd6,0xf7,0xda,0x33,0xc2,0x03,0xf0,0xe9,0xc4,0xfd,0xff,
  0xff,0xb8,0x01,0x00,0x00,0x00,0xeb,0xec,0x0f,0x1f,0x84,0x00,0x00,0x00,0x00,0x00,
  0x56,0x57,0x53,0x55,0x83,0xec,0x28,0x8b,0xd9,0x8b,0x4c,0x24,0x44,0x8b,0x74,0x24,
  0x3c,0x85,0xc9,0x74,0x13,0x8b,0xc6,0x2b,0x32,0x89,0x02,0x83,0xf9,0x01,0x7e,0x08,
  0x8b,0xc6,0x2b,0x72,0x04,0x89,0x42,0x04,0x33,0xc0,0x85,0xf6,0x0f,0xb6,0x7a,0x08,
  0x8d,0x6a,0x0c,0x0f,0x97,0xc0,0x8d,0x0c,0x78,0x83,0xe1,0x03,0x88,0x4a,0x08,0x0f,
  0xb7,0x44,0x7d,0x00,0x0f,0xb7,0x4b,0x06,0x0f,0xaf,0xc8,0x89,0x4c,0x24,0x04,0x85,
  0xf6,0x0f,0x85,0x8d,0x00,0x00,0x00,0x8b,0xc8,0xf7,0xd9,0x81,0xc1,0xff,0xff,0x00,
  0x00,0xc1,0xe9,0x06,0x03,0xc1,0x66,0x89,0x44,0x7d,0x00,0x8b,0x44,0x24,0x04,0x89,
  0x43,0x04,0x3d,0x00,0x00,0x00,0x01,0x0f,0x83,0x5b,0x01,0x00,0x00,0x8b,0x43,0x14,
  0x8b,0x7b,0x08,0x89,0x74,0x24,0x1c,0x89,0x54,0x24,0x04,0xc1,0xe8,0x18,0x88,0x07,
  0x47,0x3b,0x7b,0x10,0x72,0x2f,0x8b,0x43,0x0c,0x2b,0xf8,0x75,0x04,0x33,0xc9,0xeb,
  0x04,0x0f,0xbd,0xcf,0x41,0x83,0xc1,0x1e,0xbe,0x01,0x00,0x00,0x00,0xd3,0xe6,0x03,
  0xf7,0x56,0x50,0xe8,0x07,0x02,0x43,0x32,0x83,0xc4,0x08,0x03,0xf0,0x03,0xf8,0x89,
  0x43,0x0c,0x89,0x73,0x10,0x8b,0x53,0x04,0xc1,0xe2,0x08,0x8b,0x43,0x14,0xc1,0xe0,
  0x08,0x89,0x43,0x14,0x89,0x53,0x04,0x81,0xfa,0x00,0x00,0x00,0x01,0x72,0xac,0xe9,
  0xe9,0x00,0x00,0x00,0x8b,0xc8,0xc1,0xe9,0x06,0x2b,0xc1,0x66,0x89,0x44,0x7d,0x00,
  0x89,0x2c,0x24,0x8b,0x7b,0x14,0x8b,0x6c,0x24,0x04,0x8b,0x43,0x04,0x2b,0xc5,0x89,
  0x43,0x04,0x8d,0x4c,0x3d,0x00,0x89,0x4b,0x14,0x8b,0x2c,0x24,0x3b,0xf9,0x76,0x54,
  0x8b,0x4b,0x08,0x49,0x8b,0xf9,0x0f,0xb6,0x01,0x3d,0xff,0x00,0x00,0x00,0x75,0x3e,
  0x89,0x5c,0x24,0x14,0x33,0xc9,0x89,0x54,0x24,0x04,0x41,0x8d,0x1c,0x09,0xf7,0xdb,
  0x03,0xdf,0x0f,0xb6,0x43,0x01,0x8d,0x53,0x01,0xc6,0x43,0x02,0x00,0x3d,0xff,0x00,
  0x00,0x00,0x75,0x10,0x0f,0xb6,0x03,0x8b,0xd3,0xc6,0x43,0x01,0x00,0x3d,0xff,0x00,
  0x00,0x00,0x74,0xd6,0x8b,0xca,0x8b,0x5c,0x24,0x14,0x8b,0x54,0x24,0x04,0x40,0x88,
  0x01,0x8b,0x43,0x04,0x3d,0x00,0x00,0x00,0x01,0x73,0x6d,0x8b,0x43,0x14,0x8b,0x7b,
  0x08,0x89,0x74,0x24,0x1c,0x89,0x54,0x24,0x04,0xc1,0xe8,0x18,0x88,0x07,0x47,0x3b,
  0x7b,0x10,0x72,0x2f,0x8b,0x43,0x0c,0x2b,0xf8,0x75,0x04,0x33,0xc9,0xeb,0x04,0x0f,
  0xbd,0xcf,0x41,0x83,0xc1,0x1e,0xbe,0x01,0x00,0x00,0x00,0xd3,0xe6,0x03,0xf7,0x56,
  0x50,0xe8,0x07,0x02,0x43,0x32,0x83,0xc4,0x08,0x03,0xf0,0x03,0xf8,0x89,0x43,0x0c,
  0x89,0x73,0x10,0x8b,0x53,0x04,0xc1,0xe2,0x08,0x8b,0x43,0x14,0xc1,0xe0,0x08,0x89,
  0x43,0x14,0x89,0x53,0x04,0x81,0xfa,0x00,0x00,0x00,0x01,0x72,0xac,0x8b,0x74,0x24,
  0x1c,0x8b,0x54,0x24,0x04,0x89,0x7b,0x08,0x85,0xf6,0x0f,0x84,0xd7,0x05,0x00,0x00,
  0x78,0x09,0xc7,0x04,0x24,0x00,0x00,0x00,0x00,0xeb,0x09,0xc7,0x04,0x24,0x01,0x00,
  0x00,0x00,0xf7,0xde,0x0f,0xb6,0x4a,0x09,0x8b,0x04,0x24,0x88,0x42,0x09,0x89,0x4c,
  0x24,0x08,0x0f,0xb7,0x4c,0x4d,0x08,0x0f,0xb7,0x7b,0x06,0x0f,0xaf,0xf9,0x85,0xc0,
  0x0f,0x85,0x8a,0x00,0x00,0x00,0x8b,0xc1,0xf7,0xd8,0x05,0xff,0xff,0x00,0x00,0xc1,
  0xe8,0x06,0x03,0xc8,0x8b,0x44,0x24,0x08,0x66,0x89,0x4c,0x45,0x08,0x89,0x7b,0x04,
  0x81,0xff,0x00,0x00,0x00,0x01,0x0f,0x83,0x41,0x01,0x00,0x00,0x8b,0x6b,0x08,0x8b,
  0x43,0x14,0x89,0x54,0x24,0x04,0xc1,0xe8,0x18,0x88,0x45,0x00,0x45,0x3b,0x6b,0x10,
  0x72,0x2f,0x8b,0x43,0x0c,0x2b,0xe8,0x75,0x04,0x33,0xc9,0xeb,0x04,0x0f,0xbd,0xcd,
  0x41,0x83,0xc1,0x1e,0xbf,0x01,0x00,0x00,0x00,0xd3,0xe7,0x03,0xfd,0x57,0x50,0xe8,
  0x07,0x02,0x43,0x32,0x83,0xc4,0x08,0x03,0xf8,0x03,0xe8,0x89,0x43,0x0c,0x89,0x7b,
  0x10,0x8b,0x7b,0x04,0xc1,0xe7,0x08,0x8b,0x43,0x14,0xc1,0xe0,0x08,0x89,0x43,0x14,
  0x89,0x7b,0x04,0x81,0xff,0x00,0x00,0x00,0x01,0x72,0xab,0xe9,0xd6,0x00,0x00,0x00,
  0x8b,0xc1,0xc1,0xe8,0x06,0x2b,0xc8,0x8b,0x44,0x24,0x08,0x66,0x89,0x4c,0x45,0x08,
  0x8b,0x4b,0x14,0x8d,0x2c,0x0f,0xf7,0xdf,0x03,0x7b,0x04,0x89,0x6b,0x14,0x89,0x7b,
  0x04,0x3b,0xcd,0x76,0x4a,0x8b,0x7b,0x08,0x4f,0x8b,0xef,0x0f,0xb6,0x07,0x3d,0xff,
  0x00,0x00,0x00,0x75,0x34,0x89,0x54,0x24,0x04,0x33,0xc9,0x41,0x8d,0x14,0x09,0xf7,
  0xda,0x03,0xd5,0x0f,0xb6,0x42,0x01,0x8d,0x7a,0x01,0xc6,0x42,0x02,0x00,0x3d,0xff,
  0x00,0x00,0x00,0x75,0x10,0x0f,0xb6,0x02,0x8b,0xfa,0xc6,0x42,0x01,0x00,0x3d,0xff,
  0x00,0x00,0x00,0x74,0xd6,0x8b,0x54,0x24,0x04,0x40,0x88,0x07,0x8b,0x7b,0x04,0x81,
  0xff,0x00,0x00,0x00,0x01,0x73,0x66,0x8b,0x6b,0x08,0x8b,0x43,0x14,0x89,0x54,0x24,
  0x04,0xc1,0xe8,0x18,0x88,0x45,0x00,0x45,0x3b,0x6b,0x10,0x72,0x2f,0x8b,0x43,0x0c,
  0x2b,0xe8,0x75,0x04,0x33,0xc9,0xeb,0x04,0x0f,0xbd,0xcd,0x41,0x83,0xc1,0x1e,0xbf,
  0x01,0x00,0x00,0x00,0xd3,0xe7,0x03,0xfd,0x57,0x50,0xe8,0x07,0x02,0x43,0x32,0x83,
  0xc4,0x08,0x03,0xf8,0x03,0xe8,0x89,0x43,0x0c,0x89,0x7b,0x10,0x8b,0x7b,0x04,0xc1,
  0xe7,0x08,0x8b,0x43,0x14,0xc1,0xe0,0x08,0x89,0x43,0x14,0x89,0x7b,0x04,0x81,0xff,
  0x00,0x00,0x00,0x01,0x72,0xab,0x8b,0x54,0x24,0x04,0x89,0x6b,0x08,0x85,0xf6,0x75,
  0x04,0x33,0xc0,0xeb,0x04,0x0f,0xbd,0xc6,0x40,0x0f,0xb6,0x4a,0x0a,0xc7,0x44,0x24,
  0x0c,0x01,0x00,0x00,0x00,0xc7,0x04,0x24,0x00,0x00,0x00,0x00,0x89,0x74,0x24,0x1c,
  0x8d,0x6c,0xca,0x0c,0x89,0x54,0x24,0x04,0x8d,0x48,0xff,0x89,0x4c,0x24,0x10,0x89,
  0x6c,0x24,0x18,0x89,0x44,0x24,0x08,0x8b,0x14,0x24,0x8b,0x74,0x24,0x0c,0x8b,0xca,
  0x8b,0x44,0x24,0x18,0xf7,0xd9,0x41,0x8b,0x6c,0x24,0x10,0xc1,0xef,0x10,0xd3,0xed,
  0x0f,0xb7,0x44,0x70,0x28,0x0f,0xaf,0xf8,0x83,0xe5,0x01,0x0f,0x85,0x9d,0x00,0x00,
  0x00,0x8b,0xc8,0xf7,0xd9,0x81,0xc1,0xff,0xff,0x00,0x00,0xc1,0xe9,0x06,0x03,0xc1,
  0x8b,0x4c,0x24,0x18,0x66,0x89,0x44,0x71,0x28,0x89,0x7b,0x04,0x81,0xff,0x00,0x00,
  0x00,0x01,0x0f,0x83,0x66,0x01,0x00,0x00,0x8b,0x43,0x14,0x8b,0x4b,0x08,0x8b,0xf9,
  0x89,0x14,0x24,0x89,0x74,0x24,0x0c,0xc1,0xe8,0x18,0x88,0x07,0x47,0x3b,0x7b,0x10,
  0x72,0x2f,0x8b,0x43,0x0c,0x2b,0xf8,0x75,0x04,0x33,0xc9,0xeb,0x04,0x0f,0xbd,0xcf,
  0x41,0x83,0xc1,0x1e,0xbe,0x01,0x00,0x00,0x00,0xd3,0xe6,0x03,0xf7,0x56,0x50,0xe8,
  0x07,0x02,0x43,0x32,0x83,0xc4,0x08,0x03,0xf0,0x03,0xf8,0x89,0x43,0x0c,0x89,0x73,
  0x10,0x8b,0x53,0x04,0xc1,0xe2,0x08,0x8b,0x43,0x14,0xc1,0xe0,0x08,0x89,0x43,0x14,
  0x89,0x53,0x04,0x81,0xfa,0x00,0x00,0x00,0x01,0x72,0xac,0x8b,0xcf,0x8b,0xfa,0x8b,
  0x14,0x24,0x8b,0x74,0x24,0x0c,0x89,0x4b,0x08,0xe9,0xf0,0x00,0x00,0x00,0x8b,0xc8,
  0xc1,0xe9,0x06,0x2b,0xc1,0x8b,0x4c,0x24,0x18,0x66,0x89,0x44,0x71,0x28,0x8b,0x43,
  0x14,0x8d,0x0c,0x07,0xf7,0xdf,0x03,0x7b,0x04,0x89,0x4b,0x14,0x89,0x7b,0x04,0x3b,
  0xc1,0x76,0x54,0x8b,0x4b,0x08,0x49,0x8b,0xf9,0x0f,0xb6,0x01,0x3d,0xff,0x00,0x00,
  0x00,0x75,0x3e,0x89,0x74,0x24,0x0c,0x33,0xc9,0x89,0x5c,0x24,0x14,0x41,0x8d,0x34,
  0x09,0xf7,0xde,0x03,0xf7,0x0f,0xb6,0x46,0x01,0x8d,0x5e,0x01,0xc6,0x46,0x02,0x00,
  0x3d,0xff,0x00,0x00,0x00,0x75,0x10,0x0f,0xb6,0x06,0x8b,0xde,0xc6,0x46,0x01,0x00,
  0x3d,0xff,0x00,0x00,0x00,0x74,0xd6,0x8b,0xcb,0x8b,0x74,0x24,0x0c,0x8b,0x5c,0x24,
  0x14,0x40,0x88,0x01,0x8b,0x7b,0x04,0x81,0xff,0x00,0x00,0x00,0x01,0x73,0x6f,0x8b,
  0x43,0x14,0x8b,0x4b,0x08,0x89,0x14,0x24,0x89,0x74,0x24,0x0c,0x8b,0xf1,0xc1,0xe8,
  0x18,0x88,0x06,0x46,0x3b,0x73,0x10,0x72,0x2f,0x8b,0x43,0x0c,0x2b,0xf0,0x75,0x04,
  0x33,0xc9,0xeb,0x04,0x0f,0xbd,0xce,0x41,0x83,0xc1,0x1e,0xbf,0x01,0x00,0x00,0x00,
  0xd3,0xe7,0x03,0xfe,0x57,0x50,0xe8,0x07,0x02,0x43,0x32,0x83,0xc4,0x08,0x03,0xf8,
  0x03,0xf0,0x89,0x43,0x0c,0x89,0x7b,0x10,0x8b,0x7b,0x04,0xc1,0xe7,0x08,0x8b,0x43,
  0x14,0xc1,0xe0,0x08,0x89,0x43,0x14,0x89,0x7b,0x04,0x81,0xff,0x00,0x00,0x00,0x01,
  0x72,0xac,0x8b,0xce,0x8b,0x14,0x24,0x8b,0x74,0x24,0x0c,0x89,0x4b,0x08,0x03,0xf6,
  0x42,0x0b,0xf5,0x83,0xfa,0x02,0x0f,0x82,0x42,0xfe,0xff,0xff,0x83,0x7c,0x24,0x40,
  0x00,0x8b,0x44,0x24,0x08,0x8b,0x54,0x24,0x04,0x8d,0x8c,0xc2,0x2c,0x08,0x00,0x00,
  0x8b,0x74,0x24,0x1c,0x8d,0xaa,0x34,0x08,0x00,0x00,0x0f,0x45,0xe9,0x8b,0xc8,0x89,
  0x6c,0x24,0x24,0x83,0xc1,0xfe,0x0f,0x88,0x0d,0x02,0x00,0x00,0xc7,0x44,0x24,0x0c,
  0x01,0x00,0x00,0x00,0x8d,0x68,0xff,0x89,0x54,0x24,0x04,0x89,0x6c,0x24,0x20,0x33,
  0xed,0x89,0x44,0x24,0x08,0x89,0x74,0x24,0x1c,0x89,0x5c,0x24,0x14,0x8b,0x54,0x24,
  0x0c,0x8b,0x44,0x24,0x24,0x8b,0x5c,0x24,0x1c,0xc1,0xef,0x10,0xd3,0xeb,0x0f,0xb7,
  0x04,0x50,0x0f,0xaf,0xf8,0x83,0xe3,0x01,0x0f,0x85,0x98,0x00,0x00,0x00,0x8b,0xf0,
  0xf7,0xde,0x81,0xc6,0xff,0xff,0x00,0x00,0xc1,0xee,0x06,0x03,0xc6,0x8b,0x74,0x24,
  0x24,0x66,0x89,0x04,0x56,0x8b,0x44,0x24,0x14,0x89,0x78,0x04,0x81,0xff,0x00,0x00,
  0x00,0x01,0x0f,0x83,0x7d,0x01,0x00,0x00,0x8b,0xf8,0x89,0x2c,0x24,0x8b,0xef,0x89,
  0x54,0x24,0x0c,0x8b,0x47,0x14,0x8b,0x77,0x08,0x89,0x4c,0x24,0x10,0xc1,0xe8,0x18,
  0x88,0x06,0x46,0x3b,0x75,0x10,0x72,0x2f,0x8b,0x45,0x0c,0x2b,0xf0,0x75,0x04,0x33,
  0xc9,0xeb,0x04,0x0f,0xbd,0xce,0x41,0x83,0xc1,0x1e,0xbf,0x01,0x00,0x00,0x00,0xd3,
  0xe7,0x03,0xfe,0x57,0x50,0xe8,0x07,0x02,0x43,0x32,0x83,0xc4,0x08,0x03,0xf8,0x03,
  0xf0,0x89,0x45,0x0c,0x89,0x7d,0x10,0x8b,0x7d,0x04,0xc1,0xe7,0x08,0x8b,0x45,0x14,
  0xc1,0xe0,0x08,0x89,0x45,0x14,0x89,0x7d,0x04,0x81,0xff,0x00,0x00,0x00,0x01,0x72,
  0xac,0xe9,0xfb,0x00,0x00,0x00,0x8b,0x74,0x24,0x24,0x89,0x5c,0x24,0x18,0x8b,0xd8,
  0xc1,0xeb,0x06,0x2b,0xc3,0x66,0x89,0x04,0x56,0x8b,0x74,0x24,0x14,0x8b,0x46,0x14,
  0x8d,0x1c,0x07,0xf7,0xdf,0x03,0x7e,0x04,0x89,0x5e,0x14,0x89,0x7e,0x04,0x3b,0xc3,
  0x8b,0x5c,0x24,0x18,0x76,0x58,0x8b,0x76,0x08,0x4e,0x8b,0xfe,0x0f,0xb6,0x06,0x3d,
  0xff,0x00,0x00,0x00,0x75,0x3e,0x89,0x54,0x24,0x0c,0x33,0xf6,0x89,0x4c,0x24,0x10,
  0x46,0x8d,0x0c,0x36,0xf7,0xd9,0x03,0xcf,0x0f,0xb6,0x41,0x01,0x8d,0x51,0x01,0xc6,
  0x41,0x02,0x00,0x3d,0xff,0x00,0x00,0x00,0x75,0x10,0x0f,0xb6,0x01,0x8b,0xd1,0xc6,
  0x41,0x01,0x00,0x3d,0xff,0x00,0x00,0x00,0x74,0xd6,0x8b,0xf2,0x8b,0x54,0x24,0x0c,
  0x8b,0x4c,0x24,0x10,0x40,0x88,0x06,0x8b,0x74,0x24,0x14,0x8b,0x7e,0x04,0x81,0xff,
  0x00,0x00,0x00,0x01,0x73,0x7f,0x8b,0xc6,0x89,0x2c,0x24,0x89,0x54,0x24,0x0c,0x8b,
  0x70,0x08,0x8b,0x40,0x14,0x89,0x4c,0x24,0x10,0x8b,0x6c,0x24,0x14,0xc1,0xe8,0x18,
  0x88,0x06,0x46,0x3b,0x75,0x10,0x72,0x2f,0x8b,0x45,0x0c,0x2b,0xf0,0x75,0x04,0x33,
  0xc9,0xeb,0x04,0x0f,0xbd,0xce,0x41,0x83,0xc1,0x1e,0xbf,0x01,0x00,0x00,0x00,0xd3,
  0xe7,0x03,0xfe,0x57,0x50,0xe8,0x07,0x02,0x43,0x32,0x83,0xc4,0x08,0x03,0xf8,0x03,
  0xf0,0x89,0x45,0x0c,0x89,0x7d,0x10,0x8b,0x7d,0x04,0xc1,0xe7,0x08,0x8b,0x45,0x14,
  0xc1,0xe0,0x08,0x89,0x45,0x14,0x89,0x7d,0x04,0x81,0xff,0x00,0x00,0x00,0x01,0x72,
  0xac,0x89,0x6c,0x24,0x14,0x8b,0xc5,0x8b,0x2c,0x24,0x8b,0x54,0x24,0x0c,0x8b,0x4c,
  0x24,0x10,0x89,0x70,0x08,0x45,0x8d,0x04,0x53,0x83,0xe0,0x03,0x83,0xfa,0x02,0x0f,
  0x42,0xd0,0x49,0x3b,0x6c,0x24,0x20,0x0f,0x82,0x24,0xfe,0xff,0xff,0x8b,0x44,0x24,
  0x08,0x8b,0x54,0x24,0x04,0xeb,0x02,0x33,0xc0,0x88,0x42,0x0a,0x33,0xc0,0x83,0xc4,
  0x28,0x5d,0x5b,0x5f,0x5e,0xc2,0x0c,0x00,0x0f,0x1f,0x84,0x00,0x00,0x00,0x00,0x00,
  0x56,0x57,0x53,0x55,0x83,0xec,0x08,0x8b,0xd9,0x8b,0x6c,0x24,0x1c,0x8b,0xfa,0x85,
  0xdb,0x74,0x7c,0x8b,0x8d,0xd4,0x06,0x00,0x00,0x85,0xc9,0x0f,0x8c,0xc2,0x03,0x00,
  0x00,0x3b,0x4c,0x24,0x24,0x7d,0x32,0x83,0x7c,0x24,0x24,0x18,0x0f,0x8e,0x46,0x01,
  0x00,0x00,0x8b,0xcd,0xba,0x18,0x00,0x00,0x00,0xe8,0x07,0x00,0x80,0xcc,0x89,0x04,
  0x24,0x8b,0x44,0x24,0x24,0x8b,0xcd,0x8d,0x50,0xe8,0xe8,0x07,0x00,0x7f,0x7c,0x8b,
  0xf0,0xc1,0xe6,0x18,0x03,0x34,0x24,0xeb,0x28,0x8b,0xb5,0xd0,0x06,0x00,0x00,0x8b,
  0x44,0x24,0x24,0x2b,0xc8,0x89,0x8d,0xd4,0x06,0x00,0x00,0x8b,0xc8,0x8b,0xd6,0xd3,
  0xea,0x89,0x95,0xd0,0x06,0x00,0x00,0xba,0x01,0x00,0x00,0x00,0xd3,0xe2,0x4a,0x23,
  0xf2,0x83,0xfb,0x02,0x0f,0x84,0xcf,0x01,0x00,0x00,0xe9,0xdd,0x00,0x00,0x00,0x8b,
  0x5c,0x24,0x20,0x8b,0xcf,0x8b,0x85,0x88,0x00,0x00,0x00,0x8d,0x54,0x58,0x02,0xe8,
  0x07,0x00,0x28,0xbc,0x8b,0xf0,0x8b,0x7c,0x24,0x24,0x8b,0x4d,0x6c,0x8b,0x5d,0x74,
  0x8b,0x14,0xbd,0x00,0x02,0xd1,0xa0,0x23,0xd6,0x03,0xf9,0x89,0x14,0x24,0xd3,0xe2,
  0x08,0x13,0x89,0x4c,0x24,0x04,0x83,0xff,0x08,0x0f,0x8e,0x9a,0x00,0x00,0x00,0x8b,
  0x5d,0x74,0x43,0x89,0x5d,0x74,0x3b,0x5d,0x78,0x72,0x1e,0x80,0xbd,0xb5,0x06,0x00,
  0x00,0x00,0x0f,0x85,0x84,0x00,0x00,0x00,0x8b,0xcd,0xe8,0x07,0x00,0x26,0x8c,0x85,
  0xc0,0x74,0x79,0x01,0x45,0x78,0x8b,0x5d,0x74,0x8b,0x7c,0x24,0x24,0x8b,0x54,0x24,
  0x04,0x8b,0x4d,0x6c,0xf7,0xd9,0x83,0xc1,0x08,0x8d,0x7c,0x17,0xf8,0x8b,0x14,0x24,
  0xff,0x8d,0xb8,0x06,0x00,0x00,0xff,0x8d,0xdc,0x06,0x00,0x00,0xd3,0xea,0x89,0x14,
  0x24,0x88,0x13,0x83,0xff,0x08,0x7e,0x41,0x8b,0xda,0x8b,0x55,0x74,0x42,0x89,0x55,
  0x74,0x3b,0x55,0x78,0x72,0x1a,0x80,0xbd,0xb5,0x06,0x00,0x00,0x00,0x75,0x2d,0x8b,
  0xcd,0xe8,0x07,0x00,0x26,0x8c,0x85,0xc0,0x74,0x22,0x01,0x45,0x78,0x8b,0x55,0x74,
  0x83,0xc7,0xf8,0xff,0x8d,0xb8,0x06,0x00,0x00,0xff,0x8d,0xdc,0x06,0x00,0x00,0xc1,
  0xeb,0x08,0x88,0x1a,0x83,0xff,0x08,0x7f,0xc1,0x89,0x7d,0x6c,0x8b,0xc6,0x83,0xc4,
  0x08,0x5d,0x5b,0x5f,0x5e,0xc2,0x10,0x00,0x85,0xc9,0x75,0x0a,0xc7,0x85,0xd0,0x06,
  0x00,0x00,0x00,0x00,0x00,0x00,0x8b,0x74,0x24,0x24,0xeb,0x0c,0x89,0x8d,0xd4,0x06,
  0x00,0x00,0x89,0x85,0xd0,0x06,0x00,0x00,0x8b,0x85,0xb8,0x06,0x00,0x00,0x85,0xc0,
  0x75,0x2b,0x80,0xbd,0xb5,0x06,0x00,0x00,0x00,0x75,0x0b,0x8b,0xcd,0xe8,0x07,0x00,
  0x26,0x8c,0x85,0xc0,0x75,0x11,0xc7,0x85,0xd4,0x06,0x00,0x00,0xff,0xff,0xff,0xff,
  0x33,0xf6,0xe9,0xba,0xfe,0xff,0xff,0x8b,0x85,0xb8,0x06,0x00,0x00,0x8b,0x95,0xc0,
  0x06,0x00,0x00,0x48,0xff,0x85,0xdc,0x06,0x00,0x00,0x89,0x85,0xb8,0x06,0x00,0x00,
  0x3b,0x95,0xc8,0x06,0x00,0x00,0x73,0x3c,0x0f,0xb6,0x02,0x42,0x89,0x95,0xc0,0x06,
  0x00,0x00,0x8b,0x8d,0xd4,0x06,0x00,0x00,0xd3,0xe0,0x83,0xc1,0x08,0x03,0x85,0xd0,
  0x06,0x00,0x00,0x3b,0xce,0x7c,0x85,0x8b,0xf0,0x85,0xc9,0x0f,0x89,0x4e,0xfe,0xff,
  0xff,0x89,0x8d,0xd4,0x06,0x00,0x00,0x89,0xb5,0xd0,0x06,0x00,0x00,0x33,0xf6,0xe9,
  0x5d,0xfe,0xff,0xff,0x33,0xd2,0x8b,0x4d,0x00,0xe8,0x07,0x00,0x73,0xbc,0x85,0xc0,
  0x7f,0x14,0xc7,0x85,0x90,0x00,0x00,0x00,0x01,0x00,0x00,0x00,0x33,0xc0,0x8b,0x8d,
  0xd4,0x06,0x00,0x00,0xeb,0xb2,0x8b,0xcd,0x50,0x8b,0x55,0x00,0xe8,0x07,0x00,0x71,
  0xac,0x8b,0x95,0xc0,0x06,0x00,0x00,0xeb,0x8f,0x8b,0xad,0x88,0x00,0x00,0x00,0x8b,
  0x54,0x24,0x20,0x0f,0xb7,0x5c,0x55,0x02,0x0f,0xb7,0x57,0x06,0x0f,0xaf,0xd3,0xf7,
  0xc6,0x01,0x00,0x00,0x00,0x0f,0x85,0x85,0x00,0x00,0x00,0x8b,0xc3,0xf7,0xd8,0x8b,
  0x4c,0x24,0x20,0x05,0xff,0xff,0x00,0x00,0xc1,0xe8,0x06,0x03,0xd8,0x66,0x89,0x5c,
  0x4d,0x02,0x89,0x57,0x04,0x81,0xfa,0x00,0x00,0x00,0x01,0x0f,0x83,0x2e,0x01,0x00,
  0x00,0x8b,0x5f,0x08,0x8b,0x57,0x14,0xc1,0xea,0x18,0x88,0x13,0x43,0x3b,0x5f,0x10,
  0x72,0x2f,0x8b,0x57,0x0c,0x2b,0xda,0x75,0x04,0x33,0xc9,0xeb,0x04,0x0f,0xbd,0xcb,
  0x41,0x83,0xc1,0x1e,0xbd,0x01,0x00,0x00,0x00,0xd3,0xe5,0x03,0xeb,0x55,0x52,0xe8,
  0x07,0x02,0x43,0x32,0x83,0xc4,0x08,0x03,0xe8,0x03,0xd8,0x89,0x47,0x0c,0x89,0x6f,
  0x10,0x8b,0x6f,0x04,0xc1,0xe5,0x08,0x8b,0x57,0x14,0xc1,0xe2,0x08,0x89,0x57,0x14,
  0x89,0x6f,0x04,0x81,0xfd,0x00,0x00,0x00,0x01,0x72,0xac,0xe9,0xcc,0x00,0x00,0x00,
  0x8b,0x4c,0x24,0x20,0x8b,0xc3,0xc1,0xe8,0x06,0x2b,0xd8,0x66,0x89,0x5c,0x4d,0x02,
  0x8b,0x5f,0x14,0x8b,0x47,0x04,0x2b,0xc2,0x89,0x47,0x04,0x8d,0x2c,0x1a,0x89,0x6f,
  0x14,0x3b,0xdd,0x76,0x46,0x8b,0x5f,0x08,0x4b,0x8b,0xc3,0x0f,0xb6,0x13,0x81,0xfa,
  0xff,0x00,0x00,0x00,0x75,0x2f,0x33,0xed,0x45,0x8d,0x4c,0x2d,0x00,0xf7,0xd9,0x03,
  0xc8,0x0f,0xb6,0x51,0x01,0x8d,0x59,0x01,0xc6,0x41,0x02,0x00,0x81,0xfa,0xff,0x00,
  0x00,0x00,0x75,0x11,0x0f,0xb6,0x11,0x8b,0xd9,0xc6,0x41,0x01,0x00,0x81,0xfa,0xff,
  0x00,0x00,0x00,0x74,0xd3,0x42,0x88,0x13,0x8b,0x47,0x04,0x3d,0x00,0x00,0x00,0x01,
  0x73,0x5d,0x8b,0x5f,0x08,0x8b,0x57,0x14,0xc1,0xea,0x18,0x88,0x13,0x43,0x3b,0x5f,
  0x10,0x72,0x2f,0x8b,0x57,0x0c,0x2b,0xda,0x75,0x04,0x33,0xc9,0xeb,0x04,0x0f,0xbd,
  0xcb,0x41,0x83,0xc1,0x1e,0xbd,0x01,0x00,0x00,0x00,0xd3,0xe5,0x03,0xeb,0x55,0x52,
  0xe8,0x07,0x02,0x43,0x32,0x83,0xc4,0x08,0x03,0xe8,0x03,0xd8,0x89,0x47,0x0c,0x89,
  0x6f,0x10,0x8b,0x6f,0x04,0xc1,0xe5,0x08,0x8b,0x57,0x14,0xc1,0xe2,0x08,0x89,0x57,
  0x14,0x89,0x6f,0x04,0x81,0xfd,0x00,0x00,0x00,0x01,0x72,0xac,0x89,0x5f,0x08,0x8b,
  0x4c,0x24,0x28,0x8b,0x54,0x24,0x24,0x01,0x14,0x8d,0x00,0x03,0x95,0xe0,0xe9,0x89,
  0xfd,0xff,0xff,0x33,0xf6,0xe9,0x97,0xfc,0xff,0xff,0x66,0x0f,0x1f,0x44,0x00,0x00,
  0x56,0x8b,0xd1,0x8b,0x8a,0xd4,0x06,0x00,0x00,0x85,0xc9,0x0f,0x8c,0xf1,0x00,0x00,
  0x00,0x83,0xf9,0x10,0x0f,0x8d,0x95,0x00,0x00,0x00,0x85,0xc9,0x75,0x0a,0xc7,0x82,
  0xd0,0x06,0x00,0x00,0x00,0x00,0x00,0x00,0x89,0x34,0x24,0x8b,0xf2,0xeb,0x0c,0x89,
  0x8e,0xd4,0x06,0x00,0x00,0x89,0x86,0xd0,0x06,0x00,0x00,0x8b,0x86,0xb8,0x06,0x00,
  0x00,0x85,0xc0,0x75,0x2d,0x80,0xbe,0xb5,0x06,0x00,0x00,0x00,0x75,0x0b,0x8b,0xce,
  0xe8,0x07,0x00,0x26,0x8c,0x85,0xc0,0x75,0x13,0x8b,0xd6,0x8b,0x34,0x24,0x33,0xc0,
  0xc7,0x82,0xd4,0x06,0x00,0x00,0xff,0xff,0xff,0xff,0x59,0xc3,0x8b,0x86,0xb8,0x06,
  0x00,0x00,0x8b,0x96,0xc0,0x06,0x00,0x00,0x48,0xff,0x86,0xdc,0x06,0x00,0x00,0x89,
  0x86,0xb8,0x06,0x00,0x00,0x3b,0x96,0xc8,0x06,0x00,0x00,0x73,0x48,0x0f,0xb6,0x02,
  0x42,0x89,0x96,0xc0,0x06,0x00,0x00,0x8b,0x8e,0xd4,0x06,0x00,0x00,0xd3,0xe0,0x83,
  0xc1,0x08,0x03,0x86,0xd0,0x06,0x00,0x00,0x83,0xf9,0x10,0x7c,0x82,0xeb,0x1f,0x8b,
  0x82,0xd0,0x06,0x00,0x00,0x83,0xc1,0xf0,0x89,0x8a,0xd4,0x06,0x00,0x00,0x8b,0xc8,
  0xc1,0xe9,0x10,0x89,0x8a,0xd0,0x06,0x00,0x00,0x0f,0xb7,0xc0,0x59,0xc3,0x8b,0xd6,
  0x8b,0x34,0x24,0xeb,0xe0,0x33,0xd2,0x8b,0x0e,0xe8,0x07,0x00,0x73,0xbc,0x85,0xc0,
  0x7f,0x0e,0xc7,0x86,0x90,0x00,0x00,0x00,0x01,0x00,0x00,0x00,0x33,0xc0,0xeb,0xa7,
  0x8b,0xce,0x50,0x8b,0x16,0xe8,0x07,0x00,0x71,0xac,0x8b,0x96,0xc0,0x06,0x00,0x00,
  0xeb,0x8b,0x33,0xc0,0x59,0xc3,0x0f,0x1f,0x00,0x0f,0x1f,0x80,0x00,0x00,0x00,0x00,
  0x56,0x8b,0xd1,0x8b,0x8a,0xd4,0x06,0x00,0x00,0x85,0xc9,0x0f,0x8c,0xe8,0x00,0x00,
  0x00,0x0f,0x8f,0x92,0x00,0x00,0x00,0x75,0x0a,0xc7,0x82,0xd0,0x06,0x00,0x00,0x00,
  0x00,0x00,0x00,0x89,0x34,0x24,0x8b,0xf2,0xeb,0x0c,0x89,0x8e,0xd4,0x06,0x00,0x00,
  0x89,0x86,0xd0,0x06,0x00,0x00,0x8b,0x86,0xb8,0x06,0x00,0x00,0x85,0xc0,0x75,0x2d,
  0x80,0xbe,0xb5,0x06,0x00,0x00,0x00,0x75,0x0b,0x8b,0xce,0xe8,0x07,0x00,0x26,0x8c,
  0x85,0xc0,0x75,0x13,0x8b,0xd6,0x8b,0x34,0x24,0x33,0xc0,0xc7,0x82,0xd4,0x06,0x00,
  0x00,0xff,0xff,0xff,0xff,0x59,0xc3,0x8b,0x86,0xb8,0x06,0x00,0x00,0x8b,0x96,0xc0,
  0x06,0x00,0x00,0x48,0xff,0x86,0xdc,0x06,0x00,0x00,0x89,0x86,0xb8,0x06,0x00,0x00,
  0x3b,0x96,0xc8,0x06,0x00,0x00,0x73,0x44,0x0f,0xb6,0x02,0x42,0x89,0x96,0xc0,0x06,
  0x00,0x00,0x8b,0x8e,0xd4,0x06,0x00,0x00,0xd3,0xe0,0x83,0xc1,0x08,0x03,0x86,0xd0,
  0x06,0x00,0x00,0x85,0xc9,0x7e,0x83,0xeb,0x1c,0x8b,0x82,0xd0,0x06,0x00,0x00,0x49,
  0x89,0x8a,0xd4,0x06,0x00,0x00,0x8b,0xc8,0xd1,0xe9,0x83,0xe0,0x01,0x89,0x8a,0xd0,
  0x06,0x00,0x00,0x59,0xc3,0x8b,0xd6,0x8b,0x34,0x24,0xeb,0xe3,0x33,0xd2,0x8b,0x0e,
  0xe8,0x07,0x00,0x73,0xbc,0x85,0xc0,0x7f,0x0e,0xc7,0x86,0x90,0x00,0x00,0x00,0x01,
  0x00,0x00,0x00,0x33,0xc0,0xeb,0xab,0x8b,0xce,0x50,0x8b,0x16,0xe8,0x07,0x00,0x71,
  0xac,0x8b,0x96,0xc0,0x06,0x00,0x00,0xeb,0x8f,0x33,0xc0,0x59,0xc3,0x0f,0x1f,0x00,
  0x56,0x57,0x53,0x55,0x8b,0xf1,0x8b,0xda,0x83,0xe3,0x01,0x8b,0xc3,0x8b,0x6e,0x6c,
  0x8b,0xcd,0x8b,0x56,0x74,0xd3,0xe0,0x8d,0x7d,0x01,0x08,0x02,0x83,0xff,0x08,0x0f,
  0x8e,0x8e,0x00,0x00,0x00,0x8b,0x46,0x74,0x40,0x89,0x46,0x74,0x3b,0x46,0x78,0x72,
  0x23,0x80,0xbe,0xb5,0x06,0x00,0x00,0x00,0x75,0x13,0x8b,0xce,0xe8,0x07,0x00,0x26,
  0x8c,0x85,0xc0,0x74,0x08,0x01,0x46,0x78,0x8b,0x46,0x74,0xeb,0x07,0x5d,0x5b,0x5f,
  0x5e,0xc2,0x04,0x00,0x8b,0x4e,0x6c,0x8d,0x7d,0xf9,0xf7,0xd9,0x83,0xc1,0x08,0xff,
  0x8e,0xb8,0x06,0x00,0x00,0xff,0x8e,0xdc,0x06,0x00,0x00,0xd3,0xeb,0x88,0x18,0x83,
  0xff,0x08,0x7e,0x3f,0x8b,0x46,0x74,0x40,0x89,0x46,0x74,0x3b,0x46,0x78,0x72,0x1a,
  0x80,0xbe,0xb5,0x06,0x00,0x00,0x00,0x75,0xc4,0x8b,0xce,0xe8,0x07,0x00,0x26,0x8c,
  0x85,0xc0,0x74,0xb9,0x01,0x46,0x78,0x8b,0x46,0x74,0x83,0xc7,0xf8,0xff,0x8e,0xb8,
  0x06,0x00,0x00,0xff,0x8e,0xdc,0x06,0x00,0x00,0xc1,0xeb,0x08,0x88,0x18,0x83,0xff,
  0x08,0x7f,0xc1,0x89,0x7e,0x6c,0x5d,0x5b,0x5f,0x5e,0xc2,0x04,0x00,0x0f,0x1f,0x00,
  0x56,0x57,0x53,0x55,0x83,0xec,0x14,0x8b,0xe9,0x8b,0xfa,0x85,0xed,0x74,0x1a,0x8b,
  0x4c,0x24,0x28,0xe8,0x07,0x01,0x85,0xac,0x0f,0xb6,0xd8,0x83,0xfd,0x02,0x0f,0x84,
  0x63,0x01,0x00,0x00,0xe9,0x52,0x01,0x00,0x00,0x8b,0x44,0x24,0x2c,0x8b,0xcf,0x0f,
  0xb6,0x58,0x08,0x8d,0x54,0x58,0x0c,0xe8,0x07,0x00,0x28,0xbc,0x8b,0xe8,0x8b,0x54,
  0x24,0x2c,0x8d,0x44,0x5d,0x00,0x83,0xe0,0x03,0x88,0x42,0x08,0x85,0xed,0x0f,0x84,
  0xe6,0x00,0x00,0x00,0x8b,0x44,0x24,0x2c,0x8b,0xcf,0x0f,0xb6,0x58,0x09,0x8d,0x54,
  0x58,0x14,0xe8,0x07,0x00,0x28,0xbc,0x8b,0xd8,0x8b,0x6c,0x24,0x2c,0x8b,0xd3,0x83,
  0xe2,0x01,0x8b,0xcf,0x0f,0xb6,0x75,0x0a,0xc1,0xe6,0x04,0x88,0x55,0x09,0x8d,0x74,
  0x2e,0x34,0x8d,0x56,0x02,0xe8,0x07,0x00,0x28,0xbc,0x8b,0xcf,0x8d,0x6c,0x00,0x04,
  0x89,0x2c,0x24,0x8d,0x14,0x2e,0xe8,0x07,0x00,0x28,0xbc,0x8b,0xe8,0x03,0x2c,0x24,
  0x8b,0xcf,0x8d,0x14,0x6e,0xe8,0x07,0x00,0x28,0xbc,0x8d,0x34,0x68,0x83,0xe6,0x07,
  0x8b,0xee,0xc1,0xe5,0x05,0x83,0x7c,0x24,0x34,0x00,0x8d,0x56,0x01,0x89,0x54,0x24,
  0x04,0x8b,0x54,0x24,0x2c,0x8d,0x84,0x15,0x34,0x08,0x00,0x00,0x8d,0xaa,0x34,0x08,
  0x00,0x00,0x0f,0x45,0xe8,0x4e,0x0f,0x8c,0xdc,0x00,0x00,0x00,0x8b,0xcf,0x8d,0x55,
  0x02,0xe8,0x07,0x00,0x28,0xbc,0x8b,0xc8,0x89,0x1c,0x24,0x8d,0x41,0x02,0x8b,0xd8,
  0xba,0x02,0x00,0x00,0x00,0x8b,0xc5,0x8b,0xeb,0xeb,0x08,0x8b,0x54,0x24,0x0c,0x8b,
  0x44,0x24,0x08,0x03,0xd1,0x8b,0xda,0x83,0xe3,0x0f,0x89,0x44,0x24,0x08,0x8d,0x14,
  0x1b,0x89,0x54,0x24,0x0c,0x8d,0x0c,0x58,0x89,0x4c,0x24,0x10,0x4e,0x0f,0x88,0x86,
  0x00,0x00,0x00,0x8b,0xcf,0x8b,0x54,0x24,0x10,0xe8,0x07,0x00,0x28,0xbc,0x8b,0xc8,
  0x8d,0x2c,0x69,0x83,0xfb,0x08,0x73,0xe4,0xeb,0xc1,0x33,0xdb,0x89,0x5c,0x24,0x04,
  0x8b,0x4c,0x24,0x2c,0x8b,0x54,0x24,0x04,0x83,0x7c,0x24,0x38,0x00,0x88,0x51,0x0a,
  0x74,0x1b,0x8b,0x54,0x24,0x38,0x83,0xfa,0x01,0x7e,0x0a,0x8b,0x54,0x24,0x2c,0x03,
  0x5a,0x04,0x89,0x5a,0x04,0x8b,0x54,0x24,0x2c,0x03,0x1a,0x89,0x1a,0x8b,0x54,0x24,
  0x28,0x8b,0xea,0x8b,0x4a,0x74,0x88,0x19,0xff,0x45,0x74,0x8b,0xc3,0x83,0xc4,0x14,
  0x5d,0x5b,0x5f,0x5e,0xc2,0x14,0x00,0xff,0x74,0x24,0x38,0xff,0x74,0x24,0x38,0x53,
  0x8b,0xcf,0x8b,0x54,0x24,0x38,0xe8,0x07,0x01,0x17,0xbc,0x8b,0x54,0x24,0x30,0x83,
  0x04,0x95,0x00,0x03,0x95,0xe0,0x08,0xeb,0xd2,0x8b,0x1c,0x24,0x8b,0xc5,0x8b,0xd3,
  0xf7,0xda,0x33,0xc2,0x03,0xd8,0xeb,0x88,0xb8,0x01,0x00,0x00,0x00,0xeb,0xef,0x90,
  0x56,0x57,0x53,0x55,0x83,0xec,0x14,0x8b,0xf1,0x8b,0xea,0x85,0xf6,0x74,0x19,0x8b,
  0x4c,0x24,0x28,0xe8,0x07,0x01,0x6f,0x2c,0x8b,0xd8,0x83,0xfe,0x02,0x0f,0x84,0x7d,
  0x01,0x00,0x00,0xe9,0x6c,0x01,0x00,0x00,0x8b,0x44,0x24,0x2c,0x8b,0xcd,0x0f,0xb6,
  0x58,0x08,0x8d,0x54,0x58,0x0c,0xe8,0x07,0x00,0x28,0xbc,0x8b,0xf0,0x8b,0x54,0x24,
  0x2c,0x8d,0x04,0x5e,0x83,0xe0,0x03,0x88,0x42,0x08,0x85,0xf6,0x0f,0x84,0x00,0x01,
  0x00,0x00,0x8b,0x44,0x24,0x2c,0x8b,0xcd,0x0f,0xb6,0x58,0x09,0x8d,0x54,0x58,0x14,
  0xe8,0x07,0x00,0x28,0xbc,0x8b,0xd8,0x8b,0x7c,0x24,0x2c,0x8b,0xd3,0x83,0xe2,0x01,
  0x8b,0xcd,0x0f,0xb6,0x77,0x0a,0xc1,0xe6,0x06,0x88,0x57,0x09,0x8d,0x74,0x3e,0x34,
  0x8d,0x56,0x02,0xe8,0x07,0x00,0x28,0xbc,0x8b,0xcd,0x8d,0x7c,0x00,0x04,0x89,0x3c,
  0x24,0x8d,0x14,0x3e,0xe8,0x07,0x00,0x28,0xbc,0x8b,0xf8,0x03,0x3c,0x24,0x8b,0xcd,
  0x8d,0x14,0x7e,0xe8,0x07,0x00,0x28,0xbc,0x8b,0xcd,0x8d,0x3c,0x78,0x8d,0x14,0x7e,
  0xe8,0x07,0x00,0x28,0xbc,0x8b,0xcd,0x8d,0x3c,0x78,0x8d,0x14,0x7e,0xe8,0x07,0x00,
  0x28,0xbc,0x8d,0x3c,0x78,0x83,0xe7,0x1f,0x8b,0xf7,0xc1,0xe6,0x05,0x83,0x7c,0x24,
  0x34,0x00,0x8d,0x57,0x01,0x89,0x54,0x24,0x04,0x8b,0x54,0x24,0x2c,0x8d,0x84,0x16,
  0x34,0x08,0x00,0x00,0x8d,0xb2,0x34,0x08,0x00,0x00,0x0f,0x45,0xf0,0x4f,0x0f,0x8c,
  0xdd,0x00,0x00,0x00,0x8b,0xcd,0x8d,0x56,0x02,0xe8,0x07,0x00,0x28,0xbc,0x8b,0xc8,
  0x89,0x1c,0x24,0x8d,0x41,0x02,0x8b,0xd8,0xba,0x02,0x00,0x00,0x00,0x8b,0xc6,0x8b,
  0xf3,0xeb,0x08,0x8b,0x54,0x24,0x0c,0x8b,0x44,0x24,0x08,0x03,0xd1,0x8b,0xda,0x83,
  0xe3,0x0f,0x89,0x44,0x24,0x08,0x8d,0x14,0x1b,0x89,0x54,0x24,0x0c,0x8d,0x0c,0x58,
  0x89,0x4c,0x24,0x10,0x4f,0x0f,0x88,0x87,0x00,0x00,0x00,0x8b,0xcd,0x8b,0x54,0x24,
  0x10,0xe8,0x07,0x00,0x28,0xbc,0x8b,0xc8,0x8d,0x34,0x71,0x83,0xfb,0x08,0x73,0xe4,
  0xeb,0xc1,0x33,0xdb,0x89,0x5c,0x24,0x04,0x8b,0x4c,0x24,0x2c,0x8b,0x54,0x24,0x04,
  0x83,0x7c,0x24,0x38,0x00,0x88,0x51,0x0a,0x74,0x1b,0x8b,0x54,0x24,0x38,0x83,0xfa,
  0x01,0x7e,0x0a,0x8b,0x54,0x24,0x2c,0x03,0x5a,0x04,0x89,0x5a,0x04,0x8b,0x54,0x24,
  0x2c,0x03,0x1a,0x89,0x1a,0x8b,0x54,0x24,0x28,0x8b,0xea,0x8b,0x4a,0x74,0x89,0x19,
  0x83,0x45,0x74,0x04,0x8b,0xc3,0x83,0xc4,0x14,0x5d,0x5b,0x5f,0x5e,0xc2,0x14,0x00,
  0xff,0x74,0x24,0x38,0xff,0x74,0x24,0x38,0x53,0x8b,0xcd,0x8b,0x54,0x24,0x38,0xe8,
  0x07,0x01,0x44,0x3c,0x8b,0x54,0x24,0x30,0x83,0x04,0x95,0x00,0x03,0x95,0xe0,0x20,
  0xeb,0xd2,0x8b,0x1c,0x24,0x8b,0xc6,0x8b,0xd3,0xf7,0xda,0x33,0xc2,0x03,0xd8,0xeb,
  0x87,0xb8,0x01,0x00,0x00,0x00,0xeb,0xef,0x0f,0x1f,0x84,0x00,0x00,0x00,0x00,0x00,
  0x56,0x57,0x53,0x55,0x83,0xec,0x28,0x8b,0xd9,0x8b,0x4c,0x24,0x44,0x8b,0x74,0x24,
  0x3c,0x85,0xc9,0x74,0x13,0x8b,0xc6,0x2b,0x32,0x89,0x02,0x83,0xf9,0x01,0x7e,0x08,
  0x8b,0xc6,0x2b,0x72,0x04,0x89,0x42,0x04,0x33,0xc0,0x85,0xf6,0x0f,0xb6,0x7a,0x08,
  0x8d,0x6a,0x0c,0x0f,0x97,0xc0,0x8d,0x0c,0x78,0x83,0xe1,0x03,0x88,0x4a,0x08,0x0f,
  0xb7,0x44,0x7d,0x00,0x0f,0xb7,0x4b,0x06,0x0f,0xaf,0xc8,0x89,0x4c,0x24,0x04,0x85,
  0xf6,0x0f,0x85,0x8d,0x00,0x00,0x00,0x8b,0xc8,0xf7,0xd9,0x81,0xc1,0xff,0xff,0x00,
  0x00,0xc1,0xe9,0x06,0x03,0xc1,0x66,0x89,0x44,0x7d,0x00,0x8b,0x44,0x24,0x04,0x89,
  0x43,0x04,0x3d,0x00,0x00,0x00,0x01,0x0f,0x83,0x5b,0x01,0x00,0x00,0x8b,0x43,0x14,
  0x8b,0x7b,0x08,0x89,0x74,0x24,0x1c,0x89,0x54,0x24,0x04,0xc1,0xe8,0x18,0x88,0x07,
  0x47,0x3b,0x7b,0x10,0x72,0x2f,0x8b,0x43,0x0c,0x2b,0xf8,0x75,0x04,0x33,0xc9,0xeb,
  0x04,0x0f,0xbd,0xcf,0x41,0x83,0xc1,0x1e,0xbe,0x01,0x00,0x00,0x00,0xd3,0xe6,0x03,
  0xf7,0x56,0x50,0xe8,0x07,0x02,0x43,0x32,0x83,0xc4,0x08,0x03,0xf0,0x03,0xf8,0x89,
  0x43,0x0c,0x89,0x73,0x10,0x8b,0x53,0x04,0xc1,0xe2,0x08,0x8b,0x43,0x14,0xc1,0xe0,
  0x08,0x89,0x43,0x14,0x89,0x53,0x04,0x81,0xfa,0x00,0x00,0x00,0x01,0x72,0xac,0xe9,
  0xe9,0x00,0x00,0x00,0x8b,0xc8,0xc1,0xe9,0x06,0x2b,0xc1,0x66,0x89,0x44,0x7d,0x00,
  0x89,0x2c,0x24,0x8b,0x7b,0x14,0x8b,0x6c,0x24,0x04,0x8b,0x43,0x04,0x2b,0xc5,0x89,
  0x43,0x04,0x8d,0x4c,0x3d,0x00,0x89,0x4b,0x14,0x8b,0x2c,0x24,0x3b,0xf9,0x76,0x54,
  0x8b,0x4b,0x08,0x49,0x8b,0xf9,0x0f,0xb6,0x01,0x3d,0xff,0x00,0x00,0x00,0x75,0x3e,
  0x89,0x5c,0x24,0x14,0x33,0xc9,0x89,0x54,0x24,0x04,0x41,0x8d,0x1c,0x09,0xf7,0xdb,
  0x03,0xdf,0x0f,0xb6,0x43,0x01,0x8d,0x53,0x01,0xc6,0x43,0x02,0x00,0x3d,0xff,0x00,
  0x00,0x00,0x75,0x10,0x0f,0xb6,0x03,0x8b,0xd3,0xc6,0x43,0x01,0x00,0x3d,0xff,0x00,
  0x00,0x00,0x74,0xd6,0x8b,0xca,0x8b,0x5c,0x24,0x14,0x8b,0x54,0x24,0x04,0x40,0x88,
  0x01,0x8b,0x43,0x04,0x3d,0x00,0x00,0x00,0x01,0x73,0x6d,0x8b,0x43,0x14,0x8b,0x7b,
  0x08,0x89,0x74,0x24,0x1c,0x89,0x54,0x24,0x04,0xc1,0xe8,0x18,0x88,0x07,0x47,0x3b,
  0x7b,0x10,0x72,0x2f,0x8b,0x43,0x0c,0x2b,0xf8,0x75,0x04,0x33,0xc9,0xeb,0x04,0x0f,
  0xbd,0xcf,0x41,0x83,0xc1,0x1e,0xbe,0x01,0x00,0x00,0x00,0xd3,0xe6,0x03,0xf7,0x56,
  0x50,0xe8,0x07,0x02,0x43,0x32,0x83,0xc4,0x08,0x03,0xf0,0x03,0xf8,0x89,0x43,0x0c,
  0x89,0x73,0x10,0x8b,0x53,0x04,0xc1,0xe2,0x08,0x8b,0x43,0x14,0xc1,0xe0,0x08,0x89,
  0x43,0x14,0x89,0x53,0x04,0x81,0xfa,0x00,0x00,0x00,0x01,0x72,0xac,0x8b,0x74,0x24,
  0x1c,0x8b,0x54,0x24,0x04,0x89,0x7b,0x08,0x85,0xf6,0x0f,0x84,0xe3,0x05,0x00,0x00,
  0x78,0x09,0xc7,0x04,0x24,0x00,0x00,0x00,0x00,0xeb,0x09,0xc7,0x04,0x24,0x01,0x00,
  0x00,0x00,0xf7,0xde,0x0f,0xb6,0x4a,0x09,0x8b,0x04,0x24,0x88,0x42,0x09,0x89,0x4c,
  0x24,0x08,0x0f,0xb7,0x4c,0x4d,0x08,0x0f,0xb7,0x7b,0x06,0x0f,0xaf,0xf9,0x85,0xc0,
  0x0f,0x85,0x8a,0x00,0x00,0x00,0x8b,0xc1,0xf7,0xd8,0x05,0xff,0xff,0x00,0x00,0xc1,
  0xe8,0x06,0x03,0xc8,0x8b,0x44,0x24,0x08,0x66,0x89,0x4c,0x45,0x08,0x89,0x7b,0x04,
  0x81,0xff,0x00,0x00,0x00,0x01,0x0f,0x83,0x41,0x01,0x00,0x00,0x8b,0x6b,0x08,0x8b,
  0x43,0x14,0x89,0x54,0x24,0x04,0xc1,0xe8,0x18,0x88,0x45,0x00,0x45,0x3b,0x6b,0x10,
  0x72,0x2f,0x8b,0x43,0x0c,0x2b,0xe8,0x75,0x04,0x33,0xc9,0xeb,0x04,0x0f,0xbd,0xcd,
  0x41,0x83,0xc1,0x1e,0xbf,0x01,0x00,0x00,0x00,0xd3,0xe7,0x03,0xfd,0x57,0x50,0xe8,
  0x07,0x02,0x43,0x32,0x83,0xc4,0x08,0x03,0xf8,0x03,0xe8,0x89,0x43,0x0c,0x89,0x7b,
  0x10,0x8b,0x7b,0x04,0xc1,0xe7,0x08,0x8b,0x43,0x14,0xc1,0xe0,0x08,0x89,0x43,0x14,
  0x89,0x7b,0x04,0x81,0xff,0x00,0x00,0x00,0x01,0x72,0xab,0xe9,0xd6,0x00,0x00,0x00,
  0x8b,0xc1,0xc1,0xe8,0x06,0x2b,0xc8,0x8b,0x44,0x24,0x08,0x66,0x89,0x4c,0x45,0x08,
  0x8b,0x4b,0x14,0x8d,0x2c,0x0f,0xf7,0xdf,0x03,0x7b,0x04,0x89,0x6b,0x14,0x89,0x7b,
  0x04,0x3b,0xcd,0x76,0x4a,0x8b,0x7b,0x08,0x4f,0x8b,0xef,0x0f,0xb6,0x07,0x3d,0xff,
  0x00,0x00,0x00,0x75,0x34,0x89,0x54,0x24,0x04,0x33,0xc9,0x41,0x8d,0x14,0x09,0xf7,
  0xda,0x03,0xd5,0x0f,0xb6,0x42,0x01,0x8d,0x7a,0x01,0xc6,0x42,0x02,0x00,0x3d,0xff,
  0x00,0x00,0x00,0x75,0x10,0x0f,0xb6,0x02,0x8b,0xfa,0xc6,0x42,0x01,0x00,0x3d,0xff,
  0x00,0x00,0x00,0x74,0xd6,0x8b,0x54,0x24,0x04,0x40,0x88,0x07,0x8b,0x7b,0x04,0x81,
  0xff,0x00,0x00,0x00,0x01,0x73,0x66,0x8b,0x6b,0x08,0x8b,0x43,0x14,0x89,0x54,0x24,
  0x04,0xc1,0xe8,0x18,0x88,0x45,0x00,0x45,0x3b,0x6b,0x10,0x72,0x2f,0x8b,0x43,0x0c,
  0x2b,0xe8,0x75,0x04,0x33,0xc9,0xeb,0x04,0x0f,0xbd,0xcd,0x41,0x83,0xc1,0x1e,0xbf,
  0x01,0x00,0x00,0x00,0xd3,0xe7,0x03,0xfd,0x57,0x50,0xe8,0x07,0x02,0x43,0x32,0x83,
  0xc4,0x08,0x03,0xf8,0x03,0xe8,0x89,0x43,0x0c,0x89,0x7b,0x10,0x8b,0x7b,0x04,0xc1,
  0xe7,0x08,0x8b,0x43,0x14,0xc1,0xe0,0x08,0x89,0x43,0x14,0x89,0x7b,0x04,0x81,0xff,
  0x00,0x00,0x00,0x01,0x72,0xab,0x8b,0x54,0x24,0x04,0x89,0x6b,0x08,0x85,0xf6,0x75,
  0x04,0x33,0xc0,0xeb,0x04,0x0f,0xbd,0xc6,0x40,0x0f,0xb6,0x4a,0x0a,0xc1,0xe1,0x06,
  0xc7,0x44,0x24,0x0c,0x01,0x00,0x00,0x00,0xc7,0x04,0x24,0x00,0x00,0x00,0x00,0x89,
  0x74,0x24,0x1c,0x89,0x54,0x24,0x04,0x8d,0x6c,0x11,0x0c,0x89,0x6c,0x24,0x18,0x8d,
  0x48,0xff,0x89,0x4c,0x24,0x10,0x89,0x44,0x24,0x08,0x8b,0x14,0x24,0x8b,0x74,0x24,
  0x0c,0x8b,0xca,0x8b,0x44,0x24,0x18,0xf7,0xd9,0x83,0xc1,0x04,0x8b,0x6c,0x24,0x10,
  0xc1,0xef,0x10,0xd3,0xed,0x0f,0xb7,0x44,0x70,0x28,0x0f,0xaf,0xf8,0x83,0xe5,0x01,
  0x0f,0x85,0x9d,0x00,0x00,0x00,0x8b,0xc8,0xf7,0xd9,0x81,0xc1,0xff,0xff,0x00,0x00,
  0xc1,0xe9,0x06,0x03,0xc1,0x8b,0x4c,0x24,0x18,0x66,0x89,0x44,0x71,0x28,0x89,0x7b,
  0x04,0x81,0xff,0x00,0x00,0x00,0x01,0x0f,0x83,0x66,0x01,0x00,0x00,0x8b,0x43,0x14,
  0x8b,0x4b,0x08,0x8b,0xf9,0x89,0x14,0x24,0x89,0x74,0x24,0x0c,0xc1,0xe8,0x18,0x88,
  0x07,0x47,0x3b,0x7b,0x10,0x72,0x2f,0x8b,0x43,0x0c,0x2b,0xf8,0x75,0x04,0x33,0xc9,
  0xeb,0x04,0x0f,0xbd,0xcf,0x41,0x83,0xc1,0x1e,0xbe,0x01,0x00,0x00,0x00,0xd3,0xe6,
  0x03,0xf7,0x56,0x50,0xe8,0x07,0x02,0x43,0x32,0x83,0xc4,0x08,0x03,0xf0,0x03,0xf8,
  0x89,0x43,0x0c,0x89,0x73,0x10,0x8b,0x53,0x04,0xc1,0xe2,0x08,0x8b,0x43,0x14,0xc1,
  0xe0,0x08,0x89,0x43,0x14,0x89,0x53,0x04,0x81,0xfa,0x00,0x00,0x00,0x01,0x72,0xac,
  0x8b,0xcf,0x8b,0xfa,0x8b,0x14,0x24,0x8b,0x74,0x24,0x0c,0x89,0x4b,0x08,0xe9,0xf0,
  0x00,0x00,0x00,0x8b,0xc8,0xc1,0xe9,0x06,0x2b,0xc1,0x8b,0x4c,0x24,0x18,0x66,0x89,
  0x44,0x71,0x28,0x8b,0x43,0x14,0x8d,0x0c,0x07,0xf7,0xdf,0x03,0x7b,0x04,0x89,0x4b,
  0x14,0x89,0x7b,0x04,0x3b,0xc1,0x76,0x54,0x8b,0x4b,0x08,0x49,0x8b,0xf9,0x0f,0xb6,
  0x01,0x3d,0xff,0x00,0x00,0x00,0x75,0x3e,0x89,0x74,0x24,0x0c,0x33,0xc9,0x89,0x5c,
  0x24,0x14,0x41,0x8d,0x34,0x09,0xf7,0xde,0x03,0xf7,0x0f,0xb6,0x46,0x01,0x8d,0x5e,
  0x01,0xc6,0x46,0x02,0x00,0x3d,0xff,0x00,0x00,0x00,0x75,0x10,0x0f,0xb6,0x06,0x8b,
  0xde,0xc6,0x46,0x01,0x00,0x3d,0xff,0x00,0x00,0x00,0x74,0xd6,0x8b,0xcb,0x8b,0x74,
  0x24,0x0c,0x8b,0x5c,0x24,0x14,0x40,0x88,0x01,0x8b,0x7b,0x04,0x81,0xff,0x00,0x00,
  0x00,0x01,0x73,0x6f,0x8b,0x43,0x14,0x8b,0x4b,0x08,0x89,0x14,0x24,0x89,0x74,0x24,
  0x0c,0x8b,0xf1,0xc1,0xe8,0x18,0x88,0x06,0x46,0x3b,0x73,0x10,0x72,0x2f,0x8b,0x43,
  0x0c,0x2b,0xf0,0x75,0x04,0x33,0xc9,0xeb,0x04,0x0f,0xbd,0xce,0x41,0x83,0xc1,0x1e,
  0xbf,0x01,0x00,0x00,0x00,0xd3,0xe7,0x03,0xfe,0x57,0x50,0xe8,0x07,0x02,0x43,0x32,
  0x83,0xc4,0x08,0x03,0xf8,0x03,0xf0,0x89,0x43,0x0c,0x89,0x7b,0x10,0x8b,0x7b,0x04,
  0xc1,0xe7,0x08,0x8b,0x43,0x14,0xc1,0xe0,0x08,0x89,0x43,0x14,0x89,0x7b,0x04,0x81,
  0xff,0x00,0x00,0x00,0x01,0x72,0xac,0x8b,0xce,0x8b,0x14,0x24,0x8b,0x74,0x24,0x0c,
  0x89,0x4b,0x08,0x03,0xf6,0x42,0x0b,0xf5,0x83,0xfa,0x05,0x0f,0x82,0x40,0xfe,0xff,
  0xff,0x8b,0x44,0x24,0x08,0x8b,0xc8,0xc1,0xe1,0x05,0x83,0x7c,0x24,0x40,0x00,0x8b,
  0x54,0x24,0x04,0x8b,0x74,0x24,0x1c,0x8d,0xac,0x11,0x14,0x08,0x00,0x00,0x8d,0x8a,
  0x34,0x08,0x00,0x00,0x0f,0x45,0xcd,0x89,0x4c,0x24,0x24,0x8b,0xc8,0x83,0xc1,0xfe,
  0x0f,0x88,0x0f,0x02,0x00,0x00,0xc7,0x04,0x24,0x00,0x00,0x00,0x00,0x8d,0x68,0xff,
  0x89,0x54,0x24,0x04,0x89,0x6c,0x24,0x20,0xbd,0x01,0x00,0x00,0x00,0x89,0x44,0x24,
  0x08,0x89,0x74,0x24,0x1c,0x89,0x5c,0x24,0x14,0x8b,0x14,0x24,0x8b,0x44,0x24,0x24,
  0x8b,0x5c,0x24,0x1c,0xc1,0xef,0x10,0xd3,0xeb,0x0f,0xb7,0x04,0x68,0x0f,0xaf,0xf8,
  0x83,0xe3,0x01,0x0f,0x85,0x98,0x00,0x00,0x00,0x8b,0xf0,0xf7,0xde,0x81,0xc6,0xff,
  0xff,0x00,0x00,0xc1,0xee,0x06,0x03,0xc6,0x8b,0x74,0x24,0x24,0x66,0x89,0x04,0x6e,
  0x8b,0x44,0x24,0x14,0x89,0x78,0x04,0x81,0xff,0x00,0x00,0x00,0x01,0x0f,0x83,0x7e,
  0x01,0x00,0x00,0x8b,0xf8,0x89,0x14,0x24,0x89,0x6c,0x24,0x0c,0x8b,0xef,0x8b,0x47,
  0x14,0x8b,0x77,0x08,0x89,0x4c,0x24,0x10,0xc1,0xe8,0x18,0x88,0x06,0x46,0x3b,0x75,
  0x10,0x72,0x2f,0x8b,0x45,0x0c,0x2b,0xf0,0x75,0x04,0x33,0xc9,0xeb,0x04,0x0f,0xbd,
  0xce,0x41,0x83,0xc1,0x1e,0xbf,0x01,0x00,0x00,0x00,0xd3,0xe7,0x03,0xfe,0x57,0x50,
  0xe8,0x07,0x02,0x43,0x32,0x83,0xc4,0x08,0x03,0xf8,0x03,0xf0,0x89,0x45,0x0c,0x89,
  0x7d,0x10,0x8b,0x7d,0x04,0xc1,0xe7,0x08,0x8b,0x45,0x14,0xc1,0xe0,0x08,0x89,0x45,
  0x14,0x89,0x7d,0x04,0x81,0xff,0x00,0x00,0x00,0x01,0x72,0xac,0xe9,0xfc,0x00,0x00,
  0x00,0x8b,0x74,0x24,0x24,0x89,0x5c,0x24,0x18,0x8b,0xd8,0xc1,0xeb,0x06,0x2b,0xc3,
  0x66,0x89,0x04,0x6e,0x8b,0x74,0x24,0x14,0x8b,0x46,0x14,0x8d,0x1c,0x07,0xf7,0xdf,
  0x03,0x7e,0x04,0x89,0x5e,0x14,0x89,0x7e,0x04,0x3b,0xc3,0x8b,0x5c,0x24,0x18,0x76,
  0x59,0x8b,0x76,0x08,0x4e,0x8b,0xfe,0x0f,0xb6,0x06,0x3d,0xff,0x00,0x00,0x00,0x75,
  0x3f,0x89,0x6c,0x24,0x0c,0x33,0xf6,0x89,0x4c,0x24,0x10,0x46,0x8d,0x2c,0x36,0xf7,
  0xdd,0x03,0xef,0x0f,0xb6,0x45,0x01,0x8d,0x4d,0x01,0xc6,0x45,0x02,0x00,0x3d,0xff,
  0x00,0x00,0x00,0x75,0x11,0x0f,0xb6,0x45,0x00,0x8b,0xcd,0xc6,0x45,0x01,0x00,0x3d,
  0xff,0x00,0x00,0x00,0x74,0xd5,0x8b,0xf1,0x8b,0x6c,0x24,0x0c,0x8b,0x4c,0x24,0x10,
  0x40,0x88,0x06,0x8b,0x74,0x24,0x14,0x8b,0x7e,0x04,0x81,0xff,0x00,0x00,0x00,0x01,
  0x73,0x7f,0x8b,0xc6,0x89,0x6c,0x24,0x0c,0x89,0x14,0x24,0x8b,0x70,0x08,0x8b,0x40,
  0x14,0x89,0x4c,0x24,0x10,0x8b,0x6c,0x24,0x14,0xc1,0xe8,0x18,0x88,0x06,0x46,0x3b,
  0x75,0x10,0x72,0x2f,0x8b,0x45,0x0c,0x2b,0xf0,0x75,0x04,0x33,0xc9,0xeb,0x04,0x0f,
  0xbd,0xce,0x41,0x83,0xc1,0x1e,0xbf,0x01,0x00,0x00,0x00,0xd3,0xe7,0x03,0xfe,0x57,
  0x50,0xe8,0x07,0x02,0x43,0x32,0x83,0xc4,0x08,0x03,0xf8,0x03,0xf0,0x89,0x45,0x0c,
  0x89,0x7d,0x10,0x8b,0x7d,0x04,0xc1,0xe7,0x08,0x8b,0x45,0x14,0xc1,0xe0,0x08,0x89,
  0x45,0x14,0x89,0x7d,0x04,0x81,0xff,0x00,0x00,0x00,0x01,0x72,0xac,0x89,0x6c,0x24,
  0x14,0x8b,0xc5,0x8b,0x14,0x24,0x8b,0x6c,0x24,0x0c,0x8b,0x4c,0x24,0x10,0x89,0x70,
  0x08,0x42,0x8d,0x04,0x6b,0x83,0xe0,0x0f,0x83,0xfd,0x08,0x0f,0x42,0xe8,0x49,0x3b,
  0x54,0x24,0x20,0x0f,0x82,0x23,0xfe,0xff,0xff,0x8b,0x44,0x24,0x08,0x8b,0x54,0x24,
  0x04,0xeb,0x02,0x33,0xc0,0x88,0x42,0x0a,0x33,0xc0,0x83,0xc4,0x28,0x5d,0x5b,0x5f,
  0x5e,0xc2,0x0c,0x00,0x0f,0x1f,0x44,0x00,0x00,0x0f,0x1f,0x80,0x00,0x00,0x00,0x00,
  0x56,0x57,0x53,0x55,0x83,0xec,0x0c,0x8b,0xf1,0x8b,0xea,0x85,0xf6,0x74,0x1a,0x8b,
  0x4c,0x24,0x20,0xe8,0x07,0x01,0x85,0xac,0x0f,0xb6,0xd8,0x83,0xfe,0x02,0x0f,0x84,
  0x19,0x01,0x00,0x00,0xe9,0x08,0x01,0x00,0x00,0x8b,0x44,0x24,0x24,0x8b,0xcd,0x0f,
  0xb6,0x58,0x08,0x8d,0x54,0x58,0x0c,0xe8,0x07,0x00,0x28,0xbc,0x8b,0xf0,0x8b,0x54,
  0x24,0x24,0x8d,0x04,0x5e,0x83,0xe0,0x03,0x88,0x42,0x08,0x85,0xf6,0x0f,0x84,0xa3,
  0x00,0x00,0x00,0x8b,0x44,0x24,0x24,0x8b,0xcd,0x0f,0xb6,0x58,0x09,0x8d,0x54,0x58,
  0x14,0xe8,0x07,0x00,0x28,0xbc,0x8b,0xd8,0x8b,0x7c,0x24,0x24,0x8b,0xd3,0x83,0xe2,
  0x01,0x8b,0xcd,0x0f,0xb6,0x77,0x0a,0x88,0x57,0x09,0x8d,0x7c,0xf7,0x34,0x8d,0x57,
  0x02,0xe8,0x07,0x00,0x28,0xbc,0x8b,0xcd,0x8d,0x74,0x00,0x04,0x03,0xfe,0x8b,0xd7,
  0xe8,0x07,0x00,0x28,0xbc,0x8b,0xf8,0x03,0xfe,0x83,0xe7,0x03,0x8b,0x54,0x24,0x24,
  0x8d,0x47,0x01,0x8d,0xb4,0xba,0x34,0x08,0x00,0x00,0x89,0x74,0x24,0x08,0xbe,0x01,
  0x00,0x00,0x00,0x4f,0x7c,0x36,0x8b,0x54,0x24,0x24,0x83,0x7c,0x24,0x2c,0x00,0x89,
  0x1c,0x24,0x89,0x44,0x24,0x04,0x8d,0x92,0x34,0x08,0x00,0x00,0x0f,0x45,0x54,0x24,
  0x08,0x83,0xc2,0x02,0x8b,0xda,0x8b,0xcd,0x8b,0xd3,0xe8,0x07,0x00,0x28,0xbc,0x4f,
  0x8d,0x34,0x70,0x79,0xf1,0x8b,0x1c,0x24,0x8b,0x44,0x24,0x04,0x8b,0xd3,0xf7,0xda,
  0x33,0xf2,0x03,0xde,0xeb,0x04,0x33,0xc0,0x33,0xdb,0x8b,0x54,0x24,0x24,0x83,0x7c,
  0x24,0x30,0x00,0x88,0x42,0x0a,0x74,0x1b,0x8b,0x54,0x24,0x30,0x83,0xfa,0x01,0x7e,
  0x0a,0x8b,0x54,0x24,0x24,0x03,0x5a,0x04,0x89,0x5a,0x04,0x8b,0x54,0x24,0x24,0x03,
  0x1a,0x89,0x1a,0x8b,0x54,0x24,0x20,0x8b,0xea,0x8b,0x4a,0x74,0x88,0x19,0xff,0x45,
  0x74,0x8b,0xc3,0x83,0xc4,0x0c,0x5d,0x5b,0x5f,0x5e,0xc2,0x14,0x00,0xff,0x74,0x24,
  0x30,0xff,0x74,0x24,0x30,0x53,0x8b,0xcd,0x8b,0x54,0x24,0x30,0xe8,0x07,0x00,0x8a,
  0x3c,0x8b,0x54,0x24,0x28,0x83,0x04,0x95,0x00,0x03,0x95,0xe0,0x08,0xeb,0xd2,0x90,
  0x56,0x57,0x53,0x55,0x8b,0xd9,0x8b,0x44,0x24,0x14,0x8b,0xea,0x8b,0x73,0x04,0x8b,
  0x7b,0x08,0x03,0xc6,0x3b,0xc7,0x76,0x37,0x8b,0x03,0x2b,0xf8,0x2b,0xf0,0x81,0xff,
  0x00,0x00,0x00,0x01,0x73,0x04,0x03,0xff,0xeb,0x0f,0x0f,0xbd,0xcf,0x83,0xc1,0x1f,
  0xba,0x01,0x00,0x00,0x00,0xd3,0xe2,0x03,0xfa,0x57,0x50,0xe8,0x07,0x02,0x43,0x32,
  0x83,0xc4,0x08,0x03,0xf8,0x03,0xf0,0x89,0x03,0x89,0x7b,0x08,0x89,0x73,0x04,0xff,
  0x74,0x24,0x14,0x55,0x56,0xe8,0x07,0x01,0xfc,0xfc,0x83,0xc4,0x0c,0x8b,0x44,0x24,
  0x14,0x01,0x43,0x04,0x5d,0x5b,0x5f,0x5e,0xc2,0x04,0x00,0x0f,0x1f,0x44,0x00,0x00,
  0x57,0x53,0x55,0x8b,0xe9,0x8b,0x5c,0x24,0x10,0x8b,0xfa,0x3b,0x9d,0xcc,0x06,0x00,
  0x00,0x77,0x08,0x8b,0x85,0xc4,0x06,0x00,0x00,0xeb,0x26,0x8d,0x83,0xff,0x00,0x00,
  0x00,0x25,0x00,0xff,0xff,0xff,0x50,0xff,0xb5,0xc4,0x06,0x00,0x00,0x89,0x85,0xcc,
  0x06,0x00,0x00,0xe8,0x07,0x02,0x43,0x32,0x83,0xc4,0x08,0x89,0x85,0xc4,0x06,0x00,
  0x00,0x53,0x57,0x50,0x89,0x85,0xc0,0x06,0x00,0x00,0x03,0xc3,0x89,0x85,0xc8,0x06,
  0x00,0x00,0xe8,0x07,0x01,0xfc,0xfc,0x83,0xc4,0x0c,0x5d,0x5b,0x5f,0xc2,0x04,0x00,
  0x53,0x55,0x8b,0x59,0x10,0x2b,0xda,0x4b,0x78,0x1b,0xc1,0xe3,0x04,0x8b,0x51,0x0c,
  0x8b,0x6c,0x24,0x0c,0x8b,0x44,0x13,0x04,0x89,0x45,0x00,0x8b,0x01,0x03,0x04,0x13,
  0x5d,0x5b,0xc2,0x04,0x00,0x33,0xc0,0x5d,0x5b,0xc2,0x04,0x00,0x0f,0x1f,0x40,0x00,
  0x56,0x57,0x53,0x55,0x83,0xec,0x14,0x8b,0xf2,0x8b,0xe9,0x0f,0xb6,0x5e,0x08,0x8d,
  0x54,0x5e,0x0c,0xe8,0x07,0x00,0x28,0xbc,0x8b,0xd0,0x8d,0x04,0x5a,0x83,0xe0,0x03,
  0x88,0x46,0x08,0x85,0xd2,0x0f,0x84,0xce,0x00,0x00,0x00,0x0f,0xb6,0x5e,0x0a,0x8b,
  0xcd,0xc1,0xe3,0x06,0x8d,0x5c,0x33,0x34,0x8d,0x53,0x02,0xe8,0x07,0x00,0x28,0xbc,
  0x8b,0xcd,0x8d,0x44,0x00,0x04,0x89,0x04,0x24,0x8d,0x14,0x03,0xe8,0x07,0x00,0x28,
  0xbc,0x8b,0xf8,0x03,0x3c,0x24,0x8b,0xcd,0x8d,0x14,0x7b,0xe8,0x07,0x00,0x28,0xbc,
  0x8b,0xcd,0x8d,0x3c,0x78,0x8d,0x14,0x7b,0xe8,0x07,0x00,0x28,0xbc,0x8b,0xcd,0x8d,
  0x3c,0x78,0x8d,0x14,0x7b,0xe8,0x07,0x00,0x28,0xbc,0x8d,0x04,0x78,0x83,0xe0,0x1f,
  0x8d,0x58,0x01,0x8d,0xbc,0xc6,0x34,0x08,0x00,0x00,0x48,0x89,0x44,0x24,0x08,0x0f,
  0x8c,0x80,0x00,0x00,0x00,0x8b,0xcd,0x8d,0x57,0x02,0xe8,0x07,0x00,0x28,0xbc,0x8b,
  0xc8,0x89,0x1c,0x24,0x8d,0x41,0x02,0xba,0x02,0x00,0x00,0x00,0x8b,0xd8,0x89,0x74,
  0x24,0x04,0x8b,0xc2,0x8b,0xd7,0x8b,0xfb,0x8b,0x5c,0x24,0x08,0xeb,0x08,0x8b,0x44,
  0x24,0x0c,0x8b,0x54,0x24,0x08,0x03,0xc1,0x8b,0xf0,0x83,0xe6,0x03,0x89,0x54,0x24,
  0x08,0x8d,0x04,0x36,0x89,0x44,0x24,0x0c,0x8d,0x0c,0x72,0x89,0x4c,0x24,0x10,0x4b,
  0x78,0x28,0x8b,0xcd,0x8b,0x54,0x24,0x10,0xe8,0x07,0x00,0x28,0xbc,0x8b,0xc8,0x8d,
  0x3c,0x79,0x83,0xfe,0x02,0x73,0xe8,0xeb,0xc5,0x33,0xdb,0x33,0xc0,0x88,0x5e,0x0a,
  0x83,0xc4,0x14,0x5d,0x5b,0x5f,0x5e,0xc2,0x08,0x00,0x8b,0x1c,0x24,0x8b,0xc7,0x8b,
  0x74,0x24,0x04,0xeb,0xe8,0x07,0x01,0x51,0x4d,0x00,0xeb,0xe1,0x0f,0x1f,0x40,0x00,
  0x56,0x57,0x53,0x55,0x83,0xec,0x28,0x8b,0xf9,0x8b,0x4c,0x24,0x44,0x8b,0x5c,0x24,
  0x3c,0x85,0xc9,0x74,0x13,0x8b,0xc3,0x2b,0x1a,0x89,0x02,0x83,0xf9,0x01,0x7e,0x08,
  0x8b,0xc3,0x2b,0x5a,0x04,0x89,0x42,0x04,0x33,0xc0,0x85,0xdb,0x0f,0xb6,0x6a,0x08,
  0x8d,0x72,0x0c,0x0f,0x97,0xc0,0x89,0x34,0x24,0x8d,0x0c,0x68,0x83,0xe1,0x03,0x88,
  0x4a,0x08,0x0f,0xb7,0x04,0x6e,0x0f,0xb7,0x77,0x06,0x0f,0xaf,0xf0,0x85,0xdb,0x0f,
  0x85,0x89,0x00,0x00,0x00,0x8b,0xc8,0xf7,0xd9,0x81,0xc1,0xff,0xff,0x00,0x00,0xc1,
  0xe9,0x06,0x03,0xc1,0x8b,0x0c,0x24,0x66,0x89,0x04,0x69,0x89,0x77,0x04,0x81,0xfe,
  0x00,0x00,0x00,0x01,0x0f,0x83,0x3f,0x01,0x00,0x00,0x8b,0x6f,0x08,0x8b,0x47,0x14,
  0x89,0x54,0x24,0x04,0xc1,0xe8,0x18,0x88,0x45,0x00,0x45,0x3b,0x6f,0x10,0x72,0x2f,
  0x8b,0x47,0x0c,0x2b,0xe8,0x75,0x04,0x33,0xc9,0xeb,0x04,0x0f,0xbd,0xcd,0x41,0x83,
  0xc1,0x1e,0xbe,0x01,0x00,0x00,0x00,0xd3,0xe6,0x03,0xf5,0x56,0x50,0xe8,0x07,0x02,
  0x43,0x32,0x83,0xc4,0x08,0x03,0xf0,0x03,0xe8,0x89,0x47,0x0c,0x89,0x77,0x10,0x8b,
  0x77,0x04,0xc1,0xe6,0x08,0x8b,0x47,0x14,0xc1,0xe0,0x08,0x89,0x47,0x14,0x89,0x77,
  0x04,0x81,0xfe,0x00,0x00,0x00,0x01,0x72,0xab,0xe9,0xd4,0x00,0x00,0x00,0x8b,0xc8,
  0xc1,0xe9,0x06,0x2b,0xc1,0x8b,0x0c,0x24,0x66,0x89,0x04,0x69,0x8b,0x47,0x14,0x8d,
  0x2c,0x06,0xf7,0xde,0x03,0x77,0x04,0x89,0x6f,0x14,0x89,0x77,0x04,0x3b,0xc5,0x76,
  0x4a,0x8b,0x77,0x08,0x4e,0x8b,0xee,0x0f,0xb6,0x06,0x3d,0xff,0x00,0x00,0x00,0x75,
  0x34,0x89,0x54,0x24,0x04,0x33,0xc9,0x41,0x8d,0x14,0x09,0xf7,0xda,0x03,0xd5,0x0f,
  0xb6,0x42,0x01,0x8d,0x72,0x01,0xc6,0x42,0x02,0x00,0x3d,0xff,0x00,0x00,0x00,0x75,
  0x10,0x0f,0xb6,0x02,0x8b,0xf2,0xc6,0x42,0x01,0x00,0x3d,0xff,0x00,0x00,0x00,0x74,
  0xd6,0x8b,0x54,0x24,0x04,0x40,0x88,0x06,0x8b,0x77,0x04,0x81,0xfe,0x00,0x00,0x00,
  0x01,0x73,0x66,0x8b,0x6f,0x08,0x8b,0x47,0x14,0x89,0x54,0x24,0x04,0xc1,0xe8,0x18,
  0x88,0x45,0x00,0x45,0x3b,0x6f,0x10,0x72,0x2f,0x8b,0x47,0x0c,0x2b,0xe8,0x75,0x04,
  0x33,0xc9,0xeb,0x04,0x0f,0xbd,0xcd,0x41,0x83,0xc1,0x1e,0xbe,0x01,0x00,0x00,0x00,
  0xd3,0xe6,0x03,0xf5,0x56,0x50,0xe8,0x07,0x02,0x43,0x32,0x83,0xc4,0x08,0x03,0xf0,
  0x03,0xe8,0x89,0x47,0x0c,0x89,0x77,0x10,0x8b,0x77,0x04,0xc1,0xe6,0x08,0x8b,0x47,
  0x14,0xc1,0xe0,0x08,0x89,0x47,0x14,0x89,0x77,0x04,0x81,0xfe,0x00,0x00,0x00,0x01,
  0x72,0xab,0x8b,0x54,0x24,0x04,0x89,0x6f,0x08,0x85,0xdb,0x0f,0x84,0x38,0x04,0x00,
  0x00,0x75,0x04,0x33,0xc0,0xeb,0x04,0x0f,0xbd,0xc3,0x40,0x0f,0xb6,0x4a,0x0a,0xc1,
  0xe1,0x06,0xc7,0x04,0x24,0x00,0x00,0x00,0x00,0x89,0x54,0x24,0x04,0x89,0x44,0x24,
  0x08,0x89,0x5c,0x24,0x1c,0x8d,0x6c,0x11,0x0c,0x89,0x6c,0x24,0x10,0xb9,0x01,0x00,
  0x00,0x00,0x8b,0x14,0x24,0x8d,0x68,0xff,0x89,0x6c,0x24,0x18,0x8b,0xdf,0x8b,0xf9,
  0x8b,0xca,0x8b,0x44,0x24,0x10,0xf7,0xd9,0x83,0xc1,0x04,0x8b,0x6c,0x24,0x18,0xc1,
  0xee,0x10,0xd3,0xed,0x0f,0xb7,0x44,0x78,0x28,0x0f,0xaf,0xf0,0x83,0xe5,0x01,0x0f,
  0x85,0x8f,0x00,0x00,0x00,0x8b,0xc8,0xf7,0xd9,0x81,0xc1,0xff,0xff,0x00,0x00,0xc1,
  0xe9,0x06,0x03,0xc1,0x8b,0x4c,0x24,0x10,0x66,0x89,0x44,0x79,0x28,0x89,0x73,0x04,
  0x81,0xfe,0x00,0x00,0x00,0x01,0x0f,0x83,0x5a,0x01,0x00,0x00,0x8b,0x43,0x14,0x8b,
  0x4b,0x08,0x8b,0xf1,0x89,0x14,0x24,0x89,0x7c,0x24,0x0c,0xc1,0xe8,0x18,0x88,0x06,
  0x46,0x3b,0x73,0x10,0x72,0x2f,0x8b,0x43,0x0c,0x2b,0xf0,0x75,0x04,0x33,0xc9,0xeb,
  0x04,0x0f,0xbd,0xce,0x41,0x83,0xc1,0x1e,0xbf,0x01,0x00,0x00,0x00,0xd3,0xe7,0x03,
  0xfe,0x57,0x50,0xe8,0x07,0x02,0x43,0x32,0x83,0xc4,0x08,0x03,0xf8,0x03,0xf0,0x89,
  0x43,0x0c,0x89,0x7b,0x10,0x8b,0x53,0x04,0xc1,0xe2,0x08,0x8b,0x43,0x14,0xc1,0xe0,
  0x08,0x89,0x43,0x14,0x89,0x53,0x04,0x81,0xfa,0x00,0x00,0x00,0x01,0x72,0xac,0xe9,
  0xe4,0x00,0x00,0x00,0x8b,0xc8,0xc1,0xe9,0x06,0x2b,0xc1,0x8b,0x4c,0x24,0x10,0x66,
  0x89,0x44,0x79,0x28,0x8b,0x43,0x14,0x8d,0x0c,0x06,0xf7,0xde,0x03,0x73,0x04,0x89,
  0x4b,0x14,0x89,0x73,0x04,0x3b,0xc1,0x76,0x54,0x8b,0x4b,0x08,0x49,0x8b,0xf1,0x0f,
  0xb6,0x01,0x3d,0xff,0x00,0x00,0x00,0x75,0x3e,0x89,0x7c,0x24,0x0c,0x33,0xc9,0x89,
  0x5c,0x24,0x14,0x41,0x8d,0x3c,0x09,0xf7,0xdf,0x03,0xfe,0x0f,0xb6,0x47,0x01,0x8d,
  0x5f,0x01,0xc6,0x47,0x02,0x00,0x3d,0xff,0x00,0x00,0x00,0x75,0x10,0x0f,0xb6,0x07,
  0x8b,0xdf,0xc6,0x47,0x01,0x00,0x3d,0xff,0x00,0x00,0x00,0x74,0xd6,0x8b,0xcb,0x8b,
  0x7c,0x24,0x0c,0x8b,0x5c,0x24,0x14,0x40,0x88,0x01,0x8b,0x73,0x04,0x81,0xfe,0x00,
  0x00,0x00,0x01,0x73,0x71,0x8b,0x43,0x14,0x8b,0x4b,0x08,0x8b,0xf1,0x89,0x14,0x24,
  0x89,0x7c,0x24,0x0c,0xc1,0xe8,0x18,0x88,0x06,0x46,0x3b,0x73,0x10,0x72,0x2f,0x8b,
  0x43,0x0c,0x2b,0xf0,0x75,0x04,0x33,0xc9,0xeb,0x04,0x0f,0xbd,0xce,0x41,0x83,0xc1,
  0x1e,0xbf,0x01,0x00,0x00,0x00,0xd3,0xe7,0x03,0xfe,0x57,0x50,0xe8,0x07,0x02,0x43,
  0x32,0x83,0xc4,0x08,0x03,0xf8,0x03,0xf0,0x89,0x43,0x0c,0x89,0x7b,0x10,0x8b,0x53,
  0x04,0xc1,0xe2,0x08,0x8b,0x43,0x14,0xc1,0xe0,0x08,0x89,0x43,0x14,0x89,0x53,0x04,
  0x81,0xfa,0x00,0x00,0x00,0x01,0x72,0xac,0x8b,0xce,0x8b,0xf2,0x8b,0x14,0x24,0x8b,
  0x7c,0x24,0x0c,0x89,0x4b,0x08,0x03,0xff,0x42,0x0b,0xfd,0x83,0xfa,0x05,0x0f,0x82,
  0x4c,0xfe,0xff,0xff,0x83,0x7c,0x24,0x40,0x00,0x8b,0xfb,0x8b,0x44,0x24,0x08,0x8b,
  0x54,0x24,0x04,0x8d,0x8c,0xc2,0x2c,0x08,0x00,0x00,0x8b,0x5c,0x24,0x1c,0x8d,0xaa,
  0x34,0x08,0x00,0x00,0x0f,0x45,0xe9,0x8b,0xc8,0x89,0x6c,0x24,0x24,0x83,0xc1,0xfe,
  0x0f,0x88,0x15,0x02,0x00,0x00,0xc7,0x44,0x24,0x0c,0x01,0x00,0x00,0x00,0x8d,0x68,
  0xff,0x89,0x54,0x24,0x04,0x89,0x6c,0x24,0x20,0x33,0xed,0x89,0x44,0x24,0x08,0x89,
  0x5c,0x24,0x1c,0x89,0x7c,0x24,0x14,0x8b,0x54,0x24,0x0c,0x8b,0x44,0x24,0x24,0x8b,
  0x5c,0x24,0x1c,0xc1,0xee,0x10,0xd3,0xeb,0x0f,0xb7,0x04,0x50,0x0f,0xaf,0xf0,0x83,
  0xe3,0x01,0x0f,0x85,0x98,0x00,0x00,0x00,0x8b,0xf8,0xf7,0xdf,0x81,0xc7,0xff,0xff,
  0x00,0x00,0xc1,0xef,0x06,0x03,0xc7,0x8b,0x7c,0x24,0x24,0x66,0x89,0x04,0x57,0x8b,
  0x44,0x24,0x14,0x89,0x70,0x04,0x81,0xfe,0x00,0x00,0x00,0x01,0x0f,0x83,0x85,0x01,
  0x00,0x00,0x8b,0xf0,0x89,0x2c,0x24,0x8b,0xee,0x89,0x54,0x24,0x0c,0x8b,0x46,0x14,
  0x8b,0x7e,0x08,0x89,0x4c,0x24,0x10,0xc1,0xe8,0x18,0x88,0x07,0x47,0x3b,0x7d,0x10,
  0x72,0x2f,0x8b,0x45,0x0c,0x2b,0xf8,0x75,0x04,0x33,0xc9,0xeb,0x04,0x0f,0xbd,0xcf,
  0x41,0x83,0xc1,0x1e,0xbe,0x01,0x00,0x00,0x00,0xd3,0xe6,0x03,0xf7,0x56,0x50,0xe8,
  0x07,0x02,0x43,0x32,0x83,0xc4,0x08,0x03,0xf0,0x03,0xf8,0x89,0x45,0x0c,0x89,0x75,
  0x10,0x8b,0x75,0x04,0xc1,0xe6,0x08,0x8b,0x45,0x14,0xc1,0xe0,0x08,0x89,0x45,0x14,
  0x89,0x75,0x04,0x81,0xfe,0x00,0x00,0x00,0x01,0x72,0xac,0xe9,0x03,0x01,0x00,0x00,
  0x8b,0x7c,0x24,0x24,0x89,0x5c,0x24,0x18,0x8b,0xd8,0xc1,0xeb,0x06,0x2b,0xc3,0x66,
  0x89,0x04,0x57,0x8b,0x7c,0x24,0x14,0x8b,0x47,0x14,0x8d,0x1c,0x06,0xf7,0xde,0x03,
  0x77,0x04,0x89,0x5f,0x14,0x89,0x77,0x04,0x3b,0xc3,0x8b,0x5c,0x24,0x18,0x76,0x5a,
  0x8b,0xf7,0x8b,0x76,0x08,0x4e,0x8b,0xfe,0x0f,0xb6,0x06,0x3d,0xff,0x00,0x00,0x00,
  0x75,0x3e,0x89,0x54,0x24,0x0c,0x33,0xf6,0x89,0x4c,0x24,0x10,0x46,0x8d,0x0c,0x36,
  0xf7,0xd9,0x03,0xcf,0x0f,0xb6,0x41,0x01,0x8d,0x51,0x01,0xc6,0x41,0x02,0x00,0x3d,
  0xff,0x00,0x00,0x00,0x75,0x10,0x0f,0xb6,0x01,0x8b,0xd1,0xc6,0x41,0x01,0x00,0x3d,
  0xff,0x00,0x00,0x00,0x74,0xd6,0x8b,0xf2,0x8b,0x54,0x24,0x0c,0x8b,0x4c,0x24,0x10,
  0x40,0x88,0x06,0x8b,0x74,0x24,0x14,0x8b,0x76,0x04,0x81,0xfe,0x00,0x00,0x00,0x01,
  0x0f,0x83,0x81,0x00,0x00,0x00,0x8b,0x44,0x24,0x14,0x89,0x2c,0x24,0x89,0x54,0x24,
  0x0c,0x8b,0x78,0x08,0x8b,0x40,0x14,0x89,0x4c,0x24,0x10,0x8b,0x6c,0x24,0x14,0xc1,
  0xe8,0x18,0x88,0x07,0x47,0x3b,0x7d,0x10,0x72,0x2f,0x8b,0x45,0x0c,0x2b,0xf8,0x75,
  0x04,0x33,0xc9,0xeb,0x04,0x0f,0xbd,0xcf,0x41,0x83,0xc1,0x1e,0xbe,0x01,0x00,0x00,
  0x00,0xd3,0xe6,0x03,0xf7,0x56,0x50,0xe8,0x07,0x02,0x43,0x32,0x83,0xc4,0x08,0x03,
  0xf0,0x03,0xf8,0x89,0x45,0x0c,0x89,0x75,0x10,0x8b,0x75,0x04,0xc1,0xe6,0x08,0x8b,
  0x45,0x14,0xc1,0xe0,0x08,0x89,0x45,0x14,0x89,0x75,0x04,0x81,0xfe,0x00,0x00,0x00,
  0x01,0x72,0xac,0x89,0x6c,0x24,0x14,0x8b,0xc5,0x8b,0x2c,0x24,0x8b,0x54,0x24,0x0c,
  0x8b,0x4c,0x24,0x10,0x89,0x78,0x08,0x45,0x8d,0x04,0x53,0x83,0xe0,0x03,0x83,0xfa,
  0x02,0x0f,0x42,0xd0,0x49,0x3b,0x6c,0x24,0x20,0x0f,0x82,0x1c,0xfe,0xff,0xff,0x8b,
  0x44,0x24,0x08,0x8b,0x54,0x24,0x04,0xeb,0x02,0x33,0xc0,0x88,0x42,0x0a,0x33,0xc0,
  0x83,0xc4,0x28,0x5d,0x5b,0x5f,0x5e,0xc2,0x0c,0x00,0x66,0x0f,0x1f,0x44,0x00,0x00,
  0x56,0x83,0xb9,0xbc,0x06,0x00,0x00,0xff,0x75,0x5f,0x89,0x34,0x24,0x8b,0xf1,0x0f,
  0xbe,0x46,0x69,0x83,0xf8,0x02,0x7d,0x0b,0x8b,0xce,0xe8,0x07,0x01,0x85,0xfc,0x0f,
  0xbe,0x46,0x69,0x85,0xc0,0x0f,0x85,0xab,0x00,0x00,0x00,0x8b,0x46,0x74,0xc7,0x00,
  0x4f,0x67,0x67,0x53,0x83,0x46,0x74,0x04,0x8b,0xce,0x33,0xd2,0x0f,0xbe,0x46,0x69,
  0x50,0xe8,0x07,0x01,0x57,0xbc,0x85,0xc0,0x0f,0x84,0xcf,0x00,0x00,0x00,0xf6,0x86,
  0xb4,0x06,0x00,0x00,0x01,0x0f,0x85,0xaf,0x00,0x00,0x00,0x83,0xbe,0xbc,0x06,0x00,
  0x00,0xff,0x74,0xab,0x8b,0xce,0x8b,0x34,0x24,0x33,0xc0,0x88,0x81,0xb5,0x06,0x00,
  0x00,0x89,0x81,0xb8,0x06,0x00,0x00,0x80,0x79,0x69,0x00,0x74,0x0c,0xc7,0x81,0xd4,
  0x06,0x00,0x00,0x00,0x00,0x00,0x00,0xeb,0x46,0x0f,0xb6,0x91,0x9e,0x03,0x00,0x00,
  0xc7,0x41,0x6c,0x00,0x00,0x00,0x00,0x0f,0xb7,0x84,0x51,0xb4,0x04,0x00,0x00,0x42,
  0x88,0x91,0x9e,0x03,0x00,0x00,0x48,0x89,0x81,0xdc,0x06,0x00,0x00,0x3a,0x91,0x9f,
  0x03,0x00,0x00,0x72,0x09,0x0f,0xb6,0x81,0x9d,0x03,0x00,0x00,0xeb,0x05,0xb8,0x01,
  0x00,0x00,0x00,0x88,0x81,0x9c,0x03,0x00,0x00,0x8b,0x41,0x74,0x89,0x41,0x78,0xb8,
  0x01,0x00,0x00,0x00,0x59,0xc3,0x8b,0x86,0xc0,0x06,0x00,0x00,0x3b,0x86,0xc8,0x06,
  0x00,0x00,0x0f,0x83,0xfc,0x00,0x00,0x00,0x0f,0xb6,0x10,0x40,0x89,0x86,0xc0,0x06,
  0x00,0x00,0x83,0xfa,0x4f,0x74,0x2b,0x8b,0xce,0x8b,0x34,0x24,0xba,0x1e,0x00,0x00,
  0x00,0xe8,0x07,0x01,0xcd,0x9c,0x33,0xc0,0x59,0xc3,0x8b,0xce,0xba,0x20,0x00,0x00,
  0x00,0x8b,0x34,0x24,0xe8,0x07,0x01,0xcd,0xac,0x33,0xc0,0x59,0xc3,0x8b,0x34,0x24,
  0xeb,0xe4,0x3b,0x86,0xc8,0x06,0x00,0x00,0x0f,0x83,0x94,0x00,0x00,0x00,0x0f,0xb6,
  0x10,0x40,0x89,0x86,0xc0,0x06,0x00,0x00,0x83,0xfa,0x67,0x75,0xba,0x3b,0x86,0xc8,
  0x06,0x00,0x00,0x73,0x5e,0x0f,0xb6,0x10,0x40,0x89,0x86,0xc0,0x06,0x00,0x00,0x83,
  0xfa,0x67,0x75,0xa3,0x3b,0x86,0xc8,0x06,0x00,0x00,0x73,0x14,0x0f,0xb6,0x10,0x40,
  0x89,0x86,0xc0,0x06,0x00,0x00,0x83,0xfa,0x53,0x75,0x8c,0xe9,0xc8,0xfe,0xff,0xff,
  0x33,0xd2,0x8b,0x0e,0xe8,0x07,0x00,0x73,0xbc,0x85,0xc0,0x7f,0x14,0x8b,0xce,0x8b,
  0x34,0x24,0xc7,0x81,0x90,0x00,0x00,0x00,0x01,0x00,0x00,0x00,0xe9,0x6b,0xff,0xff,
  0xff,0x8b,0xce,0x50,0x8b,0x16,0xe8,0x07,0x00,0x71,0xac,0x8b,0x86,0xc0,0x06,0x00,
  0x00,0xeb,0xb9,0x33,0xd2,0x8b,0x0e,0xe8,0x07,0x00,0x73,0xbc,0x85,0xc0,0x7e,0xcd,
  0x8b,0xce,0x50,0x8b,0x16,0xe8,0x07,0x00,0x71,0xac,0x8b,0x86,0xc0,0x06,0x00,0x00,
  0xeb,0x83,0x33,0xd2,0x8b,0x0e,0xe8,0x07,0x00,0x73,0xbc,0x85,0xc0,0x7e,0xae,0x8b,
  0xce,0x50,0x8b,0x16,0xe8,0x07,0x00,0x71,0xac,0x8b,0x86,0xc0,0x06,0x00,0x00,0xe9,
  0x4a,0xff,0xff,0xff,0x33,0xd2,0x8b,0x0e,0xe8,0x07,0x00,0x73,0xbc,0x85,0xc0,0x7e,
  0x8c,0x8b,0xce,0x50,0x8b,0x16,0xe8,0x07,0x00,0x71,0xac,0x8b,0x86,0xc0,0x06,0x00,
  0x00,0xe9,0xe2,0xfe,0xff,0xff,0x0f,0x1f,0x00,0x0f,0x1f,0x80,0x00,0x00,0x00,0x00,
  0x55,0x8b,0xec,0x83,0xe4,0xf0,0x56,0x57,0x53,0x83,0xec,0x54,0x8b,0xf1,0x8b,0x7d,
  0x08,0x89,0x54,0x24,0x0c,0x85,0xff,0x0f,0x85,0x19,0x0b,0x00,0x00,0x8b,0x7e,0x74,
  0x8d,0x4e,0x24,0x89,0x4c,0x24,0x3c,0xc6,0x07,0x00,0x8b,0x79,0x74,0xff,0x46,0x74,
  0x0f,0xb6,0x47,0x08,0x89,0x04,0x24,0x8d,0x54,0x47,0x0c,0xe8,0x07,0x00,0x28,0xbc,
  0x8b,0xd0,0x8b,0x04,0x24,0x8d,0x1c,0x42,0x83,0xe3,0x03,0x88,0x5f,0x08,0x85,0xd2,
  0x0f,0x84,0xc5,0x00,0x00,0x00,0x0f,0xb6,0x47,0x0a,0xc1,0xe0,0x04,0x8b,0x4c,0x24,
  0x3c,0x8d,0x5c,0x38,0x34,0x89,0x5c,0x24,0x04,0x8d,0x53,0x02,0xe8,0x07,0x00,0x28,
  0xbc,0x8b,0x4c,0x24,0x3c,0x8d,0x5c,0x00,0x04,0x8b,0x44,0x24,0x04,0x89,0x1c,0x24,
  0x8d,0x14,0x18,0xe8,0x07,0x00,0x28,0xbc,0x8b,0xd8,0x03,0x1c,0x24,0x8b,0x44,0x24,
  0x04,0x8b,0x4c,0x24,0x3c,0x8d,0x14,0x58,0xe8,0x07,0x00,0x28,0xbc,0x8d,0x1c,0x58,
  0x83,0xe3,0x07,0x8d,0x43,0x01,0x89,0x44,0x24,0x04,0x4b,0x89,0x1c,0x24,0x0f,0x8c,
  0x92,0x0b,0x00,0x00,0x8b,0x4c,0x24,0x3c,0x8d,0x97,0x36,0x08,0x00,0x00,0xe8,0x07,
  0x00,0x28,0xbc,0x8b,0xc8,0x89,0x74,0x24,0x14,0x8d,0x59,0x02,0x8b,0x34,0x24,0xb8,
  0x02,0x00,0x00,0x00,0x8b,0xd7,0xeb,0x07,0x8b,0x44,0x24,0x08,0x8b,0x14,0x24,0x03,
  0xc1,0x8b,0xf8,0x83,0xe7,0x03,0x89,0x14,0x24,0x8d,0x04,0x3f,0x89,0x44,0x24,0x08,
  0x8d,0x8c,0x10,0x34,0x08,0x00,0x00,0x89,0x4c,0x24,0x10,0x4e,0x0f,0x88,0x38,0x0b,
  0x00,0x00,0x8b,0x4c,0x24,0x3c,0x8b,0x54,0x24,0x10,0xe8,0x07,0x00,0x28,0xbc,0x8b,
  0xc8,0x8d,0x1c,0x59,0x83,0xff,0x02,0x73,0xe2,0xeb,0xbd,0x33,0xdb,0x89,0x5c,0x24,
  0x04,0x8b,0x44,0x24,0x04,0x88,0x47,0x0a,0x8b,0x7e,0x74,0x33,0x5c,0x24,0x0c,0x8b,
  0x4c,0x24,0x3c,0x88,0x1f,0x8b,0xbe,0x98,0x00,0x00,0x00,0xff,0x46,0x74,0x88,0x9e,
  0xb4,0x06,0x00,0x00,0x0f,0xb6,0x9f,0x08,0x20,0x00,0x00,0x8d,0x94,0x5f,0x0c,0x20,
  0x00,0x00,0xe8,0x07,0x00,0x28,0xbc,0x8d,0x14,0x58,0x83,0xe2,0x03,0x88,0x97,0x08,
  0x20,0x00,0x00,0x85,0xc0,0x0f,0x84,0x3d,0x01,0x00,0x00,0x0f,0xb6,0x9f,0x09,0x20,
  0x00,0x00,0x8b,0x4c,0x24,0x3c,0x89,0x5c,0x24,0x04,0x8d,0x94,0x5f,0x14,0x20,0x00,
  0x00,0xe8,0x07,0x00,0x28,0xbc,0x8b,0xd8,0x8b,0x54,0x24,0x04,0x8b,0x4c,0x24,0x3c,
  0x8d,0x14,0x53,0x83,0xe2,0x03,0x88,0x97,0x09,0x20,0x00,0x00,0x0f,0xb6,0x97,0x0a,
  0x20,0x00,0x00,0xc1,0xe2,0x06,0x8d,0x94,0x3a,0x34,0x20,0x00,0x00,0x89,0x14,0x24,
  0x8d,0x52,0x02,0xe8,0x07,0x00,0x28,0xbc,0x8b,0x14,0x24,0x8d,0x44,0x00,0x04,0x8b,
  0x4c,0x24,0x3c,0x89,0x44,0x24,0x04,0x03,0xd0,0xe8,0x07,0x00,0x28,0xbc,0x89,0x44,
  0x24,0x08,0x03,0x44,0x24,0x04,0x8b,0x14,0x24,0x8b,0x4c,0x24,0x3c,0x89,0x44,0x24,
  0x08,0x8d,0x14,0x42,0xe8,0x07,0x00,0x28,0xbc,0x8b,0x54,0x24,0x08,0x8b,0x4c,0x24,
  0x3c,0x8d,0x04,0x50,0x8b,0x14,0x24,0x89,0x44,0x24,0x04,0x8d,0x14,0x42,0xe8,0x07,
  0x00,0x28,0xbc,0x8b,0x54,0x24,0x04,0x8b,0x4c,0x24,0x3c,0x8d,0x04,0x50,0x8b,0x14,
  0x24,0x89,0x44,0x24,0x08,0x8d,0x14,0x42,0xe8,0x07,0x00,0x28,0xbc,0x8b,0x54,0x24,
  0x08,0x8d,0x14,0x50,0x83,0xe2,0x1f,0x8d,0x42,0x01,0x89,0x44,0x24,0x0c,0x4a,0x89,
  0x54,0x24,0x04,0x0f,0x8c,0x31,0x0a,0x00,0x00,0x8b,0x4c,0x24,0x3c,0x8d,0x97,0x36,
  0x28,0x00,0x00,0xe8,0x07,0x00,0x28,0xbc,0x8b,0xc8,0x89,0x1c,0x24,0x8d,0x41,0x02,
  0x89,0x74,0x24,0x14,0xba,0x02,0x00,0x00,0x00,0x8b,0xd8,0x8b,0xc7,0x8b,0x7c,0x24,
  0x04,0xeb,0x08,0x8b,0x54,0x24,0x08,0x8b,0x44,0x24,0x04,0x03,0xd1,0x8b,0xf2,0x83,
  0xe6,0x0f,0x89,0x44,0x24,0x04,0x8d,0x14,0x36,0x89,0x54,0x24,0x08,0x8d,0x8c,0x02,
  0x34,0x28,0x00,0x00,0x89,0x4c,0x24,0x10,0x4f,0x0f,0x88,0xc1,0x09,0x00,0x00,0x8b,
  0x4c,0x24,0x3c,0x8b,0x54,0x24,0x10,0xe8,0x07,0x00,0x28,0xbc,0x8b,0xc8,0x8d,0x1c,
  0x59,0x83,0xfe,0x08,0x73,0xe2,0xeb,0xbb,0x33,0xdb,0x89,0x5c,0x24,0x0c,0x8b,0x54,
  0x24,0x0c,0x03,0x9f,0x00,0x20,0x00,0x00,0x88,0x97,0x0a,0x20,0x00,0x00,0x89,0x9f,
  0x00,0x20,0x00,0x00,0x8b,0x7e,0x74,0x03,0x9e,0xe4,0x06,0x00,0x00,0x8b,0x4c,0x24,
  0x3c,0x89,0x1f,0x8b,0x9e,0x98,0x00,0x00,0x00,0x83,0x46,0x74,0x04,0x0f,0xb6,0xbb,
  0x08,0x40,0x00,0x00,0x8d,0x94,0x7b,0x0c,0x40,0x00,0x00,0xe8,0x07,0x00,0x28,0xbc,
  0x8b,0xd0,0x8d,0x04,0x7a,0x83,0xe0,0x03,0x88,0x83,0x08,0x40,0x00,0x00,0x85,0xd2,
  0x0f,0x84,0x0d,0x01,0x00,0x00,0x0f,0xb6,0x83,0x09,0x40,0x00,0x00,0x8b,0x4c,0x24,
  0x3c,0x8d,0x94,0x43,0x14,0x40,0x00,0x00,0xe8,0x07,0x00,0x28,0xbc,0x8b,0xf8,0x0f,
  0xb6,0x93,0x0a,0x40,0x00,0x00,0x8b,0xc7,0xc1,0xe2,0x06,0x83,0xe0,0x01,0x88,0x83,
  0x09,0x40,0x00,0x00,0x8b,0x4c,0x24,0x3c,0x8d,0x84,0x1a,0x34,0x40,0x00,0x00,0x89,
  0x04,0x24,0x8d,0x50,0x02,0xe8,0x07,0x00,0x28,0xbc,0x8b,0x4c,0x24,0x3c,0x8d,0x54,
  0x00,0x04,0x8b,0x04,0x24,0x89,0x54,0x24,0x04,0x03,0xd0,0xe8,0x07,0x00,0x28,0xbc,
  0x89,0x44,0x24,0x08,0x8b,0xd0,0x03,0x54,0x24,0x04,0x8b,0x04,0x24,0x89,0x54,0x24,
  0x08,0x8b,0x4c,0x24,0x3c,0x8d,0x14,0x50,0xe8,0x07,0x00,0x28,0xbc,0x8b,0x54,0x24,
  0x08,0x8b,0x4c,0x24,0x3c,0x8d,0x14,0x50,0x8b,0x04,0x24,0x89,0x54,0x24,0x04,0x8d,
  0x14,0x50,0xe8,0x07,0x00,0x28,0xbc,0x8b,0x54,0x24,0x04,0x8b,0x4c,0x24,0x3c,0x8d,
  0x14,0x50,0x8b,0x04,0x24,0x89,0x54,0x24,0x08,0x8d,0x14,0x50,0xe8,0x07,0x00,0x28,
  0xbc,0x8b,0x54,0x24,0x08,0x8d,0x14,0x50,0x83,0xe2,0x1f,0x8d,0x42,0x01,0x4a,0x89,
  0x54,0x24,0x0c,0xba,0x01,0x00,0x00,0x00,0x7c,0x3f,0x89,0x3c,0x24,0x8d,0x8b,0x36,
  0x48,0x00,0x00,0x89,0x74,0x24,0x14,0x89,0x44,0x24,0x08,0x89,0x5c,0x24,0x04,0x8b,
  0xda,0x8b,0xf1,0x8b,0x7c,0x24,0x0c,0x8b,0xd6,0x8b,0x4c,0x24,0x3c,0xe8,0x07,0x00,
  0x28,0xbc,0x4f,0x8d,0x1c,0x58,0x79,0xef,0x8b,0x3c,0x24,0x8b,0xd3,0x8b,0x44,0x24,
  0x08,0x8b,0x5c,0x24,0x04,0x8b,0x74,0x24,0x14,0x8b,0xcf,0xf7,0xd9,0x33,0xd1,0x03,
  0xfa,0xeb,0x04,0x33,0xc0,0x33,0xff,0x03,0xbb,0x00,0x40,0x00,0x00,0x88,0x83,0x0a,
  0x40,0x00,0x00,0x89,0xbb,0x00,0x40,0x00,0x00,0x8b,0x5e,0x74,0x8b,0x4c,0x24,0x3c,
  0x89,0x3b,0x8b,0xbe,0x98,0x00,0x00,0x00,0x83,0x46,0x74,0x04,0x0f,0xb6,0x9f,0x08,
  0x60,0x00,0x00,0x8d,0x94,0x5f,0x0c,0x60,0x00,0x00,0xe8,0x07,0x00,0x28,0xbc,0x8d,
  0x14,0x58,0x83,0xe2,0x03,0x88,0x97,0x08,0x60,0x00,0x00,0x85,0xc0,0x0f,0x84,0x3d,
  0x01,0x00,0x00,0x0f,0xb6,0x9f,0x09,0x60,0x00,0x00,0x8b,0x4c,0x24,0x3c,0x89,0x5c,
  0x24,0x04,0x8d,0x94,0x5f,0x14,0x60,0x00,0x00,0xe8,0x07,0x00,0x28,0xbc,0x8b,0xd8,
  0x8b,0x54,0x24,0x04,0x8b,0x4c,0x24,0x3c,0x8d,0x14,0x53,0x83,0xe2,0x03,0x88,0x97,
  0x09,0x60,0x00,0x00,0x0f,0xb6,0x97,0x0a,0x60,0x00,0x00,0xc1,0xe2,0x06,0x8d,0x94,
  0x3a,0x34,0x60,0x00,0x00,0x89,0x14,0x24,0x8d,0x52,0x02,0xe8,0x07,0x00,0x28,0xbc,
  0x8b,0x14,0x24,0x8d,0x44,0x00,0x04,0x8b,0x4c,0x24,0x3c,0x89,0x44,0x24,0x08,0x03,
  0xd0,0xe8,0x07,0x00,0x28,0xbc,0x89,0x44,0x24,0x04,0x03,0x44,0x24,0x08,0x8b,0x14,
  0x24,0x8b,0x4c,0x24,0x3c,0x89,0x44,0x24,0x04,0x8d,0x14,0x42,0xe8,0x07,0x00,0x28,
  0xbc,0x8b,0x54,0x24,0x04,0x8b,0x4c,0x24,0x3c,0x8d,0x04,0x50,0x8b,0x14,0x24,0x89,
  0x44,0x24,0x08,0x8d,0x14,0x42,0xe8,0x07,0x00,0x28,0xbc,0x8b,0x54,0x24,0x08,0x8b,
  0x4c,0x24,0x3c,0x8d,0x04,0x50,0x8b,0x14,0x24,0x89,0x44,0x24,0x04,0x8d,0x14,0x42,
  0xe8,0x07,0x00,0x28,0xbc,0x8b,0x54,0x24,0x04,0x8d,0x04,0x50,0x83,0xe0,0x1f,0x8d,
  0x50,0x01,0x89,0x54,0x24,0x0c,0x48,0x89,0x44,0x24,0x08,0x0f,0x8c,0x5a,0x07,0x00,
  0x00,0x8b,0x4c,0x24,0x3c,0x8d,0x97,0x36,0x68,0x00,0x00,0xe8,0x07,0x00,0x28,0xbc,
  0x8b,0xc8,0x89,0x1c,0x24,0x8d,0x41,0x02,0x89,0x74,0x24,0x14,0xba,0x02,0x00,0x00,
  0x00,0x8b,0xd8,0x8b,0xc7,0x8b,0x7c,0x24,0x08,0xeb,0x08,0x8b,0x54,0x24,0x08,0x8b,
  0x44,0x24,0x04,0x03,0xd1,0x8b,0xf2,0x83,0xe6,0x0f,0x89,0x44,0x24,0x04,0x8d,0x14,
  0x36,0x89,0x54,0x24,0x08,0x8d,0x8c,0x02,0x34,0x68,0x00,0x00,0x89,0x4c,0x24,0x10,
  0x4f,0x0f,0x88,0xea,0x06,0x00,0x00,0x8b,0x4c,0x24,0x3c,0x8b,0x54,0x24,0x10,0xe8,
  0x07,0x00,0x28,0xbc,0x8b,0xc8,0x8d,0x1c,0x59,0x83,0xfe,0x08,0x73,0xe2,0xeb,0xbb,
  0x33,0xdb,0x89,0x5c,0x24,0x0c,0x8b,0x54,0x24,0x0c,0x03,0x9f,0x00,0x60,0x00,0x00,
  0x88,0x97,0x0a,0x60,0x00,0x00,0x89,0x9f,0x00,0x60,0x00,0x00,0x8b,0x7e,0x74,0x8b,
  0x4c,0x24,0x3c,0x89,0x1f,0x8b,0xbe,0x98,0x00,0x00,0x00,0x83,0x46,0x74,0x04,0x0f,
  0xb6,0x9f,0x08,0x80,0x00,0x00,0x8d,0x94,0x5f,0x0c,0x80,0x00,0x00,0xe8,0x07,0x00,
  0x28,0xbc,0x8d,0x14,0x58,0x83,0xe2,0x03,0x88,0x97,0x08,0x80,0x00,0x00,0x85,0xc0,
  0x0f,0x84,0x3d,0x01,0x00,0x00,0x0f,0xb6,0x9f,0x09,0x80,0x00,0x00,0x8b,0x4c,0x24,
  0x3c,0x89,0x5c,0x24,0x04,0x8d,0x94,0x5f,0x14,0x80,0x00,0x00,0xe8,0x07,0x00,0x28,
  0xbc,0x8b,0xd8,0x8b,0x54,0x24,0x04,0x8b,0x4c,0x24,0x3c,0x8d,0x14,0x53,0x83,0xe2,
  0x03,0x88,0x97,0x09,0x80,0x00,0x00,0x0f,0xb6,0x97,0x0a,0x80,0x00,0x00,0xc1,0xe2,
  0x06,0x8d,0x94,0x3a,0x34,0x80,0x00,0x00,0x89,0x14,0x24,0x8d,0x52,0x02,0xe8,0x07,
  0x00,0x28,0xbc,0x8b,0x14,0x24,0x8d,0x44,0x00,0x04,0x8b,0x4c,0x24,0x3c,0x89,0x44,
  0x24,0x08,0x03,0xd0,0xe8,0x07,0x00,0x28,0xbc,0x89,0x44,0x24,0x04,0x03,0x44,0x24,
  0x08,0x8b,0x14,0x24,0x8b,0x4c,0x24,0x3c,0x89,0x44,0x24,0x04,0x8d,0x14,0x42,0xe8,
  0x07,0x00,0x28,0xbc,0x8b,0x54,0x24,0x04,0x8b,0x4c,0x24,0x3c,0x8d,0x04,0x50,0x8b,
  0x14,0x24,0x89,0x44,0x24,0x08,0x8d,0x14,0x42,0xe8,0x07,0x00,0x28,0xbc,0x8b,0x54,
  0x24,0x08,0x8b,0x4c,0x24,0x3c,0x8d,0x04,0x50,0x8b,0x14,0x24,0x89,0x44,0x24,0x04,
  0x8d,0x14,0x42,0xe8,0x07,0x00,0x28,0xbc,0x8b,0x54,0x24,0x04,0x8d,0x04,0x50,0x83,
  0xe0,0x1f,0x8d,0x50,0x01,0x89,0x54,0x24,0x0c,0x48,0x89,0x44,0x24,0x08,0x0f,0x8c,
  0xe8,0x05,0x00,0x00,0x8b,0x4c,0x24,0x3c,0x8d,0x97,0x36,0x88,0x00,0x00,0xe8,0x07,
  0x00,0x28,0xbc,0x8b,0xc8,0x89,0x1c,0x24,0x8d,0x41,0x02,0x89,0x74,0x24,0x14,0xba,
  0x02,0x00,0x00,0x00,0x8b,0xd8,0x8b,0xc7,0x8b,0x7c,0x24,0x08,0xeb,0x08,0x8b,0x54,
  0x24,0x08,0x8b,0x44,0x24,0x04,0x03,0xd1,0x8b,0xf2,0x83,0xe6,0x0f,0x89,0x44,0x24,
  0x04,0x8d,0x14,0x36,0x89,0x54,0x24,0x08,0x8d,0x8c,0x02,0x34,0x88,0x00,0x00,0x89,
  0x4c,0x24,0x10,0x4f,0x0f,0x88,0x78,0x05,0x00,0x00,0x8b,0x4c,0x24,0x3c,0x8b,0x54,
  0x24,0x10,0xe8,0x07,0x00,0x28,0xbc,0x8b,0xc8,0x8d,0x1c,0x59,0x83,0xfe,0x08,0x73,
  0xe2,0xeb,0xbb,0x33,0xdb,0x89,0x5c,0x24,0x0c,0x03,0x9f,0x04,0x80,0x00,0x00,0x89,
  0x9f,0x04,0x80,0x00,0x00,0x8b,0x54,0x24,0x0c,0x03,0x9f,0x00,0x80,0x00,0x00,0x88,
  0x97,0x0a,0x80,0x00,0x00,0x89,0x9f,0x00,0x80,0x00,0x00,0x8b,0x7e,0x74,0x8b,0x4c,
  0x24,0x3c,0x89,0x1f,0x8b,0x5e,0x74,0x83,0xc3,0x04,0x89,0x5e,0x74,0xc7,0x03,0x00,
  0x00,0x00,0x00,0x8b,0xbe,0x98,0x00,0x00,0x00,0x83,0x46,0x74,0x04,0xc6,0x86,0x9e,
  0x03,0x00,0x00,0x00,0x0f,0xb6,0x9f,0x08,0xa0,0x00,0x00,0x8d,0x94,0x5f,0x0c,0xa0,
  0x00,0x00,0xe8,0x07,0x00,0x28,0xbc,0x8b,0xd0,0x8d,0x04,0x5a,0x83,0xe0,0x03,0x88,
  0x87,0x08,0xa0,0x00,0x00,0x85,0xd2,0x0f,0x84,0xdd,0x00,0x00,0x00,0x0f,0xb6,0x87,
  0x0a,0xa0,0x00,0x00,0xc1,0xe0,0x04,0x8b,0x4c,0x24,0x3c,0x8d,0x9c,0x38,0x34,0xa0,
  0x00,0x00,0x89,0x5c,0x24,0x04,0x8d,0x53,0x02,0xe8,0x07,0x00,0x28,0xbc,0x8b,0x4c,
  0x24,0x3c,0x8d,0x5c,0x00,0x04,0x8b,0x44,0x24,0x04,0x89,0x1c,0x24,0x8d,0x14,0x18,
  0xe8,0x07,0x00,0x28,0xbc,0x8b,0xd8,0x03,0x1c,0x24,0x8b,0x44,0x24,0x04,0x8b,0x4c,
  0x24,0x3c,0x8d,0x14,0x58,0xe8,0x07,0x00,0x28,0xbc,0x8d,0x0c,0x58,0x83,0xe1,0x07,
  0x8b,0xd1,0xc1,0xe2,0x05,0x8d,0x41,0x01,0x89,0x44,0x24,0x08,0x8d,0x9c,0x3a,0x34,
  0xa8,0x00,0x00,0x89,0x5c,0x24,0x0c,0x49,0x89,0x4c,0x24,0x04,0x0f,0x8c,0x9f,0x04,
  0x00,0x00,0x8b,0xc3,0x8b,0x4c,0x24,0x3c,0x8d,0x50,0x02,0xe8,0x07,0x00,0x28,0xbc,
  0x8b,0xc8,0x89,0x3c,0x24,0x8d,0x51,0x02,0x89,0x74,0x24,0x14,0xb8,0x02,0x00,0x00,
  0x00,0x8b,0x7c,0x24,0x04,0x8b,0xda,0x8b,0x54,0x24,0x0c,0xeb,0x08,0x8b,0x44,0x24,
  0x04,0x8b,0x54,0x24,0x0c,0x03,0xc1,0x8b,0xf0,0x83,0xe6,0x0f,0x8d,0x04,0x36,0x89,
  0x44,0x24,0x04,0x8d,0x0c,0x72,0x89,0x4c,0x24,0x10,0x4f,0x0f,0x88,0x42,0x04,0x00,
  0x00,0x8b,0x4c,0x24,0x3c,0x8b,0x54,0x24,0x10,0xe8,0x07,0x00,0x28,0xbc,0x8b,0xc8,
  0x8d,0x1c,0x59,0x83,0xfe,0x08,0x73,0xe2,0xeb,0xc3,0x33,0xd2,0x89,0x54,0x24,0x08,
  0x8b,0x44,0x24,0x08,0x33,0xdb,0x88,0x87,0x0a,0xa0,0x00,0x00,0x88,0x96,0x9f,0x03,
  0x00,0x00,0x85,0xd2,0x0f,0x86,0x5d,0x02,0x00,0x00,0x89,0x5c,0x24,0x30,0x89,0x54,
  0x24,0x24,0x8b,0x86,0x98,0x00,0x00,0x00,0x8b,0x4c,0x24,0x3c,0x89,0x5c,0x24,0x2c,
  0x0f,0xb6,0xb8,0x08,0xc0,0x00,0x00,0x89,0x44,0x24,0x28,0x8d,0x94,0x78,0x0c,0xc0,
  0x00,0x00,0xe8,0x07,0x00,0x28,0xbc,0x8b,0xc8,0x8b,0x54,0x24,0x28,0x8d,0x04,0x79,
  0x83,0xe0,0x03,0x88,0x82,0x08,0xc0,0x00,0x00,0x85,0xc9,0x0f,0x84,0xe4,0x00,0x00,
  0x00,0x8b,0xfa,0x8b,0x4c,0x24,0x3c,0x0f,0xb6,0x87,0x0a,0xc0,0x00,0x00,0xc1,0xe0,
  0x05,0x8d,0x84,0x38,0x34,0xc0,0x00,0x00,0x89,0x44,0x24,0x18,0x8d,0x50,0x02,0xe8,
  0x07,0x00,0x28,0xbc,0x8b,0x4c,0x24,0x3c,0x8d,0x7c,0x00,0x04,0x8b,0x44,0x24,0x18,
  0x89,0x7c,0x24,0x10,0x8d,0x14,0x38,0xe8,0x07,0x00,0x28,0xbc,0x8b,0xf8,0x03,0x7c,
  0x24,0x10,0x8b,0x44,0x24,0x18,0x8b,0x4c,0x24,0x3c,0x8d,0x14,0x78,0xe8,0x07,0x00,
  0x28,0xbc,0x8b,0x4c,0x24,0x3c,0x8d,0x3c,0x78,0x8b,0x44,0x24,0x18,0x8d,0x14,0x78,
  0xe8,0x07,0x00,0x28,0xbc,0x8d,0x14,0x78,0xbf,0x01,0x00,0x00,0x00,0x83,0xe2,0x0f,
  0x89,0x54,0x24,0x44,0x8d,0x42,0x01,0x7e,0x70,0xc1,0xe2,0x07,0x8b,0x4c,0x24,0x28,
  0xc7,0x44,0x24,0x0c,0x01,0x00,0x00,0x00,0xc7,0x44,0x24,0x08,0x00,0x00,0x00,0x00,
  0x89,0x5c,0x24,0x04,0x8d,0x94,0x0a,0x0c,0xc0,0x00,0x00,0x89,0x74,0x24,0x14,0x89,
  0x04,0x24,0x89,0x54,0x24,0x40,0x8b,0x5c,0x24,0x08,0x8b,0x74,0x24,0x0c,0x8b,0x44,
  0x24,0x40,0x8b,0x4c,0x24,0x3c,0x8d,0x94,0x70,0x28,0x08,0x00,0x00,0xe8,0x07,0x00,
  0x28,0xbc,0x43,0x8d,0x3c,0x78,0x8d,0x04,0x70,0x83,0xe0,0x3f,0x83,0xfe,0x20,0x0f,
  0x42,0xf0,0x3b,0x5c,0x24,0x44,0x72,0xd6,0x8b,0x04,0x24,0x8b,0x5c,0x24,0x04,0x8b,
  0x74,0x24,0x14,0xeb,0x04,0x33,0xc0,0x33,0xff,0x8b,0x54,0x24,0x28,0x89,0x7c,0x24,
  0x34,0x88,0x82,0x0a,0xc0,0x00,0x00,0x8b,0x44,0x24,0x30,0x66,0x89,0xbc,0x46,0xb4,
  0x04,0x00,0x00,0x81,0xff,0xff,0x00,0x00,0x00,0x0f,0x82,0xba,0x00,0x00,0x00,0x33,
  0xd2,0x33,0xc0,0x2b,0xd7,0x6a,0xff,0x68,0x01,0xff,0xff,0xff,0x83,0xd8,0x00,0x50,
  0x52,0xe8,0x07,0x02,0x25,0x8c,0x8b,0xd0,0x42,0x8b,0xc2,0xc1,0xe0,0x08,0x2b,0xd0,
  0x8d,0x84,0x17,0xff,0x00,0x00,0x00,0x89,0x44,0x24,0x34,0xb8,0x81,0x80,0x80,0x80,
  0xf7,0xe7,0x8b,0xc2,0xc1,0xe8,0x08,0x85,0xc0,0x0f,0x86,0x8c,0x02,0x00,0x00,0x89,
  0x44,0x24,0x38,0x33,0xc9,0x89,0x7c,0x24,0x20,0x8d,0x14,0x1e,0xb8,0xff,0x00,0x00,
  0x00,0x88,0x84,0x4a,0xb4,0x03,0x00,0x00,0x8b,0x7e,0x74,0x03,0xfb,0x88,0x44,0x4f,
  0x01,0x88,0x84,0x4a,0xb5,0x03,0x00,0x00,0x8b,0x7e,0x74,0x03,0xfb,0x88,0x44,0x4f,
  0x02,0x41,0x3b,0x4c,0x24,0x38,0x72,0xd4,0x8b,0x7c,0x24,0x20,0x8d,0x1c,0x4b,0x8d,
  0x4c,0x09,0x01,0x8d,0x41,0xff,0x89,0x44,0x24,0x1c,0xb8,0x81,0x80,0x80,0x80,0xf7,
  0xe7,0xc1,0xea,0x07,0x3b,0x54,0x24,0x1c,0x76,0x1f,0x8b,0x7c,0x24,0x2c,0xb8,0xff,
  0x00,0x00,0x00,0x8d,0x1c,0x3e,0x88,0x84,0x19,0xb3,0x03,0x00,0x00,0x8d,0x14,0x39,
  0x8d,0x1c,0x0f,0x8b,0x7e,0x74,0x88,0x04,0x17,0xff,0x44,0x24,0x30,0x83,0x7c,0x24,
  0x34,0x00,0x75,0x23,0x8b,0x44,0x24,0x30,0x3b,0x44,0x24,0x24,0x72,0x19,0x8b,0x96,
  0x88,0x00,0x00,0x00,0x81,0xc2,0x10,0x04,0x00,0x00,0x8b,0x4c,0x24,0x3c,0xe8,0x07,
  0x00,0x28,0xbc,0x85,0xc0,0x74,0x12,0x8b,0x44,0x24,0x34,0x88,0x84,0x33,0xb4,0x03,
  0x00,0x00,0x43,0x8b,0x56,0x74,0x88,0x04,0x1a,0x8b,0x44,0x24,0x30,0x3b,0x44,0x24,
  0x24,0x0f,0x82,0xab,0xfd,0xff,0xff,0x8b,0x56,0x74,0x0f,0xb6,0x04,0x1a,0x05,0x01,
  0xff,0xff,0xff,0xc1,0xe8,0x1f,0x88,0x86,0x9d,0x03,0x00,0x00,0x89,0x9e,0xb0,0x03,
  0x00,0x00,0x88,0x1a,0x8b,0x7e,0x74,0x8d,0x5c,0x3b,0x01,0x89,0x5e,0x74,0x89,0x5e,
  0x78,0xe9,0xe9,0x00,0x00,0x00,0x8b,0xce,0xe8,0x07,0x01,0x85,0xac,0x84,0xc0,0x0f,
  0x85,0x5c,0x06,0x00,0x00,0x83,0xff,0x02,0x0f,0x84,0xe6,0x05,0x00,0x00,0x8b,0xce,
  0xe8,0x07,0x01,0x85,0xac,0x88,0x86,0xb4,0x06,0x00,0x00,0x8d,0x5e,0x24,0x8b,0xce,
  0xe8,0x07,0x01,0x6f,0x2c,0x8b,0xd0,0x8b,0x86,0xe4,0x06,0x00,0x00,0x2b,0xd0,0x83,
  0xff,0x02,0x0f,0x84,0x9f,0x05,0x00,0x00,0x8b,0xce,0x8b,0x86,0x98,0x00,0x00,0x00,
  0x05,0x00,0x40,0x00,0x00,0x89,0x04,0x24,0xe8,0x07,0x01,0x6f,0x2c,0x83,0xff,0x02,
  0x0f,0x84,0xff,0x04,0x00,0x00,0x8b,0xce,0xe8,0x07,0x01,0x6f,0x2c,0x8b,0xce,0xe8,
  0x07,0x01,0x6f,0x2c,0x8b,0xce,0xe8,0x07,0x01,0x6f,0x2c,0x8b,0xce,0xc6,0x86,0x9e,
  0x03,0x00,0x00,0x00,0xe8,0x07,0x01,0x85,0xac,0x0f,0xb6,0xc0,0x8b,0x8e,0xc0,0x06,
  0x00,0x00,0x89,0x86,0xb0,0x03,0x00,0x00,0x8d,0x14,0x01,0x3b,0x96,0xc8,0x06,0x00,
  0x00,0x76,0x24,0x8b,0xce,0xba,0x0a,0x00,0x00,0x00,0xc7,0x86,0x90,0x00,0x00,0x00,
  0x01,0x00,0x00,0x00,0xe8,0x07,0x01,0xcd,0x5c,0x33,0xc0,0x83,0xc4,0x54,0x5b,0x5f,
  0x5e,0x8b,0xe5,0x5d,0xc2,0x04,0x00,0x50,0x51,0x8d,0x96,0xb4,0x03,0x00,0x00,0x52,
  0x89,0x44,0x24,0x0c,0xe8,0x07,0x01,0xfc,0xfc,0x8b,0x44,0x24,0x0c,0x83,0xc4,0x0c,
  0x01,0x86,0xc0,0x06,0x00,0x00,0x83,0xff,0x02,0x0f,0x84,0xb6,0x00,0x00,0x00,0xc7,
  0x86,0xbc,0x06,0x00,0x00,0x00,0x00,0x00,0x00,0xb8,0x01,0x00,0x00,0x00,0x83,0xc4,
  0x54,0x5b,0x5f,0x5e,0x8b,0xe5,0x5d,0xc2,0x04,0x00,0x8b,0x3c,0x24,0x8b,0x74,0x24,
  0x14,0xe9,0xdb,0xf4,0xff,0xff,0xbb,0x01,0x00,0x00,0x00,0xe9,0xd1,0xf4,0xff,0xff,
  0x8b,0x7c,0x24,0x04,0x8b,0xc3,0x8b,0x1c,0x24,0x8b,0x74,0x24,0x14,0x8b,0xd3,0xf7,
  0xda,0x33,0xc2,0x03,0xd8,0xe9,0x44,0xf6,0xff,0xb8,0x01,0x00,0x00,0x00,0xeb,0xec,
  0x0f,0x13,0x2b,0x3c,0xf8,0x86,0xbc,0x06,0x00,0x6a,0x00,0x00,0x00,0x00,0xb8,0x01,
  0x00,0x00,0x00,0x83,0xc4,0xd8,0xe9,0x44,0xf6,0xff,0xb8,0x01,
};
